年,月,日,時,分,縣市,區,死,受傷,2-30,天候,光線,道路類別,速限,道路型態,事故位置,路面鋪裝,路面狀態,路面缺陷,障礙物,視距,號誌種類,號誌動作,分向設施,快車道或一般車道間,快慢車道間,路面邊線,事故類型及型態,主要肇因,受傷程度,主要傷處,保護裝備,行動電話,當事者區分,車輛用途,當事者行動狀態,駕駛資格情形,駕駛執照種類,飲酒情形,車輛撞擊部位最初,車輛撞擊部位其他,肇事因素個別,肇事因素主要,肇事逃逸,職業,旅次目的,車種,GPS緯度,GPS經度,事故類別
2022,4,2,10,30,臺中市,潭子區,0,1,0,6,1,5,50,5,1,1,4,4,5,7,4,4,5,4,4,2,15,6,2,9,1,1,C04,7,9,1,11,2,11,,6,6,1,22,8,C04,120.699627,24.193325,2
2022,4,2,10,30,臺中市,神岡區,0,0,0,8,,,30,,,,,,,,,,,,,,,17,,,,,B03,,,1,,2,,,17,17,1,22,,B03,120.651965,24.263251,3
2022,4,2,10,31,臺中市,南屯區,0,1,0,7,1,5,40,3,7,1,4,4,5,7,4,4,1,4,4,2,16,19,3,10,1,1,B03,7,1,1,8,2,7,,19,19,1,19,8,B03,120.636665,24.155026,2
2022,4,2,10,37,臺中市,后里區,0,1,0,6,1,5,40,4,2,1,4,4,5,7,1,1,1,4,5,1,18,23,2,9,1,1,C03,7,9,1,10,2,14,,23,23,1,4,5,C03,120.680535,24.31404,2
2022,4,2,10,39,臺中市,北區,0,2,0,6,1,5,50,3,9,1,4,4,5,7,4,4,9,4,5,2,16,23,2,9,1,1,C03,7,9,1,10,2,11,,23,23,1,5,5,C03,120.686524,24.161479,2
2022,4,2,10,40,臺中市,豐原區,0,0,0,6,,,50,,,,,,,,,,,,,,,23,,,,,B03,,,1,,2,,,23,23,1,22,,B03,120.716192,24.244091,4
2022,4,2,10,43,臺中市,梧棲區,0,0,0,8,,,70,,,,,,,,,,,,,,,26,,,,,B03,,,1,,2,,,26,26,1,11,,B03,120.551731,24.244249,3
2022,4,2,10,45,臺中市,北屯區,0,0,0,8,,,50,,,,,,,,,,,,,,,23,,,,,B03,,,1,,2,,,23,23,1,21,,B03,120.686878,24.187728,3
2022,4,2,10,52,臺中市,后里區,0,0,0,6,1,5,40,3,1,1,4,4,3,1,4,4,10,5,5,1,11,9,,,,,B03,,,1,,,,,9,9,1,22,,B03,120.719462,24.310064,3
2022,4,2,10,54,臺中市,南區,0,0,0,6,,,50,,,,,,,,,,,,,,,42,,,,,B03,,,1,,2,,,42,42,1,22,,B03,120.679502,24.121082,3
2022,4,2,10,59,臺中市,北區,0,0,0,6,,,50,,,,,,,,,,,,,,,17,,,,,B12,,,1,,2,,,17,17,1,22,,B12,120.697321,24.156039,3
2022,4,2,11,0,臺中市,大雅區,0,0,0,8,,,30,,,,,,,,,,,,,,,12,,,,,A11,,,1,,2,,,12,12,1,22,,A11,120.653539,24.227428,3
2022,4,2,11,3,臺中市,北區,0,0,0,8,,,1,,,,,,,,,,,,,,,12,,,,,B12,,,1,,2,,,12,12,1,5,,B12,120.689329,24.157105,3
2022,4,2,11,5,臺中市,北區,0,2,0,6,1,5,50,4,1,1,4,4,5,7,1,1,10,5,5,2,12,16,2,7,1,1,C03,7,9,1,10,2,11,,16,16,1,5,5,C03,120.678655,24.166916,2
2022,4,2,11,7,臺中市,北屯區,0,1,0,8,1,5,50,14,8,1,4,4,5,7,4,4,5,5,4,2,16,42,3,10,1,1,B03,7,9,1,8,2,1,,42,42,1,22,8,B03,120.704653,24.186494,2
2022,4,2,11,19,臺中市,神岡區,0,0,0,6,,,50,,,,,,,,,,,,,,,7,,,,,B03,,,1,,2,,,7,7,1,21,,B03,120.699508,24.248813,3
2022,4,2,11,25,臺中市,大雅區,0,0,0,6,,,60,,,,,,,,,,,,,,,23,,,,,A12,,,1,,2,,,23,23,1,22,,A12,120.643905,24.227514,3
2022,4,2,11,30,臺中市,北區,0,2,0,6,1,5,40,14,8,1,4,4,5,7,4,4,1,4,4,2,13,23,2,9,1,1,C03,7,9,1,10,2,11,,23,23,1,22,9,C03,120.67126,24.173405,2
2022,4,2,11,34,臺中市,豐原區,0,1,0,6,1,5,50,4,1,1,4,4,5,7,1,1,1,4,5,1,17,6,3,10,1,1,B03,7,11,1,1,2,15,,6,6,1,21,8,B03,120.729324,24.25243,2
2022,4,2,11,35,臺中市,沙鹿區,0,1,0,6,1,5,30,4,1,1,4,4,5,7,4,4,10,5,5,2,15,6,2,9,1,1,C03,7,9,1,10,2,12,,6,6,1,3,5,C03,120.567214,24.251837,2
2022,4,2,11,37,臺中市,北區,0,0,0,,,,50,,,,,,,,,,,,,,,12,,,,,B03,,,1,,2,,,12,12,1,19,,B03,120.668817,24.169449,3
2022,4,2,11,39,臺中市,南屯區,0,0,0,6,,,30,,,,,,,,,,,,,,,17,,,,,B03,,,1,,,,,17,17,1,22,,B03,120.639729,24.139392,3
2022,4,2,11,45,臺中市,西屯區,0,1,0,6,1,5,50,3,1,1,4,4,5,7,4,4,10,5,5,2,14,12,3,10,3,4,B03,7,2,1,8,2,3,,12,12,1,22,8,B03,120.63886,24.17784,2
2022,4,2,11,51,臺中市,西屯區,0,2,0,6,1,5,50,3,1,1,4,4,5,7,4,4,4,3,4,2,16,6,3,10,1,1,B03,7,6,1,8,2,5,,6,6,1,22,8,B03,120.658844,24.191693,2
2022,4,2,11,52,臺中市,南屯區,0,1,0,6,1,5,50,4,1,1,4,4,5,7,1,1,5,3,4,2,17,8,3,10,1,1,B03,7,5,1,8,2,15,,8,8,1,22,8,B03,120.643846,24.1488,2
2022,4,2,11,57,臺中市,大雅區,0,1,0,6,1,5,50,3,1,1,4,4,5,6,1,1,3,4,4,1,16,10,3,10,1,1,B03,7,11,1,8,2,8,,10,10,1,22,8,B03,120.64482,24.226525,2
2022,4,2,12,0,臺中市,太平區,0,2,0,6,1,5,50,3,1,1,4,4,5,7,3,1,5,5,5,2,16,6,2,9,1,1,C03,7,5,1,10,2,11,,6,6,1,21,8,C03,120.710679,24.15028,2
2022,4,2,12,5,臺中市,西屯區,0,2,0,6,1,5,40,14,8,1,4,4,5,7,4,4,1,4,1,1,17,16,2,9,1,4,C03,7,9,1,10,2,14,,16,16,1,4,8,C03,120.655161,24.159781,2
2022,4,2,12,10,臺中市,太平區,0,1,0,6,1,5,50,14,9,1,4,4,5,7,4,4,9,4,5,2,16,23,2,8,1,1,C03,7,15,1,10,1,12,,23,23,1,5,8,C03,120.705505,24.162572,2
2022,4,2,12,10,臺中市,豐原區,0,1,0,6,1,5,50,5,2,1,4,4,5,7,1,1,5,5,5,2,16,6,3,10,3,4,B03,7,5,1,8,2,1,,6,6,1,22,9,B03,120.715503,24.247911,2
2022,4,2,12,43,臺中市,豐原區,0,0,0,6,,,40,,,,,,,,,,,,,,,11,,,,,C03,,,1,,2,,,11,11,1,22,,C03,120.730271,24.257763,3
2022,4,2,12,44,臺中市,新社區,0,1,0,6,1,5,50,14,9,1,4,4,5,7,4,4,10,5,5,2,17,26,2,9,1,1,B12,7,5,1,8,2,2,,26,26,1,20,8,B12,120.808804,24.25018,2
2022,4,2,12,46,臺中市,西區,0,1,0,6,1,5,50,4,1,1,4,4,5,7,1,1,10,5,5,2,16,6,2,9,1,1,C03,7,9,1,10,2,11,,44,6,1,22,9,C03,120.665622,24.132149,2
2022,4,2,12,57,臺中市,東區,0,0,0,6,,,50,,,,,,,,,,,,,,,23,,,,,B03,,,1,8,,,,23,23,1,5,,B03,120.695391,24.12619,3
2022,4,2,13,2,臺中市,北區,0,1,0,6,1,5,50,14,9,1,4,4,5,7,4,4,3,3,4,2,16,19,3,10,1,1,B03,7,1,1,8,2,4,,19,19,1,5,5,B03,120.686252,24.15482,2
2022,4,2,13,5,臺中市,豐原區,0,0,0,6,,,50,,,,,,,,,,,,,,,23,,,,,B12,,,1,,2,,,23,23,1,21,,B12,120.749069,24.267689,4
2022,4,2,13,18,臺中市,北屯區,0,1,0,6,1,5,50,3,1,1,4,4,5,7,4,4,10,5,5,2,16,6,3,10,1,1,B03,7,5,1,8,2,5,,6,6,1,21,8,B03,120.69051,24.173373,2
2022,4,2,13,30,臺中市,北區,0,0,0,6,,,50,,,,,,,,,,,,,,,23,,,,,B12,,,1,,1,,,23,23,1,5,,B12,120.685695,24.143194,3
2022,4,2,13,31,臺中市,北區,0,0,0,6,,,50,,,,,,,,,,,,,,,23,,,,,B03,,,1,,1,,,23,23,1,22,,B03,120.685183,24.156945,3
2022,4,2,13,35,臺中市,梧棲區,0,2,0,6,1,5,40,4,1,1,4,4,5,7,1,1,10,5,5,2,16,23,2,8,1,1,C03,7,9,1,8,2,11,,23,23,1,18,8,C03,120.538681,24.249161,2
2022,4,2,13,37,臺中市,西區,0,1,0,6,1,5,50,4,2,1,4,4,5,7,1,1,5,4,5,2,18,42,2,9,1,1,C03,7,9,1,10,2,14,,42,42,1,5,8,C03,120.655135,24.150813,2
2022,4,2,13,45,臺中市,北屯區,0,1,0,8,1,5,50,4,9,1,5,4,5,7,1,1,10,5,5,2,16,25,3,10,1,1,B03,7,9,1,8,2,1,,25,25,1,22,8,B03,120.714647,24.173779,2
2022,4,2,13,45,臺中市,龍井區,0,0,0,,,,70,,,,,,,,,,,,,,,19,,,,,B03,,,1,,2,,,19,19,1,9,,B03,120.540208,24.210711,3
2022,4,2,13,59,臺中市,北區,0,2,0,6,1,5,50,14,9,1,4,4,5,7,4,4,3,4,5,2,12,16,3,10,1,1,C03,7,9,7,19,2,11,,16,16,1,5,5,C03,120.683168,24.148037,2
2022,4,2,14,20,臺中市,南屯區,0,0,0,,,,50,,,,,,,,,,,,,,,23,,,,,B03,,,1,,1,,,23,23,1,4,,B03,120.650146,24.132532,3
2022,4,2,14,22,臺中市,南屯區,0,0,0,6,,,40,,,,,,,,,,,,,,,12,,,,,B11,,,1,,1,,,12,12,1,10,,B11,120.62009,24.12575,3
2022,4,2,14,30,臺中市,東區,0,0,0,6,,,50,,,,,,,,,,,,,,,6,,,,,B01,,,1,,2,,,6,6,1,22,,B01,120.687322,24.14146,3
2022,4,2,14,30,臺中市,太平區,0,1,0,6,1,5,30,3,1,1,4,4,5,7,4,4,10,5,5,2,16,42,3,10,1,1,B03,7,5,1,4,2,8,,42,42,1,21,8,B03,120.711765,24.158553,2
2022,4,2,14,36,臺中市,清水區,0,0,0,6,1,5,30,3,1,1,4,4,5,7,4,4,5,4,4,2,16,6,3,10,1,1,C03,7,5,1,10,2,13,,6,6,1,5,5,C03,120.576376,24.27666,3
2022,4,2,14,37,臺中市,北屯區,0,2,0,6,1,5,50,4,1,1,4,4,5,7,2,1,10,5,5,2,15,25,3,10,1,1,C03,7,9,6,10,9,11,13,25,25,2,5,8,C03,120.671565,24.17381,2
2022,4,2,14,37,臺中市,西屯區,0,0,0,6,,,50,,,,,,,,,,,,,,,12,,,,,B12,,,1,,1,,,12,12,1,22,,B12,120.62275,24.1928,3
2022,4,2,14,38,臺中市,西區,0,0,0,6,,,50,,,,,,,,,,,,,,,23,,,,,B03,,,1,,1,,,23,23,1,22,,B03,120.664446,24.149915,3
2022,4,2,14,38,臺中市,神岡區,0,0,0,6,,,30,,,,,,,,,,,,,,,6,,,,,B03,,,1,,2,,,6,6,1,22,,B03,120.658628,24.271203,3
2022,4,2,14,41,臺中市,潭子區,0,0,0,6,,,60,,,,,,,,,,,,,,,16,,,,,C03,,,1,,2,,,16,16,1,22,,C03,120.702691,24.1981,3
2022,4,2,14,45,臺中市,南屯區,0,1,0,6,1,5,50,14,7,1,4,4,5,7,4,4,1,4,5,2,17,7,3,10,1,1,B03,7,8,1,8,9,15,,7,7,1,22,9,B03,120.646388,24.134999,2
2022,4,2,14,48,臺中市,清水區,0,0,0,6,1,5,70,3,7,1,4,4,5,7,1,1,1,4,1,1,13,16,3,10,1,1,A12,7,9,1,1,2,8,4,16,16,1,5,5,A12,120.555528,24.294761,3
2022,4,2,14,49,臺中市,石岡區,0,1,0,6,1,5,50,14,13,1,4,4,5,7,4,4,5,5,5,1,18,23,2,7,1,1,C03,7,11,6,10,8,15,,23,23,1,21,8,C03,120.79141,24.272103,2
2022,4,2,14,50,臺中市,西屯區,0,0,0,6,,,50,,,,,,,,,,,,,,,23,,,,,B02,,,1,,2,,,23,23,1,22,,B02,120.651638,24.16517,3
2022,4,2,14,50,臺中市,大安區,0,0,0,6,,,50,,,,,,,,,,,,,,,6,,,,,B03,,,1,,2,,,6,6,1,22,,B03,120.602746,24.376924,3
2022,4,2,14,52,臺中市,東區,0,0,0,6,1,5,50,3,1,1,4,4,5,7,4,4,10,5,5,2,16,6,,,,,B03,,,1,,2,,,6,6,1,5,,B03,120.692472,24.143471,3
2022,4,2,15,1,臺中市,西區,0,0,0,6,,,50,,,,,,,,,,,,,,,16,,,,,B01,,,1,,1,,,16,16,1,5,,B01,120.663263,24.163328,4
2022,4,2,15,10,臺中市,沙鹿區,0,0,0,6,,,40,,,,,,,,,,,,,,,19,,,,,B03,,,1,,2,,,19,19,1,9,,B03,120.568048,24.226452,3
2022,4,2,15,20,臺中市,大肚區,0,1,0,6,1,5,30,3,1,1,4,4,5,7,4,4,10,5,5,2,16,6,2,9,1,1,C03,7,9,1,10,2,11,,6,6,1,22,7,C03,120.579206,24.169411,2
2022,4,2,15,41,臺中市,南屯區,0,0,0,6,1,5,50,4,1,1,4,4,5,7,4,4,10,5,5,2,12,10,3,10,1,1,B03,7,11,1,8,1,8,,10,10,1,22,8,B03,120.652256,24.133471,3
2022,4,2,15,50,臺中市,北屯區,0,0,0,6,,,30,,,,,,,,,,,,,,,23,,,,,B12,,,1,,1,,,23,23,1,2,,B12,120.6691,24.1743,3
2022,4,2,15,54,臺中市,中區,0,0,0,6,,,50,,,,,,,,,,,,,,,6,,,,,B03,,,1,,1,,,6,6,1,22,,B03,120.681341,24.142194,3
2022,4,2,16,0,臺中市,南屯區,0,0,0,6,,,50,,,,,,,,,,,,,,,23,,,,,B03,,,1,,2,,,23,23,1,22,,B03,120.653333,24.131111,3
2022,4,2,16,5,臺中市,潭子區,0,0,0,8,,,60,,,,,,,,,,,,,,,42,,,,,B03,,,1,,2,,,42,42,1,22,,B03,120.705347,24.211359,3
2022,4,2,16,5,臺中市,南屯區,0,1,0,7,1,5,50,3,1,1,4,4,5,7,4,4,4,4,4,2,16,6,2,9,1,1,C03,7,9,1,9,2,11,12,6,6,1,22,8,C03,120.63211,24.123113,2
2022,4,2,16,43,臺中市,北屯區,0,2,0,6,1,5,50,14,8,1,4,4,5,7,4,4,1,4,4,2,16,16,2,9,1,1,C03,7,7,1,10,2,13,,44,16,1,21,8,C03,120.662863,24.1878,2
2022,4,2,16,45,臺中市,中區,0,1,0,6,1,5,50,4,2,1,4,4,5,7,1,1,5,2,5,2,12,17,3,10,1,1,A02,7,9,1,2,2,6,,17,17,1,10,4,A02,120.681512,24.136542,2
2022,4,2,16,53,臺中市,東區,0,1,0,6,3,5,50,14,7,1,4,4,5,7,4,4,5,5,4,2,17,23,2,9,1,1,C03,7,9,1,10,2,12,,23,23,1,22,8,C03,120.703314,24.138732,2
2022,4,2,16,55,臺中市,清水區,0,1,0,6,1,5,30,3,2,1,4,4,5,5,4,4,5,5,5,1,17,26,2,9,1,1,C03,7,8,1,10,2,12,,26,26,1,22,8,C03,120.567756,24.265378,2
2022,4,2,17,2,臺中市,太平區,0,1,0,6,2,5,50,4,1,1,4,4,5,7,2,1,10,5,5,2,16,6,3,10,1,1,C03,7,5,1,10,2,12,,6,6,1,19,8,C03,120.723207,24.131922,2
2022,4,2,17,15,臺中市,北區,0,0,0,6,,,50,,,,,,,,,,,,,,,23,,,,,B12,,,1,,2,,,23,23,1,22,,B12,120.677214,24.15263,3
2022,4,2,17,15,臺中市,豐原區,0,1,0,6,1,5,50,3,1,1,4,4,5,7,1,1,5,5,5,2,17,42,3,10,3,4,C03,7,1,1,10,2,14,,42,42,1,22,8,C03,120.701063,24.249183,2
2022,4,2,17,25,臺中市,西屯區,0,0,0,,,,50,,,,,,,,,,,,,,,7,,,,,B03,,,1,,1,,,7,7,1,22,,B03,120.646326,24.164906,3
2022,4,2,17,25,臺中市,梧棲區,0,1,0,6,1,5,50,4,1,1,4,4,5,7,1,1,10,5,5,2,16,42,3,10,1,1,B12,7,6,1,7,2,5,,42,42,1,9,8,B12,120.52864,24.222348,2
2022,4,2,17,28,臺中市,西屯區,0,1,0,6,3,5,50,14,9,1,4,4,5,7,4,4,1,4,5,2,17,42,2,9,1,4,C03,7,9,1,10,2,14,,42,42,1,22,8,C03,120.669384,24.177037,2
2022,4,2,17,33,臺中市,梧棲區,0,1,0,6,1,5,30,4,1,1,4,4,5,7,1,1,10,5,5,2,15,42,3,10,1,1,B03,7,9,1,8,2,4,,42,42,1,9,8,B03,120.528426,24.222251,2
2022,4,2,17,33,臺中市,沙鹿區,0,0,0,6,,,50,,,,,,,,,,,,,,,26,,,,,B03,,,1,,2,,,26,26,1,9,,B03,120.562282,24.241267,3
2022,4,2,17,45,臺中市,南區,0,1,0,8,2,5,50,4,1,1,4,4,5,7,2,1,10,5,5,2,16,6,3,10,1,1,B03,7,5,1,8,2,1,,6,6,1,22,8,B03,120.667173,24.128845,2
2022,4,2,17,45,臺中市,南屯區,0,0,0,6,,,50,,,,,,,,,,,,,,,23,,,,,F01,,,8,,1,,,23,23,1,22,,F01,120.651944,24.138333,3
2022,4,2,17,54,臺中市,西屯區,0,1,0,6,2,5,50,3,1,1,4,4,5,7,4,4,10,5,5,2,17,42,2,9,1,1,C03,7,9,1,10,2,14,,42,42,1,22,8,C03,120.633776,24.162327,2
2022,4,2,17,58,臺中市,南屯區,0,0,0,6,,,50,,,,,,,,,,,,,,,12,,,,,B03,,,1,,1,,,12,12,1,22,,B03,120.637198,24.148923,3
2022,4,2,18,0,臺中市,西區,0,1,0,6,3,5,50,3,2,1,4,4,5,7,4,4,5,4,5,2,17,23,2,9,1,1,C03,7,9,1,10,1,11,,23,23,1,21,8,C03,120.679284,24.138263,2
2022,4,2,18,0,臺中市,南屯區,0,0,0,6,2,5,50,14,13,1,4,4,5,7,4,4,8,4,4,2,14,12,3,10,1,2,B03,7,2,1,8,2,7,,12,12,1,6,7,B03,120.613405,24.138739,3
2022,4,2,18,0,臺中市,清水區,0,0,0,6,3,5,60,4,2,1,4,4,5,7,1,1,1,1,1,1,12,23,3,10,1,1,A11,7,9,1,3,2,4,,23,23,1,5,4,A11,120.552048,24.293991,3
2022,4,2,18,6,臺中市,西區,0,0,0,6,,,30,,,,,,,,,,,,,,,42,,,,,B03,,,1,,2,,,42,42,1,21,,B03,120.663089,24.132753,3
2022,4,2,18,10,臺中市,豐原區,0,1,0,6,3,5,50,14,7,1,4,4,5,7,4,4,5,5,4,2,16,4,3,10,3,4,B03,7,5,1,8,2,5,,4,4,1,2,8,B03,120.707515,24.243825,2
2022,4,2,18,15,臺中市,北屯區,0,0,0,6,,,30,,,,,,,,,,,,,,,43,,,,,,,,,,,,,43,43,1,,,,120.7017,24.166,3
2022,4,2,18,21,臺中市,豐原區,0,0,0,6,,,50,,,,,,,,,,,,,,,16,,,,,C03,,,1,,2,,,16,16,1,21,,C03,120.719882,24.251703,3
2022,4,2,18,22,臺中市,西區,0,1,0,6,3,5,50,4,18,1,4,4,5,7,1,1,10,5,5,2,3,15,3,10,1,1,B03,7,5,1,8,1,1,,15,15,1,21,8,B03,120.675356,24.136376,2
2022,4,2,18,25,臺中市,豐原區,0,1,0,6,3,5,50,14,7,1,4,4,5,7,4,4,5,2,4,2,12,26,3,10,3,4,B12,7,7,1,8,2,4,,26,26,1,22,8,B12,120.722527,24.254719,2
2022,4,2,18,28,臺中市,沙鹿區,0,1,0,6,3,5,50,4,1,1,4,4,5,7,1,1,10,5,5,2,16,6,3,10,1,1,B03,7,5,1,8,2,8,,6,6,1,21,9,B03,120.614839,24.241916,2
2022,4,2,18,29,臺中市,南屯區,0,0,0,6,,,50,,,,,,,,,,,,,,,19,,,,,B03,,,1,8,1,,,19,19,1,12,,B03,120.640635,24.154672,3
2022,4,2,18,30,臺中市,西區,0,0,0,6,,,50,,,,,,,,,,,,,,,16,,,,,B03,,,1,8,2,,,16,16,1,5,,B03,120.653586,24.146615,3
2022,4,2,18,30,臺中市,神岡區,0,0,0,6,3,5,50,4,2,1,4,4,5,7,1,1,5,5,5,1,10,25,3,10,3,4,B03,7,9,6,8,8,1,,25,25,1,22,9,B03,120.682656,24.243715,3
2022,4,2,18,40,臺中市,南屯區,0,0,0,8,,,50,,,,,,,,,,,,,,,23,,,,,B01,,,1,,2,,,23,23,1,22,,B01,120.638888,24.134999,3
2022,4,2,18,50,臺中市,西屯區,0,0,0,6,,,50,,,,,,,,,,,,,,,7,,,,,B03,,,1,,1,,,7,7,1,22,,B03,120.64335,24.171924,3
2022,4,2,18,52,臺中市,烏日區,0,1,0,6,3,5,50,5,1,1,4,4,5,7,2,1,10,5,5,2,3,15,3,10,1,1,B03,7,5,1,8,2,5,,15,15,1,5,8,B03,120.624106,24.10273,2
2022,4,2,18,55,臺中市,太平區,0,1,0,6,3,5,50,3,2,1,4,4,5,7,4,4,5,5,5,2,17,23,2,9,1,1,F01,7,9,8,20,2,15,,23,23,1,15,8,F01,120.733548,24.154969,2
2022,4,2,18,57,臺中市,清水區,0,1,0,6,3,5,40,3,1,1,4,4,5,7,3,1,1,4,4,1,16,19,2,1,1,1,B03,7,1,1,8,2,4,,19,19,1,5,5,B03,120.574458,24.275398,2
2022,4,2,19,0,臺中市,潭子區,0,1,0,6,3,5,50,3,1,1,4,4,5,7,1,1,1,3,4,1,16,8,3,10,1,1,B02,7,5,1,8,2,8,,8,8,1,22,9,B02,120.680964,24.20751,2
2022,4,2,19,1,臺中市,烏日區,0,0,0,6,,,50,,,,,,,,,,,,,,,16,,,,,B03,,,1,,2,,,16,16,1,22,,B03,120.616675,24.114026,3
2022,4,2,19,2,臺中市,西區,0,1,0,6,3,5,50,4,1,1,4,4,5,7,2,1,10,5,5,2,16,9,3,10,1,1,B03,7,6,1,6,2,2,,9,9,1,5,8,B03,120.672769,24.135858,2
2022,4,2,19,2,臺中市,石岡區,0,1,0,6,3,5,50,14,9,1,4,4,5,7,4,4,5,5,5,1,19,23,2,9,1,1,C03,7,9,1,10,8,11,,23,23,1,9,8,C03,120.77954,24.27638,2
2022,4,2,19,10,臺中市,北屯區,0,0,0,6,,,80,,,,,,,,,,,,,,,43,,,,,B12,,,1,,1,,,43,43,1,10,,B12,120.7223,24.1889,3
2022,4,2,19,15,臺中市,西區,0,1,0,6,3,5,50,4,1,1,4,4,5,7,1,1,10,5,5,2,16,27,3,10,1,1,B03,7,6,1,8,2,2,,27,27,1,21,8,B03,120.662983,24.150864,2
2022,4,2,19,19,臺中市,豐原區,0,1,0,6,3,5,50,4,1,1,4,4,5,7,4,4,10,5,5,2,16,6,3,10,3,4,B03,7,11,1,8,2,4,,6,6,1,22,8,B03,120.715728,24.245742,2
2022,4,2,19,20,臺中市,東區,0,1,0,8,3,5,50,14,9,1,4,4,5,7,4,4,5,5,5,2,12,23,2,9,1,1,C03,7,9,1,10,2,11,,23,23,1,22,8,C03,120.701376,24.142839,2
2022,4,2,19,30,臺中市,南屯區,0,0,0,6,,,50,,,,,,,,,,,,,,,12,,,,,B03,,,1,,1,,,12,12,1,22,,B03,120.624722,24.149166,3
2022,4,2,19,39,臺中市,北區,0,0,0,6,,,50,,,,,,,,,,,,,,,23,,,,,B01,,,1,,2,,,23,23,1,21,,B01,120.688411,24.151722,3
2022,4,2,19,42,臺中市,沙鹿區,0,1,0,6,3,5,50,4,1,1,4,4,5,7,4,4,10,5,5,2,15,6,2,9,1,1,C03,7,9,1,10,2,11,,6,6,1,18,1,C03,120.564949,24.211855,2
2022,4,2,19,51,臺中市,豐原區,0,0,0,6,3,5,40,13,9,1,4,4,5,6,4,4,10,5,5,2,14,12,,,,,B03,,,1,,2,,,12,12,1,21,,B03,120.718579,24.304954,3
2022,4,2,19,59,臺中市,西屯區,0,0,0,6,,,50,,,,,,,,,,,,,,,42,,,,,B12,,,1,,1,,,42,42,1,18,,B12,120.635538,24.171317,3
2022,4,2,20,3,臺中市,北區,0,0,0,,,,50,,,,,,,,,,,,,,,7,,,,,B03,,,1,,2,,,7,7,1,5,,B03,120.683074,24.14606,3
2022,4,2,20,4,臺中市,大甲區,0,0,0,6,,,50,,,,,,,,,,,,,,,23,,,,,B03,,,1,,1,,,23,23,1,22,,B03,120.643848,24.405104,3
2022,4,2,20,8,臺中市,神岡區,0,2,0,6,3,5,50,5,1,1,4,4,5,7,1,1,5,4,4,2,13,16,2,9,1,1,C03,7,9,3,18,2,11,,16,16,1,22,8,C03,120.66433,24.258188,2
2022,4,2,20,12,臺中市,西區,0,1,0,6,3,5,40,3,1,1,4,4,5,7,4,4,1,4,1,2,17,16,3,10,3,4,C03,7,9,1,10,2,13,,44,16,1,21,8,C03,120.660452,24.156494,2
2022,4,2,20,12,臺中市,沙鹿區,0,0,0,6,3,5,60,4,2,1,4,4,5,7,1,1,3,2,3,2,13,23,3,10,1,1,B03,7,15,1,8,6,1,,23,23,1,22,9,B03,120.571621,24.242324,3
2022,4,2,20,15,臺中市,西屯區,0,0,0,6,,,50,,,,,,,,,,,,,,,26,,,,,B03,,,1,,,,,26,26,1,22,,B03,120.63666,24.168126,3
2022,4,2,20,23,臺中市,南區,0,1,0,6,3,5,40,4,1,1,4,4,5,7,1,1,10,5,5,2,18,23,2,9,1,1,C03,7,9,1,10,2,14,,23,23,1,5,8,C03,120.679222,24.126569,2
2022,4,2,20,26,臺中市,西區,0,0,0,6,,,50,,,,,,,,,,,,,,,26,,,,,B03,,,1,,1,,,26,26,1,21,,B03,120.661687,24.146708,3
2022,4,2,20,51,臺中市,北區,0,1,0,6,3,5,50,4,1,1,4,4,5,7,2,1,5,4,5,2,3,15,3,10,1,1,B03,7,5,1,8,2,4,,15,15,1,22,8,B03,120.674055,24.165996,2
2022,4,2,20,55,臺中市,外埔區,0,1,0,6,3,5,50,3,1,1,4,4,5,7,1,1,10,5,5,2,16,23,3,10,1,1,B12,7,9,1,8,2,8,,23,23,1,5,8,B12,120.637381,24.342737,2
2022,4,2,21,8,臺中市,西區,0,1,0,6,3,5,60,14,7,1,4,4,5,7,4,4,1,4,1,2,13,16,3,10,1,1,B03,7,9,1,8,2,1,,16,16,1,5,8,B03,120.661153,24.156379,2
2022,4,2,21,26,臺中市,北區,0,0,0,6,,,40,,,,,,,,,,,,,,,12,,,,,B03,,,1,,2,,,12,12,1,21,,B03,120.684959,24.159118,3
2022,4,2,21,33,臺中市,西屯區,0,2,0,6,3,5,50,14,9,1,4,4,5,7,4,4,1,4,5,2,13,16,2,8,1,1,C03,7,9,1,10,2,11,,16,16,1,22,8,C03,120.650021,24.167016,2
2022,4,2,21,45,臺中市,太平區,0,3,0,8,3,5,30,4,9,1,4,4,5,7,4,4,10,5,5,2,15,6,2,1,1,1,B03,7,9,1,8,2,1,,6,6,1,9,5,B03,120.719724,24.149926,2
2022,4,2,21,48,臺中市,大甲區,0,0,0,6,,,70,,,,,,,,,,,,,,,23,,,,,B03,,,1,,1,,,23,23,1,22,,B03,120.651326,24.38114,3
2022,4,2,21,58,臺中市,東區,0,1,0,6,3,5,50,5,1,1,4,4,5,7,1,1,10,5,5,2,17,1,3,10,1,1,C03,7,4,1,10,11,14,,1,1,1,21,8,C03,120.689838,24.138339,2
2022,4,2,22,3,臺中市,北區,0,0,0,,,,30,,,,,,,,,,,,,,,23,,,,,B12,,,1,,2,,,23,23,1,21,,B12,120.686179,24.153818,3
2022,4,2,22,19,臺中市,西區,0,1,0,6,3,5,50,3,1,1,4,4,5,7,4,4,10,5,5,2,17,23,3,10,1,1,B03,7,9,1,8,1,1,,23,23,1,3,8,B03,120.668272,24.136977,2