年,月,日,時,分,縣市,區,死,受傷,2-30,天候,光線,道路類別,速限,道路型態,事故位置,路面鋪裝,路面狀態,路面缺陷,障礙物,視距,號誌種類,號誌動作,分向設施,快車道或一般車道間,快慢車道間,路面邊線,事故類型及型態,主要肇因,受傷程度,主要傷處,保護裝備,行動電話,當事者區分,車輛用途,當事者行動狀態,駕駛資格情形,駕駛執照種類,飲酒情形,車輛撞擊部位最初,車輛撞擊部位其他,肇事因素個別,肇事因素主要,肇事逃逸,職業,旅次目的,車種,GPS緯度,GPS經度,事故類別
2022,4,5,16,22,臺中市,沙鹿區,0,1,0,8,1,5,60,3,1,1,5,4,5,7,1,1,10,5,5,2,17,42,3,10,1,1,B03,7,15,1,8,2,15,,42,42,1,9,5,B03,120.556388,24.212777,2
2022,4,5,16,24,臺中市,梧棲區,0,1,0,8,1,5,50,14,13,1,5,4,5,7,4,4,5,5,5,1,17,43,2,8,1,1,C03,7,9,1,10,2,11,,43,43,1,20,8,C03,120.537333,24.244022,2
2022,4,5,16,34,臺中市,西區,0,1,0,8,1,5,50,4,1,1,5,4,5,7,1,1,10,5,5,2,16,26,3,10,1,1,B03,7,6,1,8,2,5,,26,26,1,4,5,B03,120.668282,24.142494,2
2022,4,5,16,39,臺中市,太平區,0,0,0,8,,,50,,,,,,,,,,,,,,,23,,,,,B03,,,1,,1,,,23,23,1,21,,B03,120.713263,24.135577,3
2022,4,5,16,50,臺中市,南屯區,0,1,0,8,1,5,50,4,1,1,5,4,5,7,2,1,10,5,5,2,17,42,3,10,1,1,C03,7,9,1,10,2,11,,42,42,1,22,8,C03,120.646802,24.146809,2
2022,4,5,16,51,臺中市,南區,0,1,0,8,1,5,50,4,1,1,5,4,5,7,1,1,10,5,5,2,16,6,3,10,1,1,B03,7,6,1,8,2,2,,6,6,1,22,9,B03,120.66868,24.128911,2
2022,4,5,16,52,臺中市,后里區,0,2,0,8,1,5,30,14,9,1,5,4,5,7,4,4,10,5,5,2,11,10,3,10,1,1,B03,7,11,1,8,2,1,,10,10,1,4,6,B03,120.701163,24.325966,2
2022,4,5,17,5,臺中市,大雅區,0,1,0,8,1,5,30,14,9,1,5,4,5,7,4,4,10,5,5,2,17,23,3,10,1,1,C03,7,9,1,10,2,11,,23,23,1,22,9,C03,120.628733,24.239729,2
2022,4,5,17,12,臺中市,太平區,0,0,0,8,,,50,,,,,,,,,,,,,,,12,,,,,B03,,,1,,3,,,12,12,1,22,,B03,120.713333,24.125277,3
2022,4,5,17,16,臺中市,沙鹿區,0,1,0,8,1,5,50,14,7,1,5,4,5,7,4,4,3,4,4,2,3,23,2,8,1,1,C03,7,9,1,10,2,11,,23,23,1,22,9,C03,120.558652,24.230515,2
2022,4,5,17,17,臺中市,中區,0,0,0,8,,,50,,,,,,,,,,,,,,,9,,,,,B03,,,1,,1,,,9,9,1,4,,B03,120.67917,24.146024,3
2022,4,5,17,25,臺中市,清水區,0,0,0,8,,,40,,,,,,,,,,,,,,,23,,,,,B03,,,1,,2,,,23,23,1,22,,B03,120.546984,24.274631,3
2022,4,5,17,36,臺中市,西區,0,1,0,8,1,5,50,14,9,1,5,4,5,7,4,4,10,5,5,2,16,6,3,10,1,1,B03,7,5,1,8,2,5,,6,6,1,4,5,B03,120.675819,24.133989,2
2022,4,5,17,41,臺中市,東區,0,1,0,8,1,5,50,5,1,1,5,4,5,7,2,1,10,5,5,2,16,6,3,10,1,1,B03,7,5,1,10,2,2,,6,6,1,22,8,B03,120.692484,24.147902,2
2022,4,5,17,45,臺中市,太平區,0,1,0,8,1,5,40,11,9,1,5,4,5,7,4,4,5,5,5,1,19,13,2,9,1,1,C01,7,9,1,9,2,11,,13,13,1,22,8,C01,120.808065,24.095749,2
2022,4,5,17,48,臺中市,太平區,0,1,0,8,3,5,50,14,9,1,5,4,5,7,4,4,5,5,5,2,18,23,2,9,1,1,C03,7,9,1,10,1,12,,23,23,1,21,8,C03,120.724661,24.123962,2
2022,4,5,17,59,臺中市,大甲區,0,2,0,8,1,5,50,5,2,1,5,4,5,7,4,4,5,5,5,1,17,40,3,10,2,1,B03,7,13,1,8,2,4,,40,40,1,2,8,B03,120.617738,24.347782,2
2022,4,5,18,10,臺中市,太平區,0,1,0,8,1,5,50,14,9,1,5,4,5,7,4,4,5,4,5,1,12,19,2,9,1,1,C03,7,1,1,10,2,14,,19,19,1,6,8,C03,120.715,24.126666,2
2022,4,5,18,11,臺中市,潭子區,0,2,0,8,1,8,50,14,9,1,5,4,5,7,4,4,5,4,5,1,16,26,2,8,1,1,C03,7,11,1,10,2,12,,26,26,1,22,9,C03,120.706788,24.211249,2
2022,4,5,18,29,臺中市,西屯區,0,1,0,8,3,5,40,14,8,1,5,4,5,7,4,4,1,4,4,2,13,16,3,10,1,1,C03,7,9,1,10,2,11,,16,16,1,22,8,C03,120.658494,24.176213,2
2022,4,5,18,29,臺中市,烏日區,0,0,0,8,,,50,,,,,,,,,,,,,,,16,,,,,B03,,,1,,2,,,16,16,1,21,,B03,120.638134,24.107693,4
2022,4,5,18,30,臺中市,南屯區,0,2,0,8,2,5,50,14,7,1,5,4,5,7,4,4,5,4,4,2,17,26,2,9,1,5,F01,7,11,8,20,2,16,,26,26,1,22,9,F01,120.649963,24.129374,2
2022,4,5,18,30,臺中市,北屯區,0,1,0,8,3,5,50,4,1,1,5,4,5,7,4,4,10,5,5,2,15,6,2,9,1,1,C03,7,9,1,9,2,12,,6,6,1,21,8,C03,120.703446,24.179908,2
2022,4,5,18,34,臺中市,后里區,0,0,0,8,,,50,,,,,,,,,,,,,,,6,,,,,B03,,,1,,2,,,6,6,1,22,,B03,120.715464,24.309963,3
2022,4,5,18,37,臺中市,南屯區,0,1,0,8,3,5,50,3,1,1,5,4,5,7,4,4,10,5,5,2,16,6,3,10,1,1,B03,7,5,1,8,2,4,,6,6,1,22,8,B03,120.652161,24.153598,2
2022,4,5,18,38,臺中市,北區,0,1,0,8,3,5,50,3,1,1,5,4,5,7,1,1,10,5,5,2,15,25,3,10,1,1,C03,7,1,1,10,2,11,,25,25,1,22,8,C03,120.685093,24.157602,2
2022,4,5,18,40,臺中市,北區,0,0,0,8,,,50,,,,,,,,,,,,,,,43,,,,,B03,,,1,,1,,,43,43,1,22,,B03,120.677808,24.165462,3
2022,4,5,18,50,臺中市,神岡區,0,1,0,8,1,5,50,3,1,1,5,4,5,7,1,1,5,4,4,2,17,37,3,10,1,1,B12,7,5,1,8,11,15,,37,37,1,12,8,B12,120.662168,24.257859,2
2022,4,5,18,55,臺中市,大雅區,0,0,0,8,,,50,,,,,,,,,,,,,,,16,,,,,B03,,,1,,9,,,16,16,1,22,,B03,120.644511,24.209732,3
2022,4,5,18,58,臺中市,豐原區,0,0,0,8,,,50,,,,,,,,,,,,,,,23,,,,,B03,,,1,,,,,23,23,1,22,,B03,120.732776,24.255401,4
2022,4,5,19,11,臺中市,北屯區,0,0,0,,,,50,,,,,,,,,,,,,,,6,,,,,B03,,,1,,2,,,6,6,1,22,,B03,120.710986,24.174951,3
2022,4,5,19,13,臺中市,后里區,0,3,0,8,3,5,40,14,8,1,5,4,5,7,4,4,9,4,4,1,1,23,2,9,1,1,C03,7,9,1,10,2,12,,23,23,1,22,8,C03,120.718477,24.302681,2
2022,4,5,19,26,臺中市,南區,0,0,0,,,,50,,,,,,,,,,,,,,,12,,,,,B03,,,1,,2,,,12,12,1,22,,B03,120.669551,24.128985,3
2022,4,5,19,28,臺中市,豐原區,0,1,0,8,3,5,50,4,9,1,5,4,5,7,1,1,3,5,5,2,16,6,3,10,3,4,B03,7,6,1,8,2,2,,6,6,1,22,8,B03,120.709146,24.250503,2
2022,4,5,19,37,臺中市,豐原區,0,2,0,8,3,5,50,14,9,1,5,4,5,7,4,4,4,5,5,1,17,8,2,9,1,1,C03,7,5,1,10,2,13,,8,8,1,4,5,C03,120.731994,24.25033,2
2022,4,5,19,41,臺中市,西區,0,0,0,8,,,50,,,,,,,,,,,,,,,23,,,,,B03,,,1,,1,,,23,23,1,21,,B03,120.672255,24.136306,3
2022,4,5,19,43,臺中市,南屯區,0,0,0,8,3,5,50,14,7,1,5,4,5,7,4,4,5,4,4,2,17,42,,,,,C03,,,1,,,,,42,42,1,22,,C03,120.635108,24.146223,3
2022,4,5,19,45,臺中市,北屯區,0,2,0,8,3,5,50,4,18,1,5,4,5,7,1,1,10,5,5,2,3,15,3,10,1,1,B12,7,6,1,8,2,5,,15,15,1,21,8,B12,120.699012,24.160645,2
2022,4,5,19,50,臺中市,大甲區,0,1,0,8,3,5,60,14,13,1,5,4,5,7,4,4,1,4,4,1,17,22,2,9,1,1,C03,7,9,1,10,2,11,,22,22,1,4,8,C03,120.64259,24.407429,2
2022,4,5,20,0,臺中市,清水區,0,0,0,8,,,50,,,,,,,,,,,,,,,23,,,,,C03,,,1,,9,,,23,23,2,21,,C03,120.575326,24.272113,3
2022,4,5,20,1,臺中市,大雅區,0,0,0,8,,,50,,,,,,,,,,,,,,,26,,,,,C03,,,1,,2,,,26,26,1,22,,C03,120.630003,24.241184,3
2022,4,5,20,12,臺中市,南區,0,0,0,8,3,5,25,4,1,1,5,4,5,7,1,1,10,5,5,2,18,21,3,10,2,1,F02,7,9,8,20,8,14,,21,21,1,21,8,F02,120.68161,24.129498,3
2022,4,5,20,14,臺中市,豐原區,0,1,0,8,3,5,50,3,1,1,5,4,5,7,4,4,10,5,5,2,13,23,3,10,1,1,C03,7,9,1,10,2,11,,23,23,1,22,8,C03,120.731505,24.251883,2
2022,4,5,20,15,臺中市,太平區,0,0,0,8,,,80,,,,,,,,,,,,,,,23,,,,,B03,,,1,,2,,,23,23,1,22,,B03,120.714717,24.149327,3
2022,4,5,20,20,臺中市,北屯區,0,0,0,8,,,50,,,,,,,,,,,,,,,6,,,,,B03,,,1,,1,,,6,6,1,21,,B03,120.719015,24.175331,3
2022,4,5,20,28,臺中市,沙鹿區,0,0,0,8,,,60,,,,,,,,,,,,,,,7,,,,,A41,,,1,,2,,,7,7,1,10,,A41,120.575172,24.252479,3
2022,4,5,20,35,臺中市,太平區,0,1,0,8,3,5,50,3,1,1,5,4,5,7,1,1,5,5,5,2,3,23,3,10,1,1,B03,7,9,1,8,2,5,,23,23,1,21,8,B03,120.709461,24.159219,2
2022,4,5,20,45,臺中市,東區,0,0,0,,,,50,,,,,,,,,,,,,,,23,,,,,B03,,,1,,2,,,23,23,1,22,,B03,120.687868,24.136529,3
2022,4,5,20,47,臺中市,北屯區,0,2,0,8,3,5,50,14,9,1,5,4,5,7,4,4,1,4,5,2,13,23,2,9,1,1,C03,7,9,1,10,2,11,,23,23,1,18,8,C03,120.695339,24.183015,2
2022,4,5,20,52,臺中市,梧棲區,0,0,0,8,3,5,70,3,2,1,5,4,5,7,1,1,1,4,3,1,12,2,3,10,1,1,C03,7,9,1,10,7,14,,2,2,1,20,8,C03,120.547726,24.245631,3
2022,4,5,20,58,臺中市,潭子區,0,2,0,8,3,5,60,4,1,1,5,4,5,7,2,1,10,5,5,2,15,4,3,10,1,1,C03,7,9,1,10,2,11,,4,4,1,22,8,C03,120.702513,24.194427,2
2022,4,5,21,0,臺中市,南區,0,0,0,8,,,50,,,,,,,,,,,,,,,67,,,,,,,,,,,,,67,67,1,,,,120.684133,24.13034,3
2022,4,5,21,23,臺中市,西屯區,0,0,0,8,,,50,,,,,,,,,,,,,,,2,,,,,B03,,,1,,1,,,2,2,1,22,,B03,120.65674,24.200548,3
2022,4,5,21,48,臺中市,潭子區,0,2,0,8,3,5,60,3,1,1,5,4,5,7,1,1,10,5,5,2,13,16,2,9,1,1,C03,7,9,1,10,2,11,,16,16,1,22,8,C03,120.704597,24.204588,2
2022,4,5,21,52,臺中市,西屯區,0,0,0,8,,,50,,,,,,,,,,,,,,,8,,,,,B12,,,1,,1,,,8,8,1,22,,B12,120.650123,24.183499,3
2022,4,5,22,10,臺中市,沙鹿區,0,1,0,8,3,5,50,13,9,1,5,4,5,7,4,4,4,3,5,1,15,14,3,10,1,1,B02,7,9,1,8,2,5,,14,14,1,3,8,B02,120.571125,24.224819,2
2022,4,5,22,13,臺中市,南屯區,0,1,0,8,3,5,50,4,1,1,5,4,5,7,1,1,10,5,5,2,16,1,3,10,1,1,C03,7,4,1,10,1,14,,1,1,1,22,8,C03,120.632569,24.145406,2
2022,4,5,23,6,臺中市,西屯區,0,4,0,8,3,5,30,4,9,1,5,4,5,7,4,4,10,5,5,2,16,6,2,9,3,4,C03,7,9,1,10,2,14,,6,6,1,22,8,C03,120.664631,24.167723,2
2022,4,5,23,7,臺中市,大雅區,0,2,0,8,3,5,30,4,1,1,5,4,5,7,3,1,10,5,5,2,15,6,2,8,1,1,C03,7,9,1,10,2,12,,6,6,1,22,8,C03,120.662898,24.221591,2
2022,4,6,0,38,臺中市,中區,0,2,0,8,1,5,30,4,1,1,5,4,5,7,4,4,10,5,5,2,15,6,2,9,1,1,C03,7,9,1,10,2,12,,6,6,1,5,5,C03,120.679751,24.147071,2
2022,4,6,0,45,臺中市,北屯區,0,2,0,8,3,5,50,4,2,1,5,4,5,7,2,1,5,5,5,2,13,23,2,9,3,4,C02,7,9,4,10,2,14,,23,23,1,21,8,C02,120.70235,24.169849,2
2022,4,6,1,9,臺中市,南屯區,0,1,0,8,1,5,50,4,1,1,5,4,5,7,2,1,10,5,5,2,16,6,3,10,1,1,B01,7,5,1,4,2,4,,6,6,1,10,8,B01,120.648198,24.12951,2
2022,4,6,1,13,臺中市,龍井區,0,0,0,8,,,40,,,,,,,,,,,,,,,12,,,,,B03,,,3,,2,,,12,12,1,22,,B03,120.584636,24.186798,3
2022,4,6,3,42,臺中市,西屯區,0,0,0,8,,,40,,,,,,,,,,,,,,,23,,,,,B03,,,1,,2,,,23,23,1,22,,B03,120.624383,24.178531,3
2022,4,6,6,15,臺中市,西區,0,2,0,8,1,5,50,3,9,1,5,4,5,7,4,4,5,5,5,1,16,6,2,9,1,1,C03,7,6,6,10,2,14,,6,6,1,21,8,C03,120.667886,24.143326,2
2022,4,6,6,33,臺中市,西屯區,0,0,0,8,,,40,,,,,,,,,,,,,,,23,,,,,B03,,,1,,1,,,23,23,1,22,,B03,120.626719,24.173931,3
2022,4,6,6,50,臺中市,后里區,0,1,0,8,1,5,60,14,8,1,5,4,5,7,1,1,4,3,4,1,13,16,2,9,2,1,B12,7,9,1,8,2,1,,16,16,1,22,8,B12,120.731123,24.337007,2
2022,4,6,6,55,臺中市,大里區,0,0,0,8,1,5,50,14,8,1,5,4,5,7,4,4,5,5,4,2,29,17,,,,,A05,,,1,,2,,,17,17,1,5,,A05,120.703666,24.107283,3
2022,4,6,6,59,臺中市,西區,0,1,0,8,1,5,50,3,1,1,5,4,5,7,2,1,10,5,5,2,2,15,3,10,1,1,B03,7,5,1,8,2,1,,15,15,1,5,5,B03,120.661678,24.141244,2
2022,4,6,7,4,臺中市,南屯區,0,0,0,8,,,50,,,,,,,,,,,,,,,12,,,,,B03,,,1,,11,,,12,12,1,4,,B03,120.640739,24.148775,3
2022,4,6,7,10,臺中市,南屯區,0,0,0,8,2,5,50,4,1,1,5,4,5,7,2,1,10,5,5,2,12,17,3,10,1,1,B03,7,9,1,8,1,4,,17,17,1,2,1,B03,120.653017,24.140121,3
2022,4,6,7,10,臺中市,烏日區,0,1,0,8,1,5,50,3,1,1,5,4,5,7,4,4,5,4,4,2,17,6,3,10,1,1,B03,7,1,1,8,2,4,,6,6,1,21,8,B03,120.637257,24.111191,2
2022,4,6,7,18,臺中市,豐原區,0,0,0,8,,,60,,,,,,,,,,,,,,,17,,,,,A12,,,1,,2,,,17,17,1,22,,A12,120.703872,24.251725,3
2022,4,6,7,19,臺中市,南區,0,1,0,8,1,5,50,14,9,1,5,4,5,7,1,1,1,5,5,2,13,23,3,10,1,1,B03,7,14,1,8,2,1,,23,23,1,22,8,B03,120.669948,24.12315,2
2022,4,6,7,22,臺中市,石岡區,0,0,0,8,,,70,,,,,,,,,,,,,,,23,,,,,B03,,,1,,1,,,23,23,1,22,,B03,120.775794,24.274043,3
2022,4,6,7,23,臺中市,西屯區,0,0,0,8,,,40,,,,,,,,,,,,,,,16,,,,,B03,,,1,,,,,16,16,1,22,,B03,120.635836,24.181833,3
2022,4,6,7,26,臺中市,西區,0,2,0,8,1,5,30,14,9,1,5,4,5,7,4,4,10,5,5,2,16,10,2,7,1,1,C03,7,11,1,10,2,11,,10,10,1,21,8,C03,120.665914,24.130107,2
2022,4,6,7,30,臺中市,西屯區,0,0,0,8,,,80,,,,,,,,,,,,,,,16,,,,,B03,,,1,,1,,,16,16,1,5,,B03,120.627781,24.160841,3
2022,4,6,7,39,臺中市,南屯區,0,2,0,8,1,5,40,15,22,1,5,4,5,7,4,4,9,4,5,2,9,42,2,9,1,1,C03,7,9,1,10,2,11,,42,42,1,22,8,C03,120.649362,24.136932,2
2022,4,6,7,42,臺中市,南屯區,0,0,0,,,,50,,,,,,,,,,,,,,,12,,,,,B03,,,1,,1,,,12,12,1,22,,B03,120.647325,24.135898,3
2022,4,6,7,43,臺中市,梧棲區,0,0,0,8,,,50,,,,,,,,,,,,,,,6,,,,,B03,,,1,,2,,,6,6,1,9,,B03,120.532745,24.256136,3
2022,4,6,7,47,臺中市,西區,0,1,0,8,1,5,50,3,1,1,5,4,5,7,2,1,10,5,5,2,16,6,3,10,1,1,C03,7,5,1,10,2,11,,6,6,1,5,1,C03,120.673562,24.136581,2
2022,4,6,7,49,臺中市,梧棲區,0,1,0,8,1,5,50,4,1,1,5,4,5,7,1,1,10,5,5,2,3,15,3,10,1,1,B03,7,5,1,8,2,8,,15,15,1,19,8,B03,120.533033,24.259908,2
2022,4,6,7,50,臺中市,西區,0,1,0,8,1,5,50,3,1,1,5,4,5,7,4,4,10,5,5,2,16,9,3,10,1,1,B03,7,6,1,8,2,5,,9,9,1,21,8,B03,120.666944,24.129942,2
2022,4,6,8,0,臺中市,西區,0,1,0,8,1,5,50,4,2,1,5,4,5,7,1,1,5,4,5,2,16,1,3,10,1,1,B03,7,8,1,8,2,2,,1,1,1,21,8,B03,120.66576,24.136553,2
2022,4,6,8,7,臺中市,北屯區,0,1,0,8,1,5,50,14,9,1,5,4,5,7,4,4,5,4,5,2,16,7,3,10,1,1,C03,7,7,1,10,2,11,14,7,7,1,5,8,C03,120.701388,24.169916,2
2022,4,6,8,9,臺中市,梧棲區,0,2,0,8,1,5,50,3,1,1,5,4,5,7,4,4,10,5,5,2,16,1,2,9,1,1,C03,7,9,1,10,2,12,,1,1,1,18,2,C03,120.533388,24.231559,2
2022,4,6,8,14,臺中市,東區,0,1,0,8,1,5,50,4,1,1,5,4,5,7,1,1,9,4,4,2,17,42,3,10,1,1,C03,7,9,1,10,2,15,,42,42,1,4,1,C03,120.687868,24.136529,2
2022,4,6,8,25,臺中市,西屯區,0,0,0,8,,,40,,,,,,,,,,,,,,,23,,,,,B03,,,1,,1,,,23,23,1,5,,B03,120.614705,24.183226,3
2022,4,6,8,28,臺中市,北區,0,0,0,8,,,50,,,,,,,,,,,,,,,9,,,,,B03,,,1,,1,,,9,9,1,22,,B03,120.677826,24.163328,3
2022,4,6,8,39,臺中市,烏日區,0,0,0,8,,,30,,,,,,,,,,,,,,,16,,,,,B01,,,1,,2,,,16,16,1,22,,B01,120.618802,24.113023,3
2022,4,6,8,40,臺中市,烏日區,0,0,0,8,,,30,,,,,,,,,,,,,,,7,,,,,B02,,,1,,,,,7,7,1,21,,B02,120.616219,24.111672,3
2022,4,6,8,40,臺中市,沙鹿區,0,1,0,8,1,5,30,4,1,1,5,4,5,7,4,4,9,5,5,2,16,6,2,9,1,1,C03,7,9,1,10,2,11,,6,6,1,22,8,C03,120.569522,24.230333,2
2022,4,6,8,45,臺中市,北屯區,0,0,0,8,,,30,,,,,,,,,,,,,,,23,,,,,B03,,,1,,1,,,23,23,1,4,,B03,120.7365,24.1768,3
2022,4,6,8,46,臺中市,中區,0,0,0,8,,,50,,,,,,,,,,,,,,,16,,,,,B03,,,1,,1,,,16,16,1,5,,B03,120.678871,24.139116,3
2022,4,6,8,47,臺中市,北屯區,0,1,0,8,1,5,50,4,1,1,5,4,5,7,1,1,5,4,5,2,12,43,3,10,1,1,B03,7,9,1,8,2,5,,43,43,1,22,8,B03,120.719208,24.175849,2
2022,4,6,8,50,臺中市,東勢區,0,0,0,8,,,50,,,,,,,,,,,,,,,23,,,,,B03,,,1,,11,,,23,23,1,22,,B03,120.832394,24.2516,3
2022,4,6,8,51,臺中市,南區,0,0,0,,,,50,,,,,,,,,,,,,,,7,,,,,B02,,,1,,2,,,7,7,1,4,,B02,120.661221,24.122035,3
2022,4,6,8,52,臺中市,北屯區,0,2,0,8,1,5,40,14,7,1,5,4,5,7,4,4,5,5,4,2,16,19,2,9,4,5,F01,7,1,8,20,2,16,,19,19,1,5,8,F01,120.669746,24.17746,2
2022,4,6,8,57,臺中市,西區,0,0,0,,,,40,,,,,,,,,,,,,,,7,,,,,B03,,,1,,2,,,7,7,1,21,,B03,120.658463,24.157328,3
2022,4,6,8,57,臺中市,南屯區,0,1,0,8,1,5,40,3,1,1,5,4,5,7,1,1,10,5,5,2,15,25,2,9,1,1,C03,7,9,1,10,2,14,,25,25,1,22,8,C03,120.602329,24.150177,2
2022,4,6,9,0,臺中市,石岡區,0,2,0,8,1,5,30,12,9,1,5,4,5,7,4,4,10,5,5,2,11,4,2,9,1,1,C03,7,9,1,10,2,11,,4,4,1,22,9,C03,120.814775,24.253356,2
2022,4,6,9,0,臺中市,東勢區,0,0,0,8,,,40,,,,,,,,,,,,,,,26,,,,,C03,,,1,,11,,,26,26,1,22,,C03,120.832676,24.237115,3
2022,4,6,9,1,臺中市,西區,0,0,0,8,,,50,,,,,,,,,,,,,,,7,,,,,B03,,,1,,1,,,7,7,1,21,,B03,120.666907,24.153208,3
2022,4,6,9,8,臺中市,西屯區,0,0,0,8,,,30,,,,,,,,,,,,,,,43,,,,,B12,,,1,,2,,,43,43,1,22,,B12,120.656813,24.207453,3
2022,4,6,9,10,臺中市,清水區,0,0,0,,,,70,,,,,,,,,,,,,,,23,,,,,B03,,,1,,2,,,23,23,1,5,,B03,120.581002,24.301469,3
2022,4,6,9,18,臺中市,北屯區,0,2,0,8,1,5,30,3,1,1,5,4,5,7,4,4,10,5,5,2,16,1,2,9,1,1,C03,7,4,1,10,2,12,14,1,1,1,5,8,C03,120.665596,24.185546,2
2022,4,6,9,24,臺中市,潭子區,0,0,0,8,1,5,50,4,1,1,5,4,5,7,1,1,5,2,5,2,12,17,,,,,B03,,,1,,2,,,17,17,1,22,,B03,120.70515,24.215575,3
2022,4,6,9,25,臺中市,烏日區,0,0,0,8,1,2,60,14,8,1,5,4,5,7,1,1,8,3,4,1,13,16,3,10,1,1,B03,7,1,1,8,2,1,,16,16,1,5,1,B03,120.603102,24.108063,3
2022,4,6,9,29,臺中市,西屯區,0,0,0,8,,,30,,,,,,,,,,,,,,,23,,,,,B03,,,1,,1,,,23,23,1,5,,B03,120.611198,24.184835,3
2022,4,6,9,33,臺中市,太平區,0,0,0,8,,,50,,,,,,,,,,,,,,,7,,,,,A12,,,1,,1,,,7,7,1,9,,A12,120.709468,24.13525,3
2022,4,6,9,35,臺中市,西區,0,1,0,8,1,5,50,4,1,1,5,4,5,7,2,1,10,5,5,2,15,25,3,10,1,1,B03,7,9,1,8,2,2,,25,25,1,5,8,B03,120.666736,24.141067,2
2022,4,6,9,35,臺中市,西區,0,0,0,8,,,50,,,,,,,,,,,,,,,12,,,,,B12,,,1,,2,,,12,12,1,21,,B12,120.660745,24.152424,3
2022,4,6,9,39,臺中市,沙鹿區,0,1,0,8,1,5,50,3,8,1,5,4,5,7,1,1,5,5,4,2,17,9,3,10,1,1,B12,7,6,1,8,2,2,,9,9,1,9,7,B12,120.568888,24.220277,2
2022,4,6,9,42,臺中市,南屯區,0,1,0,8,1,5,50,14,8,1,5,4,4,7,4,4,1,4,4,2,17,42,3,10,1,1,B12,7,15,1,8,2,15,,42,42,1,22,8,B12,120.629411,24.151152,2
2022,4,6,9,43,臺中市,沙鹿區,0,2,0,8,1,5,30,4,1,1,5,4,5,7,4,4,9,5,5,2,16,6,2,9,1,1,C03,7,9,1,10,2,11,,6,6,1,18,8,C03,120.570068,24.216204,2
2022,4,6,9,45,臺中市,潭子區,0,0,1,8,1,5,50,14,9,1,5,4,5,7,4,4,5,4,5,1,26,22,5,9,1,1,A11,7,9,1,3,2,5,,22,22,1,22,9,A11,120.722824,24.2144,2
2022,4,6,9,46,臺中市,烏日區,0,2,0,8,1,5,60,14,9,1,5,4,5,7,4,4,1,4,5,1,13,16,2,9,1,1,C03,7,9,1,10,2,11,12,16,16,1,21,8,C03,120.644748,24.109579,2
2022,4,6,9,50,臺中市,西區,0,0,0,,,,50,,,,,,,,,,,,,,,23,,,,,B03,,,1,,1,,,23,23,1,21,,B03,120.657058,24.151427,3
2022,4,6,9,55,臺中市,南屯區,0,0,0,8,1,5,30,14,9,1,5,4,4,7,4,4,10,5,5,2,17,40,3,10,1,1,B12,7,14,1,8,2,4,,40,40,1,22,8,B12,120.608344,24.13496,3
2022,4,6,10,0,臺中市,北屯區,0,1,0,8,1,5,30,14,9,1,5,4,5,7,4,4,1,4,5,2,9,19,3,10,1,1,C03,7,1,1,10,2,11,,19,19,1,2,8,C03,120.6901,24.1823,2
2022,4,6,10,11,臺中市,大雅區,0,1,0,8,1,5,30,4,1,1,5,4,5,7,4,4,10,5,5,2,15,6,2,1,1,1,B03,7,9,1,8,2,2,,6,6,1,21,8,B03,120.654498,24.211053,2
2022,4,6,10,17,臺中市,大雅區,0,1,0,8,1,5,50,14,7,1,5,4,5,7,4,4,5,2,4,1,13,16,2,9,1,1,C03,7,9,4,7,2,11,,16,16,1,22,9,C03,120.635145,24.214758,2
2022,4,6,10,20,臺中市,北屯區,0,1,0,8,1,5,50,14,9,1,5,4,5,7,4,4,1,4,5,2,17,19,3,10,1,1,C03,7,1,2,18,2,14,,19,19,1,21,8,C03,120.701089,24.179631,2
2022,4,6,10,33,臺中市,北屯區,0,1,0,8,1,5,50,4,1,1,5,4,5,7,1,1,10,5,5,2,16,6,2,9,1,1,B03,7,9,1,8,2,5,,23,6,1,22,8,B03,120.721581,24.162541,2
2022,4,6,10,42,臺中市,北屯區,0,0,0,8,,,30,,,,,,,,,,,,,,,6,,,,,B03,,,1,,1,,,6,6,1,4,,B03,120.719651,24.170056,3
2022,4,6,10,58,臺中市,西區,0,0,0,8,,,50,,,,,,,,,,,,,,,18,,,,,B12,,,1,,2,,,18,18,1,21,,B12,120.673215,24.136492,3
2022,4,6,11,12,臺中市,沙鹿區,0,2,0,8,1,5,50,4,2,1,5,4,5,7,4,4,9,5,5,2,17,8,2,9,1,1,C03,7,5,1,10,2,11,,8,8,1,4,8,C03,120.574012,24.222275,2
2022,4,6,11,14,臺中市,豐原區,0,1,0,8,1,5,50,4,7,1,5,4,5,7,1,1,5,4,4,2,13,23,3,10,1,1,B12,7,9,1,8,2,1,,23,23,1,21,8,B12,120.713963,24.25346,2
2022,4,6,11,19,臺中市,西屯區,0,0,0,8,,,50,,,,,,,,,,,,,,,42,,,,,B12,,,1,,,,,42,42,1,22,,B12,120.624613,24.178365,3
2022,4,6,11,20,臺中市,南屯區,0,2,0,8,1,5,50,4,1,1,5,4,5,7,1,1,5,4,4,2,17,6,3,10,1,1,C03,7,5,1,10,2,14,,6,6,1,22,8,C03,120.635706,24.148613,2
2022,4,6,11,20,臺中市,龍井區,0,0,0,,,,50,,,,,,,,,,,,,,,23,,,,,B03,,,1,,2,,,23,23,1,22,,B03,120.54019,24.210471,3
2022,4,6,11,20,臺中市,清水區,0,0,0,8,1,5,50,14,9,1,5,4,5,7,4,4,5,5,5,2,16,23,3,10,1,1,B03,7,11,1,,2,5,,23,23,2,20,5,B03,120.575316,24.267345,3