年,月,日,時,分,縣市,區,死,受傷,2-30,天候,光線,道路類別,速限,道路型態,事故位置,路面鋪裝,路面狀態,路面缺陷,障礙物,視距,號誌種類,號誌動作,分向設施,快車道或一般車道間,快慢車道間,路面邊線,事故類型及型態,主要肇因,受傷程度,主要傷處,保護裝備,行動電話,當事者區分,車輛用途,當事者行動狀態,駕駛資格情形,駕駛執照種類,飲酒情形,車輛撞擊部位最初,車輛撞擊部位其他,肇事因素個別,肇事因素主要,肇事逃逸,職業,旅次目的,車種,GPS緯度,GPS經度,事故類別
2022,4,6,20,34,臺中市,西屯區,0,1,0,8,3,5,40,5,2,1,5,4,5,7,1,1,9,4,4,2,9,43,3,10,1,1,A02,7,9,1,2,2,15,,43,43,1,22,8,A02,120.665039,24.166898,2
2022,4,6,20,50,臺中市,潭子區,0,2,0,8,3,5,50,14,9,1,5,4,5,7,4,4,5,2,5,1,12,16,2,9,1,1,C03,7,9,1,10,2,11,,16,16,1,22,8,C03,120.700715,24.214042,2
2022,4,6,20,52,臺中市,北屯區,0,0,0,6,,,50,,,,,,,,,,,,,,,7,,,,,B03,,10,1,8,1,8,,7,7,1,21,8,B03,120.718311,24.180151,3
2022,4,6,20,55,臺中市,太平區,0,1,0,8,3,5,50,4,1,1,5,4,5,7,1,1,5,5,5,2,16,9,3,10,1,1,B03,7,6,1,8,1,2,,9,9,1,21,8,B03,120.712993,24.15902,2
2022,4,6,21,15,臺中市,豐原區,0,0,0,8,,,50,,,,,,,,,,,,,,,23,,,,,B03,,,1,,2,,,23,23,1,22,,B03,120.719153,24.247769,3
2022,4,6,21,23,臺中市,沙鹿區,0,1,0,8,4,5,50,14,8,1,5,4,5,7,1,1,1,3,4,1,17,6,3,10,1,1,B03,7,6,1,8,2,15,,6,6,1,8,9,B03,120.621054,24.242287,2
2022,4,6,21,26,臺中市,西區,0,2,0,8,3,5,50,4,4,1,5,4,5,7,2,1,5,2,5,2,13,23,2,8,1,1,C03,7,14,1,10,2,11,,23,23,1,4,8,C03,120.677263,24.140206,2
2022,4,6,21,30,臺中市,外埔區,0,0,0,,,,50,,,,,,,,,,,,,,,12,,,,,B03,,,1,,1,,,12,12,1,22,,B03,120.65787,24.320813,4
2022,4,6,21,55,臺中市,大甲區,0,1,0,8,3,5,50,15,9,1,5,4,5,7,4,4,10,4,5,1,16,6,3,10,1,1,B03,7,6,1,8,2,5,,6,6,1,5,8,B03,120.63013,24.34018,2
2022,4,6,22,6,臺中市,西區,0,0,0,,,,50,,,,,,,,,,,,,,,42,,,,,C03,,,4,,9,,,42,42,1,5,,C03,120.669657,24.146703,3
2022,4,6,22,10,臺中市,南區,0,1,0,8,4,5,50,14,7,1,5,4,5,7,4,4,9,5,4,2,27,66,,,,,,,,,,,,,66,66,1,,,,120.671998,24.12039,2
2022,4,6,22,51,臺中市,東區,0,1,0,8,3,5,50,3,1,1,5,4,5,7,2,1,10,5,5,2,16,6,3,10,1,1,B03,7,5,1,8,2,8,,6,6,1,21,8,B03,120.694331,24.144695,2
2022,4,6,23,27,臺中市,西屯區,0,0,0,8,,,50,,,,,,,,,,,,,,,16,,,,,C03,,,1,,2,,,16,16,1,22,,C03,120.644219,24.175774,3
2022,4,6,23,30,臺中市,中區,0,1,0,8,3,5,50,15,9,1,5,4,5,7,4,4,3,4,5,2,13,23,3,10,1,1,B03,7,9,1,8,2,1,,23,23,1,22,8,B03,120.684197,24.136743,2
2022,4,6,23,30,臺中市,南區,0,0,0,8,,,40,,,,,,,,,,,,,,,42,,,,,C03,,,1,,2,,,42,42,1,22,,C03,120.656165,24.123649,3
2022,4,6,23,31,臺中市,西屯區,0,0,0,8,,,50,,,,,,,,,,,,,,,16,,,,,B03,,,1,,2,,,16,16,1,22,,B03,120.645826,24.172163,3
2022,4,6,23,35,臺中市,北屯區,0,2,0,8,3,5,50,4,1,1,5,4,5,7,4,4,10,5,5,2,15,6,2,3,1,1,C03,7,9,1,10,2,11,,6,6,1,22,8,C03,120.715928,24.171395,2
2022,4,6,23,42,臺中市,霧峰區,0,2,0,8,3,5,40,3,2,1,5,4,5,7,3,1,5,5,5,1,11,26,2,9,1,1,C03,7,1,1,10,2,12,,26,26,1,4,5,C03,120.710699,24.077107,2
2022,4,7,0,20,臺中市,西屯區,0,0,0,8,,,40,,,,,,,,,,,,,,,42,,,,,B03,,,1,,2,,,42,42,1,22,,B03,120.648685,24.170516,3
2022,4,7,1,15,臺中市,北屯區,0,0,0,8,,,50,,,,,,,,,,,,,,,43,,,,,F03,,,,,,,,43,43,1,,,F03,120.710743,24.171801,3
2022,4,7,1,34,臺中市,霧峰區,0,1,0,8,3,5,50,3,1,1,5,4,5,7,3,1,10,5,5,2,16,9,3,10,1,1,B03,7,6,1,8,2,2,,9,9,1,18,9,B03,120.68504,24.047542,2
2022,4,7,1,50,臺中市,南屯區,0,0,0,8,,,40,,,,,,,,,,,,,,,18,,,,,B03,,,1,,2,,,18,18,1,22,,B03,120.614943,24.145301,3
2022,4,7,3,22,臺中市,西屯區,0,1,0,8,3,5,50,4,9,1,5,4,5,7,2,1,10,5,5,2,16,25,2,9,3,4,C03,7,9,1,10,2,11,,25,25,1,22,8,C03,120.656111,24.165431,2
2022,4,7,4,35,臺中市,北屯區,0,1,1,8,3,5,50,14,12,1,5,4,5,6,4,4,1,4,5,2,1,60,5,9,4,5,H01,8,16,8,20,10,16,,60,60,1,20,8,H01,120.72023,24.162903,2
2022,4,7,5,35,臺中市,大甲區,0,2,0,8,1,5,30,4,1,1,5,4,5,7,3,1,10,5,5,2,15,6,2,8,1,1,C03,7,9,1,10,2,11,,6,6,1,6,4,C03,120.625151,24.34024,2
2022,4,7,6,26,臺中市,沙鹿區,0,2,0,8,1,5,50,3,1,1,5,4,5,7,1,1,1,2,4,2,16,25,2,9,1,1,C03,7,9,1,10,2,12,,25,25,1,22,8,C03,120.556749,24.222639,2
2022,4,7,7,5,臺中市,潭子區,0,4,0,8,1,5,50,5,1,1,5,4,5,7,1,1,1,4,4,1,16,23,2,9,1,1,C03,7,9,1,10,2,11,,23,23,1,22,9,C03,120.697634,24.216572,2
2022,4,7,7,5,臺中市,龍井區,0,0,0,8,,,50,,,,,,,,,,,,,,,6,,,,,B03,,,1,,2,,,6,6,1,21,,B03,120.54,24.2,3
2022,4,7,7,9,臺中市,北屯區,0,0,0,8,,,50,,,,,,,,,,,,,,,6,,,,,B03,,,1,,2,,,6,6,1,21,,B03,120.692425,24.194144,3
2022,4,7,7,10,臺中市,沙鹿區,0,0,0,8,,,50,,,,,,,,,,,,,,,26,,,,,A11,,,1,,2,,,26,26,1,10,,A11,120.582216,24.224506,3
2022,4,7,7,15,臺中市,北屯區,0,1,0,8,1,5,50,4,2,1,5,4,5,7,1,1,1,2,4,2,17,7,2,9,1,1,C03,7,7,1,10,2,11,,7,7,1,21,8,C03,120.69957,24.160526,2
2022,4,7,7,19,臺中市,后里區,0,1,0,7,2,5,60,14,13,1,5,4,5,5,4,4,10,5,5,1,16,8,3,10,1,1,B03,7,5,1,8,2,5,,8,8,1,9,1,B03,120.696315,24.313163,2
2022,4,7,7,20,臺中市,神岡區,0,0,0,8,,,50,,,,,,,,,,,,,,,6,,,,,B03,,,1,,2,,,6,6,1,12,,B03,120.678068,24.250455,3
2022,4,7,7,21,臺中市,沙鹿區,0,2,0,8,1,5,30,11,9,1,5,4,5,1,4,4,10,5,5,2,11,42,2,9,1,1,C03,7,9,1,10,2,14,,42,42,1,4,8,C03,120.568696,24.250037,2
2022,4,7,7,27,臺中市,后里區,0,0,0,8,2,5,50,3,2,1,5,4,5,7,2,1,1,4,5,1,13,23,,,,,B03,,,1,,2,,,23,23,1,22,,B03,120.722502,24.302866,3
2022,4,7,7,32,臺中市,南區,0,1,0,8,1,5,50,7,11,1,5,4,5,7,4,4,1,5,5,1,13,16,3,10,1,1,C03,7,9,1,10,2,11,,16,16,1,22,8,C03,120.658391,24.127513,2
2022,4,7,7,35,臺中市,太平區,0,1,0,8,1,5,30,3,1,1,5,4,5,7,4,4,10,5,5,2,16,6,3,10,1,1,B03,7,9,1,8,2,8,,6,6,1,22,5,B03,120.752678,24.123536,2
2022,4,7,7,41,臺中市,南屯區,0,0,0,8,2,5,50,14,2,1,5,4,5,7,4,4,3,4,5,2,12,7,3,10,1,1,B12,7,7,1,8,2,7,4,7,7,1,10,4,B12,120.61653,24.153576,3
2022,4,7,7,41,臺中市,北屯區,0,1,0,8,1,5,50,14,9,1,5,4,3,7,4,4,3,4,5,2,2,23,3,10,1,1,C03,7,9,1,10,2,11,,23,23,1,22,8,C03,120.700364,24.18262,2
2022,4,7,7,44,臺中市,東區,0,0,0,,,,50,,,,,,,,,,,,,,,16,,,,,B03,,,1,,2,,,16,16,1,22,,B03,120.702613,24.138361,3
2022,4,7,7,46,臺中市,西屯區,0,1,0,8,1,5,30,11,9,1,5,4,5,7,4,4,10,5,5,2,18,42,2,9,3,4,C03,7,9,1,10,2,14,,42,42,1,22,8,C03,120.619441,24.195565,2
2022,4,7,7,46,臺中市,梧棲區,0,1,0,8,1,5,50,4,2,1,5,4,5,7,1,1,10,5,5,2,16,43,3,10,1,1,B03,7,6,1,8,2,6,,43,43,1,22,8,B03,120.537104,24.242361,2
2022,4,7,7,47,臺中市,南屯區,0,1,0,8,1,5,50,4,1,1,5,4,5,7,4,4,10,5,5,2,16,6,2,9,1,1,C03,7,5,1,10,2,11,,6,6,1,22,8,C03,120.64355,24.142899,2
2022,4,7,7,50,臺中市,潭子區,0,0,0,8,,,80,,,,,,,,,,,,,,,23,,,,,B03,,,1,,2,,,23,23,1,22,,B03,120.700895,24.201308,3
2022,4,7,7,50,臺中市,豐原區,0,1,0,8,1,5,50,3,2,1,5,4,5,7,4,4,5,5,4,2,17,26,2,9,3,4,C03,7,5,1,10,2,12,,26,26,1,22,8,C03,120.699325,24.248538,2
2022,4,7,7,55,臺中市,烏日區,0,0,0,,,,50,,,,,,,,,,,,,,,23,,,,,B03,,,1,,2,,,23,23,1,22,,B03,120.628657,24.104482,3
2022,4,7,8,7,臺中市,西屯區,0,0,0,8,,,30,,,,,,,,,,,,,,,43,,,,,C03,,,1,,2,,,43,43,1,22,,C03,120.646685,24.181726,3
2022,4,7,8,23,臺中市,北區,0,1,0,8,1,5,50,4,1,1,5,4,5,7,1,1,10,5,5,2,12,6,3,10,1,1,B03,7,6,1,7,2,2,,6,6,1,22,9,B03,120.670845,24.16455,2
2022,4,7,8,25,臺中市,神岡區,0,1,0,8,1,5,50,14,7,1,5,4,5,7,4,4,9,5,4,2,16,10,3,10,1,1,B03,7,11,1,8,2,8,,10,10,1,21,8,B03,120.656861,24.263663,2
2022,4,7,8,30,臺中市,南屯區,0,0,0,8,1,5,50,11,2,1,5,4,5,7,4,4,1,4,5,2,12,6,3,10,1,1,B12,7,7,1,8,2,7,,6,6,1,10,4,B12,120.61722,24.15374,3
2022,4,7,8,30,臺中市,神岡區,0,1,0,8,1,5,50,4,1,1,5,4,5,7,1,1,1,4,4,2,18,42,2,9,1,1,C03,7,5,1,10,2,11,,42,42,1,12,8,C03,120.708962,24.259443,2
2022,4,7,8,41,臺中市,南屯區,0,2,0,8,1,5,50,4,2,1,5,4,5,7,1,1,5,2,5,2,13,26,2,9,1,1,C03,7,9,1,10,2,11,,26,26,1,22,8,C03,120.633406,24.149745,2
2022,4,7,9,28,臺中市,太平區,0,0,0,8,,,50,,,,,,,,,,,,,,,10,,,,,B03,,,1,,2,,,10,10,1,22,,B03,120.733888,24.157777,3
2022,4,7,9,44,臺中市,烏日區,0,2,0,7,1,5,70,3,1,1,5,4,5,7,1,1,1,4,4,1,12,9,3,10,1,1,B03,7,6,1,7,2,6,,9,9,1,22,8,B03,120.611197,24.10757,2
2022,4,7,9,45,臺中市,北區,0,0,0,8,,,50,,,,,,,,,,,,,,,19,,,,,B03,,,1,,,,,19,19,1,22,,B03,120.674728,24.166745,3
2022,4,7,9,49,臺中市,南屯區,0,1,0,8,1,5,50,14,9,1,5,4,5,7,4,4,5,5,5,2,17,35,3,10,1,1,G03,7,14,1,8,2,1,,35,35,1,22,8,G03,120.62686,24.139705,2
2022,4,7,9,50,臺中市,西屯區,0,0,0,8,,,30,,,,,,,,,,,,,,,19,,,,,B03,,,1,,2,,,19,19,1,22,,B03,120.650007,24.158528,3
2022,4,7,9,50,臺中市,神岡區,0,0,0,8,,,30,,,,,,,,,,,,,,,17,,,,,B03,,,1,,2,,,17,17,1,21,,B03,120.71364,24.257683,3
2022,4,7,9,51,臺中市,太平區,0,1,0,8,1,5,50,4,1,1,5,4,5,7,1,1,5,5,5,2,16,8,3,10,1,1,B03,7,5,1,8,2,4,,8,8,1,21,8,B03,120.719045,24.1423,2
2022,4,7,9,52,臺中市,梧棲區,0,0,0,,,,50,,,,,,,,,,,,,,,43,,,,,B03,,,1,,2,,,43,43,1,3,,B03,120.545684,24.2418,3
2022,4,7,9,54,臺中市,太平區,0,0,0,8,,,50,,,,,,,,,,,,,,,23,,,,,C03,,,1,,2,,,23,23,1,22,,C03,120.723355,24.134128,3
2022,4,7,9,55,臺中市,南屯區,0,1,0,8,1,5,50,4,1,1,5,4,5,7,2,1,10,5,5,2,16,8,3,10,1,1,B03,7,5,1,8,2,6,,8,8,1,22,8,B03,120.649817,24.150845,2
2022,4,7,10,2,臺中市,南區,0,2,0,8,1,5,50,4,1,1,5,4,5,6,1,1,5,4,4,2,16,6,2,9,1,1,C03,7,5,1,10,2,12,,6,6,1,22,8,C03,120.670816,24.114975,2
2022,4,7,10,2,臺中市,北屯區,0,2,0,8,1,5,50,5,1,1,5,4,5,7,1,1,10,5,5,2,16,26,2,9,1,1,C03,7,5,4,11,2,11,14,26,26,1,5,8,C03,120.68954,24.180435,2
2022,4,7,10,4,臺中市,南屯區,0,0,0,8,1,5,50,14,9,1,5,4,5,7,4,4,4,2,5,2,17,23,3,10,1,1,B12,7,9,1,8,1,2,,23,23,1,22,8,B12,120.652768,24.138133,3
2022,4,7,10,10,臺中市,北區,0,0,0,8,,,30,,,,,,,,,,,,,,,43,,,,,,,,,,,,,43,43,1,,,,120.667508,24.167511,3
2022,4,7,10,12,臺中市,北屯區,0,0,0,8,,,50,,,,,,,,,,,,,,,12,,,,,C03,,,1,,9,,,12,12,1,22,,C03,120.69911,24.175762,3
2022,4,7,10,18,臺中市,南屯區,0,0,0,8,1,5,50,4,2,1,5,4,5,7,1,1,5,5,5,2,13,42,3,10,1,1,A02,7,9,1,1,1,1,,42,42,1,22,8,A02,120.645077,24.129514,3
2022,4,7,10,20,臺中市,神岡區,0,0,0,8,,,50,,,,,,,,,,,,,,,7,,,,,B03,,,1,,2,,,7,7,1,12,,B03,120.696001,24.24859,3
2022,4,7,10,23,臺中市,南區,0,1,0,8,1,5,50,4,2,1,5,4,5,7,1,1,5,4,4,2,13,16,2,9,1,1,C03,7,9,1,10,2,11,,16,16,1,22,8,C03,120.678313,24.132569,2
2022,4,7,10,30,臺中市,太平區,0,0,0,8,,,50,,,,,,,,,,,,,,,40,,,,,A41,,,1,,,,,40,40,1,10,,A41,120.715833,24.103333,3
2022,4,7,10,40,臺中市,北屯區,0,1,0,8,1,5,50,4,1,1,5,4,5,7,4,4,10,5,5,2,17,26,3,10,1,1,B03,7,5,1,8,2,1,,26,26,1,21,8,B03,120.717463,24.181346,2
2022,4,7,10,43,臺中市,東勢區,0,2,0,8,1,5,30,14,9,1,5,4,5,7,4,4,10,5,5,2,11,42,2,9,1,1,C03,7,9,1,10,2,11,,42,42,1,22,8,C03,120.833498,24.228476,2
2022,4,7,10,45,臺中市,南屯區,0,0,0,8,1,5,50,14,9,1,5,4,5,7,4,4,1,4,5,2,14,12,3,10,1,1,B03,7,2,1,8,1,3,,12,12,1,6,7,B03,120.627441,24.148342,3
2022,4,7,10,54,臺中市,北區,0,2,0,8,1,5,40,14,8,1,5,4,5,7,4,4,3,4,4,2,16,23,2,2,1,1,C03,7,6,1,10,2,13,,43,23,1,22,8,C03,120.69444,24.157536,2
2022,4,7,11,11,臺中市,梧棲區,0,1,0,8,1,5,50,3,1,1,5,4,1,7,4,4,10,5,5,2,16,23,2,7,1,1,C03,7,9,1,10,2,11,,23,23,1,4,8,C03,120.534729,24.262297,2
2022,4,7,11,21,臺中市,北屯區,0,0,0,6,,,50,,,,,,,,,,,,,,,26,,,,,B03,,,1,8,2,5,,26,26,1,21,8,B03,120.732917,24.161173,3
2022,4,7,11,25,臺中市,沙鹿區,0,0,0,8,,,50,,,,,,,,,,,,,,,6,,,,,C03,,,1,,2,,,6,6,1,22,,C03,120.570164,24.230088,3
2022,4,7,11,30,臺中市,清水區,0,1,0,8,1,5,50,3,2,1,5,4,5,7,4,4,1,4,4,2,12,7,2,9,1,1,C03,7,7,1,10,2,14,,7,7,1,20,5,C03,120.578088,24.276886,2
2022,4,7,11,41,臺中市,北屯區,0,1,0,8,1,8,30,3,1,1,5,4,5,7,4,4,10,5,5,2,16,6,2,8,1,1,C03,7,5,1,10,2,11,,6,6,1,21,8,C03,120.671183,24.182236,2
2022,4,7,11,42,臺中市,西區,0,0,0,8,,,50,,,,,,,,,,,,,,,12,,,,,B03,,,1,,,,,12,12,1,5,,B03,120.671134,24.138699,3
2022,4,7,11,46,臺中市,梧棲區,0,0,0,,,,50,,,,,,,,,,,,,,,18,,,,,B03,,,1,,2,,,18,18,1,5,,B03,120.537868,24.259946,3
2022,4,7,11,47,臺中市,南屯區,0,1,0,8,1,5,50,4,1,1,5,4,5,7,2,1,10,5,5,2,16,6,3,10,1,1,B12,7,5,1,8,2,5,,6,6,1,12,1,B12,120.647819,24.146813,2
2022,4,7,11,53,臺中市,南區,0,0,0,7,1,5,50,14,9,1,5,4,5,7,4,4,5,5,5,2,17,42,3,10,1,1,B12,7,14,1,8,,8,,42,42,1,21,8,B12,120.668113,24.116373,3
2022,4,7,12,4,臺中市,沙鹿區,0,1,0,8,1,5,50,3,1,1,5,4,5,7,2,1,10,5,5,2,17,42,3,10,1,1,C03,7,15,1,10,2,12,,42,42,1,18,7,C03,120.569957,24.225173,2
2022,4,7,12,5,臺中市,南屯區,0,0,0,8,1,5,50,4,2,1,5,4,5,7,4,4,5,5,4,2,17,35,3,10,1,1,B11,7,9,1,3,2,6,,35,35,1,22,8,B11,120.65412,24.143946,3
2022,4,7,12,20,臺中市,南屯區,0,1,0,8,1,5,50,4,1,1,5,4,5,7,1,1,5,4,4,2,17,44,2,9,1,1,C03,7,9,1,10,2,11,,26,44,1,22,8,C03,120.61219,24.138553,2
2022,4,7,12,20,臺中市,大甲區,0,0,0,8,,,50,,,,,,,,,,,,,,,23,,,,,B11,,,1,,1,,,23,23,1,22,,B11,120.622008,24.346332,3
2022,4,7,12,21,臺中市,西區,0,0,0,8,,,50,,,,,,,,,,,,,,,10,,,,,B03,,,1,,1,,,10,10,1,5,,B03,120.65664,24.147366,3
2022,4,7,12,25,臺中市,清水區,0,1,0,8,1,5,30,14,9,1,5,4,5,7,4,4,10,5,5,2,20,43,2,3,1,4,A41,7,9,1,1,6,1,,43,43,1,5,5,A41,120.612016,24.312793,2
2022,4,7,12,34,臺中市,梧棲區,0,1,0,8,1,5,50,3,1,1,5,4,5,7,4,4,10,5,5,2,16,43,2,7,1,1,C03,7,9,3,18,11,14,,43,43,1,9,8,C03,120.53353,24.260779,2
2022,4,7,12,42,臺中市,北區,0,0,0,8,,,40,,,,,,,,,,,,,,,10,,,,,B01,,,1,,2,,,10,10,1,10,,B01,120.683092,24.159087,3
2022,4,7,12,50,臺中市,西區,0,0,0,8,,,50,,,,,,,,,,,,,,,43,,,,,C03,,,,,11,,,43,43,1,22,,C03,120.669801,24.150724,3
2022,4,7,13,5,臺中市,西區,0,1,0,8,1,5,50,14,8,1,5,4,5,7,4,4,1,2,4,2,17,42,2,9,1,1,C03,7,9,1,10,2,11,,42,42,1,4,8,C03,120.657162,24.138358,2
2022,4,7,13,7,臺中市,潭子區,0,0,0,,,,50,,,,,,,,,,,,,,,16,,,,,C03,,,1,,2,,,16,16,1,22,,C03,120.710201,24.208245,3
2022,4,7,13,19,臺中市,東勢區,0,1,0,8,1,5,60,14,9,1,5,4,5,7,4,4,5,4,5,1,16,6,2,9,1,1,C02,7,11,1,9,2,14,,6,6,1,22,8,C02,120.80114,24.301636,2
2022,4,7,13,20,臺中市,梧棲區,0,0,0,8,,,40,,,,,,,,,,,,,,,25,,,,,B03,,,1,,2,,,25,25,1,21,,B03,120.531996,24.240346,3
2022,4,7,13,24,臺中市,北區,0,0,0,8,,,50,,,,,,,,,,,,,,,6,,,,,B03,,,1,,2,,,6,6,1,22,,B03,120.680948,24.159108,3
2022,4,7,13,29,臺中市,北區,0,0,0,8,,,50,,,,,,,,,,,,,,,23,,,,,C03,,,1,,2,,,23,23,1,22,,C03,120.680508,24.154558,3
2022,4,7,13,40,臺中市,北區,0,0,0,8,,,50,,,,,,,,,,,,,,,25,,,,,B03,,,1,,2,,,25,25,1,22,,B03,120.666968,24.171666,3
2022,4,7,13,40,臺中市,神岡區,0,0,0,8,,,30,,,,,,,,,,,,,,,17,,,,,B03,,,1,,1,,,17,17,1,12,,B03,120.691187,24.253718,3
2022,4,7,13,42,臺中市,南屯區,0,0,0,8,,,50,,,,,,,,,,,,,,,9,,,,,C03,,,1,,2,,,9,9,1,22,,C03,120.649891,24.146771,3
2022,4,7,13,45,臺中市,北區,0,0,0,8,,,50,,,,,,,,,,,,,,,6,,,,,B03,,,6,,1,,,6,6,1,22,,B03,120.682335,24.153988,3
2022,4,7,14,5,臺中市,后里區,0,0,0,8,1,5,30,14,9,1,5,4,5,7,4,4,10,5,5,2,14,12,3,10,1,1,B03,7,2,1,8,2,6,,12,12,1,22,8,B03,120.728596,24.312987,3
2022,4,7,14,18,臺中市,西區,0,2,0,8,1,5,30,4,1,1,5,4,5,7,4,4,9,5,5,2,15,6,2,9,1,1,C03,7,9,1,10,2,12,,6,6,1,5,3,C03,120.668878,24.147949,2
2022,4,7,14,19,臺中市,太平區,0,0,0,8,,,50,,,,,,,,,,,,,,,23,,,,,B03,,,1,,1,,,23,23,1,9,,B03,120.715456,24.148829,3
2022,4,7,14,20,臺中市,南屯區,0,0,0,8,1,5,50,4,1,1,5,4,5,7,2,1,10,5,5,2,16,26,3,10,1,1,C03,7,5,1,10,1,13,,26,26,1,4,3,C03,120.649761,24.153599,3
2022,4,7,14,20,臺中市,神岡區,0,1,0,8,1,5,50,4,1,1,5,4,5,7,3,1,10,5,5,2,16,6,3,10,1,1,B12,7,6,1,8,2,2,,6,6,1,22,9,B12,120.710975,24.258428,2
2022,4,7,14,37,臺中市,太平區,0,0,0,8,,,50,,,,,,,,,,,,,,,12,,,,,B12,,,1,,2,,,12,12,1,22,,B12,120.705535,24.149071,3
2022,4,7,14,49,臺中市,清水區,0,0,0,8,1,5,70,14,7,1,5,4,5,7,1,1,1,4,3,1,12,2,3,10,1,1,A41,7,9,1,1,2,4,,2,2,1,4,1,A41,120.540499,24.289562,3
2022,4,7,15,4,臺中市,西屯區,0,1,0,8,1,5,40,4,1,1,5,4,5,7,1,1,10,5,5,2,16,6,3,10,1,1,B02,7,6,1,8,2,2,,6,6,1,4,8,B02,120.6423,24.177761,2
2022,4,7,15,10,臺中市,西屯區,0,0,0,8,,,50,,,,,,,,,,,,,,,16,,,,,B03,,,1,,1,,,16,16,1,22,,B03,120.642399,24.158517,3
2022,4,7,15,17,臺中市,北屯區,0,0,0,8,,,50,,,,,,,,,,,,,,,19,,,,,B03,,,1,,1,,,19,19,1,22,,B03,120.688848,24.163398,3
2022,4,7,15,19,臺中市,南屯區,0,1,0,8,1,5,50,4,2,1,5,4,5,7,2,1,1,5,5,2,16,9,3,10,1,4,B11,7,6,1,4,2,5,,9,9,1,22,8,B11,120.646808,24.148836,2
2022,4,7,15,23,臺中市,北區,0,2,0,8,1,5,40,14,9,1,5,4,5,7,4,4,10,5,5,2,16,19,2,9,3,4,C03,7,1,1,10,2,14,,19,19,1,5,8,C03,120.682434,24.161992,2
2022,4,7,15,23,臺中市,太平區,0,0,0,8,,,30,,,,,,,,,,,,,,,12,,,,,A12,,,1,,2,,,12,12,1,9,,A12,120.726905,24.098578,3
2022,4,7,15,29,臺中市,西屯區,0,1,0,8,1,5,50,4,1,1,5,4,5,7,1,1,10,5,5,2,16,6,3,10,1,1,B01,7,5,1,4,2,6,,6,6,1,22,5,B01,120.64693,24.168943,2
2022,4,7,15,30,臺中市,沙鹿區,0,1,0,8,1,5,30,4,1,1,5,4,5,7,4,4,10,5,5,2,15,6,3,10,1,1,B03,7,9,1,8,2,5,,23,6,1,21,8,B03,120.568671,24.230558,2
2022,4,7,15,31,臺中市,南屯區,0,1,0,8,1,5,50,4,1,1,5,4,5,7,2,1,10,5,5,2,16,6,3,10,3,4,B12,7,6,1,8,2,2,,6,6,1,22,8,B12,120.626551,24.151663,2
2022,4,7,15,33,臺中市,大雅區,0,0,0,8,,,50,,,,,,,,,,,,,,,16,,,,,B03,,,1,,2,,,16,16,1,22,,B03,120.629209,24.241822,3
2022,4,7,15,35,臺中市,西區,0,1,0,8,1,5,50,5,1,1,5,4,5,7,1,1,10,5,5,2,16,26,3,10,1,1,B03,7,6,1,8,2,2,,26,26,1,22,8,B03,120.669678,24.150839,2
2022,4,7,15,40,臺中市,太平區,0,1,0,8,1,5,50,14,9,1,5,4,5,7,4,4,5,5,5,1,16,23,2,9,1,1,C03,7,9,1,10,2,11,,23,23,1,18,8,C03,120.729111,24.105591,2
2022,4,7,15,46,臺中市,西區,0,1,0,8,1,5,50,4,1,1,5,4,5,7,4,4,10,5,5,2,15,6,3,10,1,1,B03,7,9,1,8,2,1,,6,6,1,4,8,B03,120.673242,24.148836,2
2022,4,7,15,49,臺中市,西區,0,0,0,8,,,30,,,,,,,,,,,,,,,12,,,,,B01,,,1,4,1,,,12,12,1,5,,B01,120.663033,24.153467,3
2022,4,7,15,50,臺中市,北屯區,0,0,0,8,,,50,,,,,,,,,,,,,,,12,,,,,B01,,,1,,9,,,12,12,1,22,,B01,120.684908,24.173415,3
2022,4,7,15,57,臺中市,大甲區,0,1,0,8,1,5,30,4,1,1,5,4,5,7,4,4,10,5,5,2,16,6,3,10,1,1,C03,7,6,1,10,2,14,,6,6,1,22,9,C03,120.624085,24.351508,2
2022,4,7,16,1,臺中市,南屯區,0,0,0,,,,60,,,,,,,,,,,,,,,16,,,,,A42,,,1,,1,,,16,16,1,22,,A42,120.633263,24.123792,3
2022,4,7,16,4,臺中市,大甲區,0,1,0,8,1,5,50,4,1,1,5,4,5,7,3,1,10,5,5,2,15,6,2,9,1,1,C03,7,9,1,10,2,12,,6,6,1,22,9,C03,120.625819,24.349827,2
2022,4,7,16,8,臺中市,南屯區,0,0,0,8,,,50,,,,,,,,,,,,,,,19,,,,,B03,,,1,,1,,,19,19,1,22,,B03,120.636691,24.141249,3
2022,4,7,16,20,臺中市,西屯區,0,2,0,8,2,5,30,3,1,1,5,4,5,7,4,4,10,5,5,2,16,6,2,9,1,1,C03,7,14,1,10,2,11,,6,6,1,22,8,C03,120.618125,24.189273,2
2022,4,7,16,25,臺中市,沙鹿區,0,0,0,8,,,50,,,,,,,,,,,,,,,23,,,,,B12,,,1,,2,,,23,23,1,9,,B12,120.557535,24.234161,3
2022,4,7,16,27,臺中市,南屯區,0,0,0,8,,,80,,,,,,,,,,,,,,,23,,,,,B12,,,1,,2,,,23,23,1,22,,B12,120.623076,24.147894,3
2022,4,7,16,30,臺中市,南屯區,0,0,0,8,,,50,,,,,,,,,,,,,,,18,,,,,B12,,,1,,9,,,18,18,1,22,,B12,120.637167,24.137826,3
2022,4,7,16,30,臺中市,大甲區,0,1,0,8,1,5,50,4,1,1,5,4,5,7,4,4,10,5,5,2,15,6,3,10,1,1,B03,7,9,1,8,2,1,,6,6,1,22,9,B03,120.618993,24.346519,2