年,月,日,時,分,縣市,區,死,受傷,2-30,天候,光線,道路類別,速限,道路型態,事故位置,路面鋪裝,路面狀態,路面缺陷,障礙物,視距,號誌種類,號誌動作,分向設施,快車道或一般車道間,快慢車道間,路面邊線,事故類型及型態,主要肇因,受傷程度,主要傷處,保護裝備,行動電話,當事者區分,車輛用途,當事者行動狀態,駕駛資格情形,駕駛執照種類,飲酒情形,車輛撞擊部位最初,車輛撞擊部位其他,肇事因素個別,肇事因素主要,肇事逃逸,職業,旅次目的,車種,GPS緯度,GPS經度,事故類別
2022,4,9,14,45,臺中市,中區,0,1,0,8,1,5,50,4,2,1,5,4,5,7,1,1,5,4,5,2,16,7,3,10,3,4,B03,7,8,1,8,2,5,,7,7,1,21,8,B03,120.680943,24.143806,2
2022,4,9,14,46,臺中市,西區,0,1,0,8,1,5,40,4,1,1,5,4,5,7,1,1,10,5,5,2,12,7,3,10,1,1,B01,7,8,1,4,2,6,,7,7,1,10,4,B01,120.662609,24.155678,2
2022,4,9,14,47,臺中市,南屯區,0,2,0,8,1,5,50,4,1,1,5,4,5,7,2,1,3,4,4,2,12,23,2,8,1,1,C03,7,9,1,10,2,11,,23,23,1,22,8,C03,120.638001,24.148695,2
2022,4,9,14,58,臺中市,北區,0,1,0,8,1,5,30,4,2,1,5,4,5,7,4,4,10,5,5,2,16,23,3,10,1,1,B03,7,6,1,8,2,8,,23,23,1,21,8,B03,120.672068,24.167413,2
2022,4,9,14,58,臺中市,豐原區,0,1,0,8,1,5,50,14,9,1,5,4,5,7,4,4,5,5,5,1,17,23,3,10,1,1,B03,7,9,1,8,2,2,,23,23,1,22,8,B03,120.71626,24.253036,2
2022,4,9,15,7,臺中市,沙鹿區,0,1,0,8,1,5,50,4,8,1,5,4,5,7,1,1,1,4,4,2,12,26,3,10,1,1,B12,7,9,1,8,2,5,,26,26,1,4,8,B12,120.564959,24.248917,2
2022,4,9,15,12,臺中市,西屯區,0,0,0,8,,,40,,,,,,,,,,,,,,,16,,,,,B03,,,1,,1,,,16,16,1,22,,B03,120.647071,24.196345,3
2022,4,9,15,27,臺中市,太平區,0,1,0,8,1,5,30,11,9,1,5,4,5,7,4,4,4,5,5,1,14,12,3,10,1,1,B03,7,2,1,8,2,8,,12,12,1,21,8,B03,120.813215,24.093737,2
2022,4,9,15,30,臺中市,西區,0,0,0,8,,,,,,,,,,,,,,,,,,43,,,,,,,,,,,,,43,43,1,,,,120.657458,24.151114,3
2022,4,9,15,34,臺中市,大安區,0,3,0,8,1,5,50,4,1,1,5,4,5,7,3,1,10,5,5,2,13,16,2,8,1,1,C03,7,9,1,10,2,11,,16,16,1,5,8,C03,120.596311,24.375441,2
2022,4,9,15,37,臺中市,南區,0,0,0,8,,,50,,,,,,,,,,,,,,,23,,,,,B03,,,1,,1,,,23,23,1,22,,B03,120.669848,24.115736,3
2022,4,9,15,40,臺中市,北屯區,0,0,0,8,,,30,,,,,,,,,,,,,,,23,,,,,B03,,,1,,2,,,23,23,1,5,,B03,120.724625,24.192151,3
2022,4,9,15,46,臺中市,西屯區,0,1,0,8,2,5,50,3,1,1,5,4,5,7,1,1,10,5,5,2,13,23,2,9,1,1,C03,7,9,1,10,2,11,,23,23,1,22,8,C03,120.632518,24.182902,2
2022,4,9,15,46,臺中市,沙鹿區,0,1,0,8,1,5,30,14,9,1,5,4,5,7,4,4,10,5,5,1,11,23,3,10,1,1,B03,7,9,1,8,2,4,,23,23,1,21,8,B03,120.550393,24.217461,2
2022,4,9,15,51,臺中市,西區,0,0,0,8,1,5,50,4,2,1,5,4,5,7,1,1,3,4,4,2,13,23,,,,,B03,,,1,,1,,,23,23,1,22,,B03,120.657262,24.140026,3
2022,4,9,16,1,臺中市,清水區,0,0,0,8,,,50,,,,,,,,,,,,,,,23,,,,,B03,,,1,,2,,,23,23,1,5,,B03,120.572319,24.261626,3
2022,4,9,16,13,臺中市,南屯區,0,0,0,8,,,50,,,,,,,,,,,,,,,18,,,,,B03,,,1,,9,,,18,18,1,22,,B03,120.65067,24.152643,3
2022,4,9,16,15,臺中市,南區,0,0,0,8,1,5,40,14,7,1,5,4,5,7,4,4,1,4,4,2,14,12,3,10,1,1,B03,7,2,1,8,2,8,,12,12,1,5,8,B03,120.661204,24.122729,3
2022,4,9,16,17,臺中市,西區,0,0,0,8,,,50,,,,,,,,,,,,,,,16,,,,,B03,,,1,,1,,,16,16,1,4,,B03,120.662653,24.155641,3
2022,4,9,16,22,臺中市,西屯區,0,1,0,8,1,5,50,4,1,1,5,4,5,7,1,1,4,3,5,2,16,6,3,10,1,1,B03,7,6,1,8,2,2,,6,6,1,22,8,B03,120.667106,24.173206,2
2022,4,9,16,26,臺中市,大里區,0,2,0,8,1,5,25,4,1,1,5,4,5,7,1,1,10,5,5,2,16,25,2,1,1,1,C03,7,5,1,10,2,11,,25,25,1,22,9,C03,120.699283,24.110338,2
2022,4,9,16,28,臺中市,西區,0,1,0,8,1,5,50,14,9,1,5,4,5,7,4,4,5,5,5,2,3,23,3,10,1,1,B03,7,9,6,18,1,1,,23,23,1,22,9,B03,120.669481,24.141024,2
2022,4,9,16,30,臺中市,清水區,0,0,0,,,,70,,,,,,,,,,,,,,,23,,,,,B03,,,1,,2,,,23,23,1,22,,B03,120.564268,24.29729,3
2022,4,9,16,31,臺中市,北屯區,0,1,0,8,1,5,50,4,1,1,5,4,5,7,2,1,10,5,5,2,13,23,2,9,1,1,C03,7,9,1,10,2,11,,23,23,1,22,8,C03,120.685635,24.171018,2
2022,4,9,16,39,臺中市,烏日區,0,0,0,8,,,50,,,,,,,,,,,,,,,12,,,,,B03,,,1,,2,,,12,12,1,22,,B03,120.638044,24.111649,3
2022,4,9,16,40,臺中市,大雅區,0,0,0,8,,,50,,,,,,,,,,,,,,,16,,,,,B03,,,1,,2,,,16,16,1,22,,B03,120.65388,24.221342,3
2022,4,9,16,40,臺中市,清水區,0,0,0,8,,,30,,,,,,,,,,,,,,,23,,,,,C03,,,1,,2,,,23,23,1,22,,C03,120.551445,24.311823,3
2022,4,9,16,40,臺中市,東勢區,0,2,0,8,2,5,50,14,9,1,5,4,5,7,4,4,5,5,5,1,12,23,2,9,1,1,C03,7,9,1,10,2,14,,23,23,1,22,8,C03,120.838453,24.245098,2
2022,4,9,16,44,臺中市,西屯區,0,1,0,8,1,5,50,3,1,1,5,4,5,7,4,4,10,5,5,2,17,23,2,9,3,4,C03,7,9,1,10,2,14,,23,23,1,22,8,C03,120.607186,24.194908,2
2022,4,9,16,51,臺中市,北區,0,1,0,8,1,5,50,4,1,1,5,4,5,7,1,1,10,5,5,2,16,6,3,10,1,1,B03,7,6,1,8,2,5,,6,6,1,22,8,B03,120.678193,24.148837,2
2022,4,9,16,51,臺中市,南屯區,0,1,0,8,1,5,50,14,8,1,5,4,5,7,4,4,1,2,5,2,13,23,3,10,1,1,B03,7,9,1,8,2,1,,23,23,1,5,8,B03,120.623216,24.149865,2
2022,4,9,16,51,臺中市,沙鹿區,0,2,0,8,1,5,50,4,1,1,5,4,5,7,1,1,10,5,5,2,17,6,3,10,1,1,B12,7,6,1,3,2,2,,6,6,1,4,4,B12,120.574761,24.20826,2
2022,4,9,17,4,臺中市,西屯區,0,1,0,8,2,5,50,3,1,1,5,4,5,7,4,4,10,5,5,2,12,6,3,10,1,1,B03,7,6,1,8,2,2,,6,6,1,22,8,B03,120.645116,24.172978,2
2022,4,9,17,9,臺中市,沙鹿區,0,1,0,8,1,5,30,14,9,1,5,4,5,3,4,4,10,5,5,2,17,19,3,10,1,1,C03,7,1,1,10,2,11,,19,19,1,20,8,C03,120.553007,24.223313,2
2022,4,9,17,10,臺中市,東區,0,1,0,8,1,5,50,4,1,1,5,4,5,7,1,1,10,5,5,2,13,16,2,9,1,1,C03,7,9,1,10,2,11,,16,16,1,5,8,C03,120.711295,24.144487,2
2022,4,9,17,10,臺中市,南屯區,0,0,0,8,,,50,,,,,,,,,,,,,,,23,,,,,B03,,,1,,2,,,23,23,1,22,,B03,120.648637,24.151997,3
2022,4,9,17,12,臺中市,西區,0,1,0,8,1,5,30,4,1,1,5,4,5,7,1,1,10,5,5,2,16,19,3,10,1,1,B03,7,1,1,8,2,5,,19,19,1,22,8,B03,120.668198,24.146717,2
2022,4,9,17,15,臺中市,南屯區,0,1,0,8,1,5,40,14,8,1,5,4,5,7,4,4,5,4,4,2,16,23,2,7,1,4,C03,7,9,1,10,2,12,,23,23,1,22,8,C03,120.634149,24.144801,2
2022,4,9,17,21,臺中市,西屯區,0,1,0,8,1,5,50,4,1,1,5,4,5,7,4,4,10,5,5,2,15,6,2,9,3,4,B03,7,9,1,8,2,1,,6,6,1,22,8,B03,120.611794,24.187561,2
2022,4,9,17,26,臺中市,北屯區,0,0,0,8,,,40,,,,,,,,,,,,,,,6,,,,,B03,,,1,,1,,,6,6,1,21,,B03,120.686019,24.179099,3
2022,4,9,17,30,臺中市,清水區,0,0,0,8,,,50,,,,,,,,,,,,,,,23,,,,,B02,,,1,,2,,,23,23,1,21,,B02,120.641472,24.271067,3
2022,4,9,17,33,臺中市,西屯區,0,2,0,8,1,5,50,4,1,1,5,4,5,7,1,1,4,3,4,2,16,6,3,10,1,1,B03,7,6,1,8,2,2,,6,6,1,22,8,B03,120.651869,24.17612,2
2022,4,9,17,35,臺中市,北屯區,0,2,0,8,1,5,50,4,1,1,5,4,5,7,1,1,10,5,5,2,11,6,3,10,1,1,B03,7,5,1,8,2,2,,6,6,1,5,8,B03,120.702865,24.169587,2
2022,4,9,17,43,臺中市,豐原區,0,1,0,8,1,5,50,14,7,1,5,4,5,7,4,4,5,5,5,2,17,42,2,1,3,4,B03,7,9,1,8,2,1,,42,42,1,22,8,B03,120.740895,24.255643,2
2022,4,9,17,44,臺中市,南屯區,0,0,0,8,,,50,,,,,,,,,,,,,,,19,,,,,B03,,,1,,2,,,19,19,1,22,,B03,120.649777,24.152333,3
2022,4,9,17,45,臺中市,沙鹿區,0,1,0,8,2,5,50,3,2,1,5,4,5,7,4,4,10,5,5,2,16,9,3,10,1,1,B03,7,6,1,8,2,6,,9,9,1,19,8,B03,120.560123,24.238952,2
2022,4,9,17,45,臺中市,大安區,0,0,0,8,,,60,,,,,,,,,,,,,,,12,,,,,B03,,,1,,2,,,12,12,1,21,,B03,120.599979,24.371781,3
2022,4,9,17,46,臺中市,北區,0,0,0,,,,40,,,,,,,,,,,,,,,23,,,,,C03,,,1,,2,,,23,23,1,21,,C03,120.676304,24.150176,3
2022,4,9,17,48,臺中市,外埔區,0,0,0,8,2,5,50,3,1,1,5,4,5,7,4,4,10,5,5,2,15,6,,,,,B03,,,1,,2,,,6,6,1,5,,B03,120.638727,24.341812,3
2022,4,9,17,51,臺中市,豐原區,0,0,0,8,,,50,,,,,,,,,,,,,,,23,,,,,B12,,,1,,2,,,23,23,1,22,,B12,120.745156,24.264894,3
2022,4,9,17,55,臺中市,西屯區,0,0,0,8,,,50,,,,,,,,,,,,,,,2,,,,,B03,,,1,,1,,,2,2,1,22,,B03,120.636587,24.170957,3
2022,4,9,18,10,臺中市,梧棲區,0,0,0,8,,,50,,,,,,,,,,,,,,,6,,,,,B03,,,1,,2,,,6,6,1,22,,B03,120.538142,24.248782,3
2022,4,9,18,10,臺中市,東勢區,0,1,0,8,1,5,10,15,22,1,5,4,5,7,4,4,9,5,5,1,16,26,3,10,1,1,C03,7,11,1,10,2,14,,26,26,1,22,8,C03,120.824881,24.273988,2
2022,4,9,18,20,臺中市,西屯區,0,1,0,8,1,5,50,14,9,1,5,4,5,7,4,4,1,4,5,2,12,7,3,10,3,4,B03,7,7,1,8,2,4,,7,7,1,22,8,B03,120.645711,24.164369,2
2022,4,9,18,40,臺中市,南屯區,0,0,0,8,,,50,,,,,,,,,,,,,,,42,,,,,C03,,,1,,,,,42,42,1,22,,C03,120.649525,24.139991,3
2022,4,9,18,40,臺中市,烏日區,0,1,0,8,3,5,50,3,2,1,5,4,3,5,4,4,5,5,5,1,11,4,3,10,1,1,B03,7,9,1,8,2,4,,4,4,1,21,8,B03,120.583747,24.111814,2
2022,4,9,18,48,臺中市,后里區,0,1,0,8,3,5,50,3,1,1,5,4,5,7,4,4,10,4,5,1,13,16,3,10,1,1,B03,7,9,1,8,2,1,,16,16,1,22,8,B03,120.706969,24.312703,2
2022,4,9,18,55,臺中市,后里區,0,1,0,7,3,5,50,14,5,1,5,4,5,7,4,4,10,5,5,2,12,7,3,10,1,1,B03,7,8,1,8,2,2,,7,7,1,9,7,B03,120.708905,24.311051,2
2022,4,9,18,56,臺中市,太平區,0,1,0,8,3,5,50,14,8,1,5,4,5,7,4,4,5,4,4,1,16,42,2,9,1,1,B01,7,15,1,3,2,8,,42,42,1,10,1,B01,120.714307,24.14525,2
2022,4,9,19,3,臺中市,西屯區,0,0,0,8,,,50,,,,,,,,,,,,,,,6,,,,,B12,,,1,,2,,,6,6,1,22,,B12,120.645175,24.160046,3
2022,4,9,19,10,臺中市,西區,0,0,0,8,,,50,,,,,,,,,,,,,,,16,,,,,B03,,,1,,1,,,16,16,1,21,,B03,120.678061,24.133941,3
2022,4,9,19,11,臺中市,后里區,0,1,0,8,1,5,30,3,1,1,5,4,5,7,3,1,10,5,5,2,16,6,3,10,1,1,B12,7,5,1,7,2,5,,6,6,1,9,8,B12,120.718312,24.310991,2
2022,4,9,19,25,臺中市,新社區,0,2,0,8,1,5,50,14,9,1,5,4,5,7,4,4,5,5,5,1,16,26,2,9,1,1,C03,7,5,1,10,8,14,,26,26,1,22,8,C03,120.77629,24.216514,2
2022,4,9,19,30,臺中市,東勢區,0,0,0,8,,,60,,,,,,,,,,,,,,,23,,,,,B03,,,1,,1,,,23,23,1,22,,B03,120.832688,24.245636,3
2022,4,9,19,49,臺中市,南屯區,0,1,0,7,3,5,50,3,1,1,5,4,5,7,1,1,10,5,5,2,16,6,3,10,3,4,B03,7,5,1,8,2,6,,6,6,1,22,8,B03,120.610453,24.143785,2
2022,4,9,20,4,臺中市,大安區,0,1,0,8,3,5,60,4,1,1,5,4,5,7,1,1,10,5,5,2,15,43,3,10,1,1,B03,7,9,1,8,2,2,,43,43,1,21,8,B03,120.58559,24.36062,2
2022,4,9,20,10,臺中市,豐原區,0,0,0,8,,,50,,,,,,,,,,,,,,,12,,,,,B03,,,1,,2,,,12,12,1,22,,B03,120.723239,24.254769,3
2022,4,9,20,17,臺中市,北屯區,0,1,0,8,3,5,50,14,7,1,5,4,5,7,4,4,5,5,4,2,17,37,3,10,1,1,C03,7,9,1,10,2,15,,37,37,1,4,8,C03,120.694135,24.17245,2
2022,4,9,20,22,臺中市,西區,0,1,0,8,3,5,50,3,2,1,5,4,5,7,1,1,3,4,5,2,18,43,2,9,1,1,C03,7,9,1,10,2,15,,43,43,1,22,9,C03,120.665966,24.14036,2
2022,4,9,20,31,臺中市,北屯區,0,0,0,8,,,50,,,,,,,,,,,,,,,16,,,,,B03,,,1,8,2,,,16,16,1,21,,B03,120.721811,24.181854,3
2022,4,9,20,55,臺中市,西屯區,0,0,0,8,,,50,,,,,,,,,,,,,,,19,,,,,B01,,,1,,1,,,23,19,1,22,,B01,120.639625,24.165004,3
2022,4,9,21,0,臺中市,南屯區,0,0,0,,,,50,,,,,,,,,,,,,,,23,,,,,B03,,,1,,2,,,23,23,1,4,,B03,120.637544,24.140283,3
2022,4,9,21,9,臺中市,北屯區,0,0,0,8,,,30,,,,,,,,,,,,,,,12,,,,,C03,,,1,,2,,,12,12,1,5,,C03,120.686035,24.180581,3
2022,4,9,21,17,臺中市,沙鹿區,0,1,0,8,3,5,50,3,1,5,5,4,5,7,4,4,10,5,5,2,17,6,3,10,1,1,B12,7,6,1,8,2,1,,6,6,1,21,8,B12,120.57478,24.227405,2
2022,4,9,21,19,臺中市,豐原區,0,1,0,7,3,5,50,4,2,1,5,4,5,7,1,1,3,3,4,1,17,23,3,10,3,4,B03,7,9,1,8,2,1,,23,23,1,22,8,B03,120.729302,24.257191,2
2022,4,9,21,26,臺中市,西區,0,1,0,8,1,5,50,5,1,1,5,4,5,7,1,1,10,5,5,2,16,6,3,10,1,1,B02,7,5,1,8,2,5,,6,6,1,22,9,B02,120.67253,24.131787,2
2022,4,9,21,41,臺中市,西屯區,0,3,0,8,3,5,40,14,8,1,5,4,5,7,4,4,5,4,4,2,13,23,2,9,1,1,C03,7,9,1,10,2,13,,44,23,1,22,8,C03,120.649694,24.17557,2
2022,4,9,21,50,臺中市,南區,0,0,0,8,,,50,,,,,,,,,,,,,,,19,,,,,B12,,,1,,1,,,19,19,1,22,,B12,120.654113,24.121739,3
2022,4,9,22,8,臺中市,西區,0,1,0,8,3,5,50,14,9,1,5,4,5,7,4,4,5,4,5,2,13,16,2,7,1,1,C03,7,9,1,10,2,14,,16,16,1,22,8,C03,120.657931,24.150864,2
2022,4,9,22,8,臺中市,北區,0,1,0,8,3,5,50,4,1,1,5,4,5,7,3,1,10,5,5,2,15,6,3,10,1,1,B03,7,9,1,8,2,5,,6,6,1,22,9,B03,120.675786,24.154001,2
2022,4,9,22,15,臺中市,神岡區,0,2,0,8,3,5,50,14,7,1,5,4,5,7,4,4,9,4,4,2,16,6,2,9,1,1,C03,7,6,6,10,2,12,,6,6,1,22,8,C03,120.686805,24.248459,2
2022,4,9,22,49,臺中市,北區,0,1,0,8,3,5,50,5,1,1,5,4,5,7,1,1,10,5,5,2,17,8,2,9,1,1,C03,7,5,1,10,2,12,,8,8,1,20,8,C03,120.686261,24.154793,2
2022,4,9,22,50,臺中市,西屯區,0,1,0,8,3,5,50,14,9,1,5,4,5,7,4,4,1,4,5,2,13,23,2,9,3,4,C03,7,15,1,10,2,11,,23,23,1,22,8,C03,120.638578,24.175353,2
2022,4,9,22,50,臺中市,西屯區,0,0,0,8,,,,,,,,,,,,,,,,,,23,,,,,,,,,,,,,23,23,1,,,,120.649945,24.157412,3
2022,4,9,22,59,臺中市,西區,0,2,0,8,3,5,50,4,1,1,5,4,5,7,1,1,10,5,5,2,17,42,3,10,3,4,C03,7,15,1,10,2,12,,42,42,1,21,8,C03,120.671294,24.145422,2
2022,4,9,23,12,臺中市,南屯區,0,0,0,8,,,50,,,,,,,,,,,,,,,23,,,,,C03,,,1,,1,,,44,23,1,5,,C03,120.648583,24.150044,3
2022,4,10,0,6,臺中市,大里區,0,1,0,8,3,5,50,14,7,1,5,4,5,7,4,4,1,4,4,2,12,26,3,10,1,1,B03,7,7,1,8,9,8,,26,26,2,5,8,B03,120.692385,24.100438,2
2022,4,10,0,16,臺中市,中區,0,1,0,8,3,5,50,4,2,1,5,4,5,7,4,4,5,5,4,2,18,13,2,9,1,1,C03,7,9,1,10,2,12,,13,13,1,22,8,C03,120.677627,24.146034,2
2022,4,10,0,20,臺中市,烏日區,0,1,0,8,3,5,50,14,9,1,5,4,5,7,4,4,5,4,5,2,17,23,2,8,1,1,C03,7,9,1,10,2,12,,23,23,1,21,8,C03,120.597933,24.110172,2
2022,4,10,0,26,臺中市,大里區,0,1,0,8,3,5,50,4,2,1,5,4,5,7,3,1,10,5,5,1,16,8,3,10,1,1,B03,7,5,1,8,2,8,,8,8,1,5,8,B03,120.69165,24.10982,2
2022,4,10,0,39,臺中市,南區,0,1,0,8,3,5,50,4,1,1,5,4,5,7,2,1,10,5,5,2,16,42,3,10,3,4,B03,7,15,1,8,2,3,,42,42,1,5,8,B03,120.682948,24.134423,2
2022,4,10,1,9,臺中市,神岡區,0,1,0,8,3,5,50,14,9,1,5,4,5,7,4,4,9,4,4,1,13,21,2,9,3,4,B03,7,9,1,8,8,1,,21,21,1,22,9,B03,120.672815,24.25462,2
2022,4,10,1,10,臺中市,中區,0,1,0,8,3,5,50,3,1,1,5,4,5,7,1,1,10,5,5,2,16,6,3,10,1,1,B03,7,6,1,8,2,2,,6,6,1,22,8,B03,120.679558,24.147894,2
2022,4,10,1,13,臺中市,南屯區,0,2,0,8,3,5,50,4,1,1,5,4,5,7,1,1,10,5,5,2,16,19,2,9,1,1,C02,7,1,4,8,2,14,,19,19,1,9,8,C02,120.64671,24.14881,2
2022,4,10,3,6,臺中市,西區,0,1,0,8,1,5,50,4,1,1,5,4,5,7,1,1,10,5,5,2,17,25,3,10,1,1,C03,7,9,1,10,2,15,,25,25,1,22,9,C03,120.655144,24.146707,2
2022,4,10,5,32,臺中市,西屯區,0,1,0,8,2,5,50,4,2,1,5,4,5,7,2,1,1,4,5,2,13,42,3,10,1,1,B03,7,9,1,8,2,5,,42,42,1,21,8,B03,120.649647,24.162896,2
2022,4,10,6,20,臺中市,南屯區,0,0,0,8,,,50,,,,,,,,,,,,,,,23,,,,,B03,,,1,,2,,,23,23,1,22,,B03,120.616355,24.153172,3
2022,4,10,7,39,臺中市,大甲區,0,2,0,8,1,5,50,14,9,1,5,4,5,7,4,4,9,5,5,1,16,19,2,9,1,1,C03,7,1,1,10,3,11,,19,19,1,4,1,C03,120.63739,24.36056,2
2022,4,10,7,40,臺中市,南區,0,1,0,8,1,5,50,4,2,1,5,4,5,7,2,1,4,2,5,2,17,19,3,10,1,1,C03,7,1,3,18,2,13,,19,19,1,21,8,C03,120.65695,24.133888,2
2022,4,10,7,50,臺中市,沙鹿區,0,2,0,8,1,5,30,15,9,1,5,4,5,7,4,4,10,5,5,2,12,5,2,8,1,1,C03,7,9,1,10,2,14,,5,5,1,22,8,C03,120.566624,24.230992,2
2022,4,10,8,5,臺中市,南屯區,0,0,0,,,,40,,,,,,,,,,,,,,,12,,,,,B03,,,1,,1,,,12,12,1,22,,B03,120.642973,24.133583,3
2022,4,10,8,11,臺中市,豐原區,0,1,0,8,1,5,50,14,8,1,5,4,5,7,4,4,5,4,4,2,17,42,2,9,3,4,C03,7,9,1,10,2,11,,42,42,1,22,8,C03,120.740895,24.255643,2
2022,4,10,8,24,臺中市,沙鹿區,0,1,0,8,1,5,50,14,9,1,5,4,5,7,4,4,5,4,5,2,12,42,2,1,2,1,B03,7,9,1,8,7,5,,42,42,1,4,8,B03,120.573733,24.222303,2
2022,4,10,8,27,臺中市,大甲區,0,0,0,8,1,5,50,14,9,1,5,4,5,7,4,4,9,4,5,1,14,12,3,10,1,1,B03,7,2,1,8,1,3,,12,12,1,22,9,B03,120.65458,24.379873,3
2022,4,10,8,30,臺中市,南屯區,0,1,0,8,1,5,40,4,1,1,5,4,5,7,2,1,10,5,5,2,16,6,2,9,1,1,F01,7,6,8,20,2,16,,6,6,1,22,9,F01,120.634722,24.153611,2
2022,4,10,8,37,臺中市,梧棲區,0,1,0,8,1,5,50,3,2,1,5,4,5,7,1,1,10,5,5,2,16,23,3,10,1,1,B03,7,5,1,8,2,5,,23,23,1,12,8,B03,120.547726,24.245631,2
2022,4,10,8,40,臺中市,沙鹿區,0,1,0,8,1,5,50,14,7,1,5,4,5,7,4,4,1,4,4,2,12,23,3,10,1,1,B03,7,9,1,8,2,5,,23,23,1,9,8,B03,120.569007,24.209578,2
2022,4,10,8,42,臺中市,北屯區,0,0,0,8,,,40,,,,,,,,,,,,,,,12,,,,,B12,,,1,,1,,,12,12,1,21,,B12,120.722154,24.171191,3
2022,4,10,8,49,臺中市,潭子區,0,2,0,8,1,5,50,3,1,1,5,4,5,7,4,4,5,5,5,1,16,17,2,9,1,1,C03,7,9,1,10,2,12,,17,17,1,22,8,C03,120.69044,24.232044,2
2022,4,10,9,0,臺中市,大里區,0,0,0,8,,,50,,,,,,,,,,,,,,,44,,,,,B12,,,1,,9,,,44,44,1,22,,B12,120.699081,24.101658,3
2022,4,10,9,10,臺中市,太平區,0,1,0,8,1,5,50,3,2,1,5,4,5,7,2,1,5,5,4,1,9,19,3,10,1,1,A04,7,1,1,2,2,7,,19,19,1,10,4,A04,120.729984,24.150295,2
2022,4,10,9,18,臺中市,豐原區,0,0,0,8,,,40,,,,,,,,,,,,,,,12,,,,,B12,,,1,,2,,,12,12,1,22,,B12,120.71512,24.246205,4
2022,4,10,9,20,臺中市,潭子區,0,2,0,8,3,5,50,3,7,1,5,4,5,7,4,4,8,5,4,1,17,6,2,9,1,1,C03,7,11,1,10,2,12,,6,6,1,22,8,C03,120.709201,24.210107,2
2022,4,10,9,20,臺中市,西區,0,2,0,8,1,5,50,4,1,1,5,4,5,7,4,4,10,5,5,2,15,6,2,9,1,1,C03,7,9,1,10,2,12,,6,6,1,4,5,C03,120.660866,24.150211,2
2022,4,10,9,25,臺中市,北屯區,0,2,0,8,1,5,50,3,2,1,5,4,5,7,4,4,5,4,5,1,11,6,2,9,1,1,C03,7,9,1,10,2,14,,6,6,1,21,8,C03,120.703936,24.16972,2
2022,4,10,9,28,臺中市,北屯區,0,2,0,8,1,5,50,4,1,1,5,4,5,7,1,1,10,5,5,2,15,25,2,8,1,1,C03,7,9,1,10,2,15,,25,25,1,21,8,C03,120.692201,24.164951,2
2022,4,10,9,30,臺中市,清水區,0,0,0,8,,,40,,,,,,,,,,,,,,,12,,,,,B03,,,1,,2,,,12,12,1,22,,B03,120.54019,24.288908,3
2022,4,10,9,33,臺中市,沙鹿區,0,0,0,8,,,50,,,,,,,,,,,,,,,6,,,,,A11,,,1,,,,,6,6,1,10,,A11,120.566501,24.223484,3
2022,4,10,9,36,臺中市,西區,0,0,0,8,,,50,,,,,,,,,,,,,,,16,,,,,B03,,,1,,1,,,16,16,1,21,,B03,120.675292,24.138164,3
2022,4,10,9,46,臺中市,北區,0,0,0,8,,,40,,,,,,,,,,,,,,,23,,,,,C03,,,1,,11,,,23,23,1,21,,C03,120.674605,24.170245,3
2022,4,10,9,49,臺中市,南屯區,0,3,0,8,1,5,50,14,7,1,5,4,5,7,4,4,1,3,4,2,12,17,2,9,1,1,C03,7,9,1,10,2,12,14,17,17,1,22,8,C03,120.635433,24.152771,2
2022,4,10,9,51,臺中市,大甲區,0,1,0,8,1,5,50,14,9,1,5,4,5,7,4,4,5,5,5,1,16,23,2,9,1,1,C03,7,9,1,10,2,11,,23,23,1,4,1,C03,120.624303,24.351071,2
2022,4,10,10,11,臺中市,西區,0,1,0,8,1,5,50,3,2,1,5,4,5,7,1,1,5,5,5,2,16,25,2,9,1,1,C04,7,5,1,10,2,12,,25,25,1,2,9,C04,120.65882,24.144187,2
2022,4,10,10,28,臺中市,南屯區,0,0,0,8,1,5,50,14,9,1,5,4,5,7,4,4,1,4,5,2,13,23,3,10,1,1,B03,7,8,1,8,1,8,1,23,23,1,8,1,B03,120.645571,24.12972,3
2022,4,10,10,37,臺中市,太平區,0,0,0,,,,30,,,,,,,,,,,,,,,12,,,,,B03,,,1,,1,,,12,12,1,21,,B03,120.702112,24.148392,3
2022,4,10,10,42,臺中市,北區,0,2,0,8,1,5,40,14,9,1,5,4,5,7,4,4,9,5,5,2,12,26,2,9,3,4,F03,7,9,8,20,2,15,,26,26,1,5,8,F03,120.684218,24.155313,2
2022,4,10,10,45,臺中市,烏日區,0,1,0,8,1,5,40,14,7,1,5,4,5,7,4,4,5,4,4,2,16,19,3,10,1,1,C03,7,1,1,10,2,11,13,19,19,1,19,8,C03,120.607662,24.119809,2
2022,4,10,10,46,臺中市,沙鹿區,0,3,0,8,1,5,50,14,9,1,5,4,5,7,4,4,9,4,5,2,16,6,2,9,1,1,C03,7,5,1,10,2,13,,6,6,1,4,8,C03,120.578002,24.222094,2
2022,4,10,10,50,臺中市,西區,0,1,0,8,1,5,50,14,7,1,5,4,5,7,1,1,5,4,5,2,13,16,2,9,1,1,C03,7,9,1,10,2,11,,16,16,1,4,5,C03,120.664521,24.150886,2
2022,4,10,10,56,臺中市,中區,0,1,0,8,1,5,50,4,1,1,5,4,5,7,4,4,10,5,5,2,15,6,3,10,1,1,B03,7,9,1,8,2,1,,6,6,1,21,8,B03,120.681345,24.142198,2