年,月,日,時,分,縣市,區,死,受傷,2-30,天候,光線,道路類別,速限,道路型態,事故位置,路面鋪裝,路面狀態,路面缺陷,障礙物,視距,號誌種類,號誌動作,分向設施,快車道或一般車道間,快慢車道間,路面邊線,事故類型及型態,主要肇因,受傷程度,主要傷處,保護裝備,行動電話,當事者區分,車輛用途,當事者行動狀態,駕駛資格情形,駕駛執照種類,飲酒情形,車輛撞擊部位最初,車輛撞擊部位其他,肇事因素個別,肇事因素主要,肇事逃逸,職業,旅次目的,車種,GPS緯度,GPS經度,事故類別
2022,4,10,10,57,臺中市,北屯區,0,2,0,8,1,5,50,14,9,1,5,4,5,7,4,4,9,4,5,2,17,19,3,10,1,1,B03,7,1,1,8,2,1,,19,19,1,21,8,B03,120.725956,24.176361,2
2022,4,10,10,59,臺中市,大里區,0,2,0,8,1,5,50,4,1,1,5,4,5,7,1,1,5,4,5,1,15,25,2,9,3,4,C03,7,9,1,10,2,14,,25,25,1,22,9,C03,120.678121,24.114743,2
2022,4,10,11,0,臺中市,西區,0,1,0,8,1,5,50,4,1,1,5,4,5,7,1,1,10,5,5,2,12,10,3,10,1,1,B03,7,11,1,8,2,8,,10,10,1,22,9,B03,120.675078,24.143592,2
2022,4,10,11,0,臺中市,東區,0,1,0,8,1,5,50,14,9,1,5,4,5,7,4,4,9,5,5,2,16,19,2,9,1,1,C03,7,1,1,10,2,11,,19,19,1,22,8,C03,120.69015,24.143023,2
2022,4,10,11,3,臺中市,南區,0,0,0,8,1,5,50,14,22,1,5,4,5,7,4,4,2,4,5,2,17,12,3,10,1,1,B03,7,2,1,8,2,3,,12,12,1,21,8,B03,120.679609,24.119675,3
2022,4,10,11,6,臺中市,神岡區,0,0,0,8,,,40,,,,,,,,,,,,,,,17,,,,,F02,,,8,,1,,,17,17,1,20,,F02,120.663669,24.258353,3
2022,4,10,11,7,臺中市,南區,0,0,0,,,,50,,,,,,,,,,,,,,,26,,,,,B03,,,1,,2,,,26,26,1,5,,B03,120.674326,24.124015,3
2022,4,10,11,9,臺中市,大里區,0,1,0,8,1,5,50,4,1,1,5,4,5,7,1,1,5,4,4,1,12,23,3,10,1,1,B12,7,9,1,8,2,1,,23,23,1,22,8,B12,120.683826,24.11186,2
2022,4,10,11,12,臺中市,西屯區,0,1,0,8,1,5,30,3,1,1,5,4,5,7,4,4,5,5,5,2,13,23,3,10,1,1,B12,7,6,1,8,2,5,,23,23,1,22,8,B12,120.644124,24.175904,2
2022,4,10,11,13,臺中市,東勢區,0,0,0,8,,,50,,,,,,,,,,,,,,,16,,,,,C03,,,2,,2,,,16,16,1,22,,C03,120.83925,24.19272,3
2022,4,10,11,22,臺中市,大里區,0,0,0,8,,,50,,,,,,,,,,,,,,,16,,,,,B12,,,1,,2,,,16,16,1,22,,B12,120.686427,24.103095,3
2022,4,10,11,24,臺中市,西屯區,0,0,0,8,1,5,50,14,9,1,5,4,5,7,4,4,4,5,5,2,16,23,,,,,B03,,,1,,2,,,23,23,1,4,,B03,120.589985,24.176605,3
2022,4,10,11,29,臺中市,西區,0,1,0,8,1,5,50,14,9,1,5,4,5,7,4,4,5,5,5,2,9,23,2,9,1,1,C03,7,9,1,10,2,11,,23,23,1,2,9,C03,120.667008,24.147982,2
2022,4,10,11,30,臺中市,西屯區,0,1,0,8,1,5,50,3,1,1,5,4,5,7,4,4,10,5,5,2,16,6,3,10,3,4,B03,7,6,1,8,2,5,,6,6,1,22,8,B03,120.643971,24.168546,2
2022,4,10,11,35,臺中市,石岡區,0,3,0,8,1,5,70,14,8,1,5,4,5,7,1,1,1,4,4,1,13,23,2,9,1,1,C03,7,9,1,10,2,11,,23,23,1,22,8,C03,120.785158,24.274608,2
2022,4,10,11,36,臺中市,大雅區,0,2,0,8,1,5,50,4,1,1,5,4,5,7,3,1,5,5,5,1,16,6,2,9,1,1,C03,7,5,1,10,2,12,,6,6,1,22,9,C03,120.652488,24.226916,2
2022,4,10,11,40,臺中市,新社區,0,0,0,8,,,50,,,,,,,,,,,,,,,23,,,,,B03,,,1,,3,,,23,23,1,7,,B03,120.80854,24.23396,3
2022,4,10,11,48,臺中市,豐原區,0,1,0,8,1,5,50,4,9,1,5,4,5,7,1,1,5,5,5,2,16,8,2,9,3,4,C03,7,5,1,10,2,11,,8,8,1,22,8,C03,120.707408,24.244018,2
2022,4,10,11,50,臺中市,南屯區,0,1,0,8,1,5,50,3,1,1,5,4,5,7,4,4,10,5,5,2,17,6,3,10,1,1,C03,7,5,1,10,2,15,,6,6,1,22,9,C03,120.643611,24.146388,2
2022,4,10,12,5,臺中市,大甲區,0,0,0,8,,,50,,,,,,,,,,,,,,,6,,,,,B12,,,1,,1,,,6,6,1,21,,B12,120.629435,24.347956,3
2022,4,10,12,10,臺中市,西屯區,0,0,0,8,,,30,,,,,,,,,,,,,,,23,,,,,B01,,,1,,1,,,23,23,1,4,,B01,120.643675,24.180243,3
2022,4,10,12,13,臺中市,豐原區,0,2,0,8,1,5,40,3,1,1,5,4,5,7,4,4,10,5,5,1,18,42,2,9,1,1,C03,7,9,1,10,2,11,,42,42,1,22,8,C03,120.701312,24.22445,2
2022,4,10,12,14,臺中市,北屯區,0,2,0,8,1,5,50,4,1,1,5,4,5,7,1,1,10,5,5,2,16,25,2,9,1,1,C03,7,9,1,10,2,11,,25,25,1,21,8,C03,120.689895,24.20131,2
2022,4,10,12,20,臺中市,清水區,0,0,0,8,,,30,,,,,,,,,,,,,,,23,,,,,B03,,,1,,2,,,23,23,1,22,,B03,120.588848,24.3164,3
2022,4,10,12,21,臺中市,北屯區,0,0,0,8,,,50,,,,,,,,,,,,,,,23,,,,,B12,,,1,,2,,,23,23,1,21,,B12,120.665066,24.191165,3
2022,4,10,12,30,臺中市,清水區,0,0,0,8,,,50,,,,,,,,,,,,,,,6,,,,,B03,,,1,,2,,,23,6,1,22,,B03,120.566221,24.271686,3
2022,4,10,12,32,臺中市,東區,0,1,0,8,1,5,50,4,1,1,5,4,1,7,2,1,10,5,5,2,15,25,2,9,1,1,C03,7,9,1,10,2,12,,25,25,1,22,8,C03,120.68874,24.1324,2
2022,4,10,12,32,臺中市,北屯區,0,0,0,,,,30,,,,,,,,,,,,,,,23,,,,,B03,,,1,,1,,,23,23,1,21,,B03,120.695041,24.167678,3
2022,4,10,12,32,臺中市,沙鹿區,0,2,0,8,1,5,50,14,9,1,5,4,5,7,4,4,5,5,5,1,17,19,2,9,1,1,C03,7,1,1,10,2,11,,19,19,1,9,8,C03,120.579088,24.215383,2
2022,4,10,12,32,臺中市,外埔區,0,0,0,8,,,30,,,,,,,,,,,,,,,12,,,,,B03,,,1,,2,,,12,12,1,22,,B03,120.64046,24.34329,3
2022,4,10,12,54,臺中市,南屯區,0,0,0,8,1,5,50,4,1,1,5,4,5,7,2,1,10,5,5,2,13,16,3,10,1,1,B03,7,5,1,8,1,5,,16,16,1,9,8,B03,120.623141,24.145201,3
2022,4,10,12,56,臺中市,太平區,0,1,0,8,2,5,30,11,9,1,5,4,5,7,4,4,5,5,5,1,18,42,2,9,1,1,C03,7,9,1,10,11,12,,42,42,1,18,8,C03,120.812442,24.096765,2
2022,4,10,12,59,臺中市,南區,0,1,0,8,1,5,50,11,9,1,5,4,5,7,4,4,1,2,5,2,16,6,3,10,1,1,B03,7,6,1,8,2,6,,6,6,1,21,8,B03,120.678831,24.119015,2
2022,4,10,13,0,臺中市,南屯區,0,0,0,8,,,50,,,,,,,,,,,,,,,19,,,,,B03,,,1,,2,,,19,19,1,22,,B03,120.637438,24.143765,3
2022,4,10,13,0,臺中市,西屯區,0,0,0,8,,,30,,,,,,,,,,,,,,,16,,,,,C03,,,1,,2,,,16,16,1,4,,C03,120.643073,24.175716,3
2022,4,10,13,3,臺中市,北屯區,0,1,0,8,1,5,50,3,1,1,5,4,5,7,4,4,10,4,5,2,17,6,3,10,1,1,B03,7,6,1,8,2,6,,6,6,1,21,8,B03,120.69744,24.170773,2
2022,4,10,13,7,臺中市,東區,0,0,0,8,1,5,50,4,2,1,5,4,5,7,1,1,5,5,5,2,16,23,3,10,1,1,B03,7,5,1,8,2,5,,23,23,1,21,8,B03,120.687507,24.134857,3
2022,4,10,13,13,臺中市,北屯區,0,2,0,8,1,5,50,14,9,1,5,4,5,7,4,4,1,3,5,2,16,27,2,9,1,1,C03,7,8,1,10,2,12,,27,27,1,21,8,C03,120.685385,24.17259,2
2022,4,10,13,23,臺中市,神岡區,0,0,0,8,,,50,,,,,,,,,,,,,,,18,,,,,B03,,,1,,1,,,18,18,1,22,,B03,120.682976,24.24673,3
2022,4,10,13,24,臺中市,北屯區,0,0,0,8,,,50,,,,,,,,,,,,,,,23,,,,,B03,,,1,,1,,,23,23,1,21,,B03,120.686395,24.197806,3
2022,4,10,13,26,臺中市,龍井區,0,4,0,8,1,5,50,14,9,1,5,4,5,7,4,4,5,5,5,1,12,43,2,9,1,1,F03,7,9,8,20,2,16,,43,43,1,21,8,F03,120.52,24.2,2
2022,4,10,13,27,臺中市,北區,0,1,0,8,1,5,50,4,1,1,5,4,5,7,2,1,10,5,5,2,17,6,3,10,1,1,B03,7,5,1,8,2,1,,6,6,1,22,8,B03,120.682611,24.16706,2
2022,4,10,13,44,臺中市,西屯區,0,2,0,8,1,5,50,4,2,1,5,4,5,7,1,1,5,5,4,2,13,16,2,8,1,1,C03,7,9,1,10,2,11,,16,16,1,22,8,C03,120.657071,24.168558,2
2022,4,10,13,45,臺中市,北區,0,0,0,8,,,50,,,,,,,,,,,,,,,23,,,,,B03,,,3,,1,,,23,23,1,21,,B03,120.679319,24.163351,3
2022,4,10,13,45,臺中市,東勢區,0,2,0,8,1,5,60,4,1,1,5,4,5,7,4,4,10,5,5,2,17,23,2,8,1,1,C03,7,6,1,10,2,11,,23,23,1,22,8,C03,120.818013,24.276674,2
2022,4,10,13,45,臺中市,豐原區,0,2,0,8,1,5,50,4,2,1,5,4,5,7,4,4,4,5,4,2,16,8,2,7,1,1,C03,7,5,4,8,2,14,,8,8,1,20,5,C03,120.733863,24.253319,2
2022,4,10,13,50,臺中市,霧峰區,0,2,0,8,1,5,50,14,7,1,5,4,5,7,4,4,5,5,4,1,3,23,2,9,1,1,C03,7,9,2,18,2,11,,23,23,1,16,9,C03,120.698273,24.062445,2
2022,4,10,13,51,臺中市,北區,0,0,0,,,,50,,,,,,,,,,,,,,,23,,,,,B03,,,1,,2,,,23,23,1,5,,B03,120.683038,24.148263,3
2022,4,10,13,55,臺中市,東區,0,1,0,8,1,5,50,4,1,1,5,4,5,7,4,4,10,5,5,2,15,6,3,10,1,1,B03,7,9,1,8,2,5,,6,6,1,5,8,B03,120.692943,24.127055,2
2022,4,10,13,56,臺中市,北屯區,0,1,0,8,1,5,50,5,1,1,5,4,5,7,1,1,10,5,5,2,17,27,3,10,1,1,C03,7,5,2,18,2,14,,27,27,1,22,8,C03,120.69664,24.179891,2
2022,4,10,14,8,臺中市,豐原區,0,1,0,8,1,5,30,14,9,1,5,4,5,7,4,4,10,5,5,2,18,42,2,9,3,4,C03,7,9,1,10,2,15,,42,42,1,22,8,C03,120.714446,24.237953,2
2022,4,10,14,9,臺中市,西區,0,4,0,8,1,5,50,5,1,1,5,4,5,7,2,1,10,5,5,2,17,25,2,9,1,1,C03,7,9,1,10,2,13,,25,25,1,21,8,C03,120.663775,24.154648,2
2022,4,10,14,19,臺中市,大雅區,0,2,0,8,1,5,50,4,1,1,5,4,5,7,1,1,10,4,5,1,15,25,2,9,1,1,C03,7,9,1,10,2,12,,25,25,1,22,9,C03,120.644375,24.227213,2
2022,4,10,14,24,臺中市,南區,0,1,0,8,1,5,50,14,20,1,5,4,5,7,4,4,1,4,5,2,26,43,2,9,1,1,C03,7,9,3,18,2,11,,43,43,1,22,8,C03,120.654294,24.119025,2
2022,4,10,14,26,臺中市,南屯區,0,0,0,8,,,50,,,,,,,,,,,,,,,23,,,,,B03,,,1,,1,,,23,23,1,22,,B03,120.623141,24.145201,3
2022,4,10,14,30,臺中市,神岡區,0,0,0,8,,,30,,,,,,,,,,,,,,,10,,,,,C03,,,1,,2,,,10,10,1,21,,C03,120.711275,24.257243,3
2022,4,10,14,53,臺中市,西屯區,0,2,0,8,1,5,50,14,7,1,5,4,5,7,4,4,8,4,4,1,16,19,2,8,1,4,C03,7,1,1,10,2,14,,19,19,1,4,8,C03,120.62603,24.182105,2
2022,4,10,14,54,臺中市,北屯區,0,0,0,8,,,50,,,,,,,,,,,,,,,7,,,,,C03,,,7,,11,,,7,7,1,21,,C03,120.669481,24.201436,3
2022,4,10,14,56,臺中市,南區,0,0,0,,,,40,,,,,,,,,,,,,,,12,,,,,B03,,,1,,2,,,12,12,1,22,,B03,120.663806,24.113923,3
2022,4,10,14,56,臺中市,北屯區,0,1,0,8,1,5,50,3,1,1,5,4,5,7,1,1,10,5,5,2,17,19,3,10,3,4,B03,7,1,1,8,2,8,,19,19,1,21,8,B03,120.698186,24.173346,2
2022,4,10,15,3,臺中市,西區,0,3,0,8,1,5,50,4,1,1,5,4,5,7,2,1,10,5,5,2,16,6,3,10,1,1,B03,7,6,1,8,2,2,,6,6,1,1,9,B03,120.65745,24.149933,2
2022,4,10,15,11,臺中市,后里區,0,0,0,8,,,50,,,,,,,,,,,,,,,6,,,,,B03,,,1,,2,,,6,6,1,12,,B03,120.725277,24.320978,3
2022,4,10,15,13,臺中市,北區,0,0,0,8,,,50,,,,,,,,,,,,,,,6,,,,,C03,,,1,,1,,,6,6,1,22,,C03,120.671739,24.168767,3
2022,4,10,15,13,臺中市,西屯區,0,0,0,8,,,50,,,,,,,,,,,,,,,2,,,,,B03,,,1,,1,,,2,2,1,4,,B03,120.656593,24.200288,3
2022,4,10,15,16,臺中市,南屯區,0,0,0,8,,,50,,,,,,,,,,,,,,,26,,,,,B03,,,1,,1,,,26,26,1,22,,B03,120.648755,24.150003,3
2022,4,10,15,22,臺中市,西屯區,0,0,0,8,,,40,,,,,,,,,,,,,,,23,,,,,B12,,,1,,2,,,23,23,1,22,,B12,120.638301,24.17712,3
2022,4,10,15,27,臺中市,西屯區,0,1,0,8,1,5,50,4,1,1,5,4,5,7,1,1,10,5,5,2,16,25,3,10,1,1,B03,7,5,1,8,2,5,,25,25,1,4,8,B03,120.649609,24.162854,2
2022,4,10,15,28,臺中市,東區,0,0,0,8,,,50,,,,,,,,,,,,,,,6,,,,,B03,,,1,,2,,,6,6,1,22,,B03,120.690734,24.140514,3
2022,4,10,15,29,臺中市,豐原區,0,1,0,8,1,5,50,5,1,1,5,4,5,7,1,1,10,5,5,2,17,44,3,10,1,1,B03,7,9,1,8,2,2,,44,44,1,22,8,B03,120.715394,24.248234,2
2022,4,10,15,35,臺中市,沙鹿區,0,2,0,8,1,5,50,14,8,1,5,4,5,7,4,4,1,3,4,1,16,9,3,10,1,1,C03,7,6,2,18,2,12,,9,9,1,16,8,C03,120.566994,24.238847,2
2022,4,10,15,36,臺中市,大安區,0,0,0,8,,,30,,,,,,,,,,,,,,,12,,,,,B03,,,1,,1,,,12,12,1,21,,B03,120.61427,24.380475,3
2022,4,10,15,38,臺中市,北屯區,0,1,0,8,1,5,50,4,1,1,5,4,5,7,2,1,10,5,5,2,17,25,3,10,3,4,B03,7,9,1,8,2,5,,25,25,1,21,8,B03,120.689678,24.180409,2
2022,4,10,15,42,臺中市,潭子區,0,2,0,8,1,5,60,3,1,1,5,4,5,7,1,1,10,5,5,2,13,23,2,9,1,1,C03,7,9,1,10,2,12,,23,23,1,22,8,C03,120.702474,24.196912,2
2022,4,10,15,54,臺中市,西屯區,0,1,0,8,1,5,50,4,1,1,5,4,5,7,1,1,10,5,5,2,16,9,3,10,3,4,B03,7,6,1,8,2,2,,9,9,1,22,8,B03,120.664561,24.18265,2
2022,4,10,16,5,臺中市,北屯區,0,2,0,8,1,5,50,4,1,1,5,4,5,7,2,1,10,5,5,2,16,9,2,9,1,1,C03,7,9,1,10,2,11,,44,9,1,18,8,C03,120.694594,24.174574,2
2022,4,10,16,8,臺中市,清水區,0,0,0,8,,,50,,,,,,,,,,,,,,,6,,,,,,,,,,,,,6,6,1,,,,120.559096,24.27495,3
2022,4,10,16,11,臺中市,北屯區,0,0,0,8,,,50,,,,,,,,,,,,,,,42,,,,,B03,,,1,,1,,,42,42,1,22,,B03,120.695941,24.168471,3
2022,4,10,16,12,臺中市,太平區,0,0,0,8,,,40,,,,,,,,,,,,,,,12,,,,,B12,,,1,,,,,12,12,1,21,,B12,120.705232,24.157619,3
2022,4,10,16,15,臺中市,沙鹿區,0,3,0,8,1,5,50,14,9,1,5,4,5,7,4,4,5,5,5,2,12,8,2,8,1,1,C03,7,5,1,10,2,11,,8,8,1,22,8,C03,120.54997,24.216691,2
2022,4,10,16,23,臺中市,潭子區,0,0,0,8,,,50,,,,,,,,,,,,,,,6,,,,,B03,,,1,,2,,,6,6,1,22,,B03,120.699817,24.188186,3
2022,4,10,16,27,臺中市,北屯區,0,1,0,8,1,5,50,4,1,1,5,4,5,7,2,1,10,5,5,2,16,6,3,10,1,1,B03,7,6,1,8,2,5,,6,6,1,21,8,B03,120.706005,24.165145,2
2022,4,10,16,32,臺中市,龍井區,0,1,0,8,1,5,50,14,9,1,5,4,5,7,4,4,5,5,5,1,13,16,2,9,1,1,C03,7,9,1,10,2,11,,16,16,1,22,8,C03,120.582651,24.178323,2
2022,4,10,16,33,臺中市,北屯區,0,0,0,8,,,50,,,,,,,,,,,,,,,23,,,,,B03,,,1,,1,,,23,23,1,22,,B03,120.719786,24.180173,3
2022,4,10,16,46,臺中市,南屯區,0,2,0,8,1,5,30,4,1,1,5,4,5,7,4,4,10,5,5,2,15,6,2,9,1,4,C03,7,9,1,10,2,11,,6,6,1,22,8,C03,120.653837,24.136696,2
2022,4,10,16,49,臺中市,西屯區,0,1,0,8,1,5,40,14,8,1,5,4,5,7,4,4,1,5,5,2,18,43,2,9,3,4,F01,7,9,8,20,2,16,,43,43,1,22,8,F01,120.601329,24.1823,2
2022,4,10,16,50,臺中市,西區,0,0,0,8,,,50,,,,,,,,,,,,,,,23,,,,,B03,,,1,,1,,,23,23,1,4,,B03,120.669306,24.130326,3
2022,4,10,16,50,臺中市,西屯區,0,2,0,8,1,5,50,3,1,1,5,4,5,7,4,4,4,3,5,2,16,6,2,9,1,1,C03,7,11,6,18,2,14,,6,6,1,22,8,C03,120.666643,24.178063,2
2022,4,10,16,57,臺中市,北屯區,1,0,0,8,1,5,50,11,9,1,5,4,5,7,4,4,5,4,5,2,17,23,1,9,1,4,C03,7,15,1,10,2,11,,23,23,1,21,8,C03,120.746151,24.190791,1
2022,4,10,17,1,臺中市,東勢區,0,1,0,8,1,5,50,11,9,1,5,4,5,7,4,4,5,5,5,1,18,23,2,9,1,4,C03,7,9,1,10,2,12,,23,23,1,22,1,C03,120.767056,24.284069,2
2022,4,10,17,2,臺中市,南屯區,0,0,0,,,,50,,,,,,,,,,,,,,,12,,,,,B03,,,1,,2,,,12,12,1,22,,B03,120.645456,24.149941,3
2022,4,10,17,3,臺中市,南屯區,0,0,0,8,,,40,,,,,,,,,,,,,,,25,,,,,B03,,,1,,2,,,25,25,1,5,,B03,120.623352,24.149794,3
2022,4,10,17,5,臺中市,大里區,0,1,0,8,1,5,50,4,1,1,5,4,5,7,1,1,10,5,5,2,17,23,2,9,1,1,C03,7,12,1,10,2,11,,23,23,1,22,9,C03,120.68627,24.103968,2
2022,4,10,17,8,臺中市,沙鹿區,0,3,0,8,1,5,50,4,1,1,5,4,5,7,3,1,10,5,5,2,15,6,2,9,1,1,B03,7,9,1,8,2,1,,6,6,1,21,8,B03,120.564279,24.236543,2
2022,4,10,17,16,臺中市,豐原區,0,2,0,8,1,5,50,4,1,1,5,4,5,7,1,1,5,5,5,2,16,6,2,9,1,1,C03,7,5,1,10,2,13,,6,6,1,5,8,C03,120.720173,24.249471,2
2022,4,10,17,20,臺中市,西區,0,0,0,8,,,60,,,,,,,,,,,,,,,7,,,,,B03,,,1,,2,,,7,7,1,21,,B03,120.660477,24.156612,3
2022,4,10,17,29,臺中市,豐原區,0,0,0,8,,,50,,,,,,,,,,,,,,,7,,,,,B03,,,1,,2,,,7,7,1,22,,B03,120.723848,24.23531,3
2022,4,10,17,32,臺中市,北屯區,0,0,0,8,,,50,,,,,,,,,,,,,,,23,,,,,B03,,,1,,1,,,23,23,1,21,,B03,120.693079,24.16846,3
2022,4,10,17,32,臺中市,西屯區,0,0,0,8,,,50,,,,,,,,,,,,,,,42,,,,,A12,,,1,,1,,,42,42,1,22,,A12,120.643876,24.175833,3
2022,4,10,17,42,臺中市,西屯區,0,0,0,8,,,50,,,,,,,,,,,,,,,6,,,,,B03,,,1,,2,,,6,6,1,22,,B03,120.638768,24.158603,3
2022,4,10,17,43,臺中市,西屯區,0,2,0,8,1,5,50,14,7,1,5,4,5,7,4,4,3,4,4,2,16,26,2,9,1,1,C03,7,7,1,10,1,13,,26,26,1,4,8,C03,120.644204,24.161008,2
2022,4,10,17,44,臺中市,南屯區,0,1,0,8,1,5,50,4,1,1,5,4,5,7,1,1,5,4,4,2,16,6,3,10,1,1,B01,7,6,1,8,2,2,,6,6,1,22,9,B01,120.64264,24.146869,2
2022,4,10,17,45,臺中市,神岡區,0,1,0,8,1,5,30,4,2,1,5,4,5,7,4,4,5,4,4,2,15,6,3,10,3,4,B03,7,9,1,8,2,5,,6,6,1,22,9,B03,120.686624,24.248988,2
2022,4,10,17,47,臺中市,西區,0,0,0,8,2,5,50,4,1,1,5,4,5,7,1,1,10,5,5,2,13,23,,,,,B03,,,1,,2,,,23,23,1,22,,B03,120.662609,24.155678,3
2022,4,10,17,47,臺中市,豐原區,0,1,0,8,1,5,50,4,1,1,5,4,5,7,3,1,1,5,5,2,16,6,3,10,3,4,B01,7,9,1,4,2,5,,6,6,1,10,8,B01,120.7088,24.251255,2
2022,4,10,17,48,臺中市,北屯區,0,0,0,8,,,50,,,,,,,,,,,,,,,23,,,,,B03,,,1,,1,,,23,23,1,5,,B03,120.686436,24.202645,3
2022,4,10,17,48,臺中市,西屯區,0,1,0,8,1,5,30,11,9,1,5,4,5,7,4,4,10,5,5,2,16,42,2,9,1,1,C03,7,9,2,18,2,11,,42,42,1,22,8,C03,120.658891,24.164139,2
2022,4,10,17,57,臺中市,南區,0,2,0,8,1,5,50,4,1,1,5,4,5,7,3,1,5,4,4,2,16,26,2,8,1,4,C03,7,5,1,10,2,14,,26,26,1,21,8,C03,120.675029,24.125224,2
2022,4,10,17,57,臺中市,南屯區,0,0,0,,,,50,,,,,,,,,,,,,,,6,,,,,B03,,,1,,1,,,6,6,1,22,,B03,120.62489,24.137999,3
2022,4,10,18,4,臺中市,中區,0,1,0,8,1,5,50,4,1,1,5,4,5,7,1,1,10,5,5,2,15,25,3,10,3,4,B03,7,9,1,8,2,6,,25,25,1,22,5,B03,120.679913,24.137942,2
2022,4,10,18,10,臺中市,大甲區,0,0,0,,,,50,,,,,,,,,,,,,,,12,,,,,B03,,,1,,1,,,12,12,1,22,,B03,120.624875,24.345042,3
2022,4,10,18,10,臺中市,豐原區,0,1,0,8,1,5,50,3,1,1,5,4,5,7,4,4,5,5,5,1,17,6,3,10,1,1,C03,7,9,1,10,2,14,,6,6,1,22,8,C03,120.715599,24.254388,2
2022,4,10,18,21,臺中市,北屯區,0,1,0,8,3,5,40,14,8,1,5,4,5,7,4,4,1,4,4,2,18,23,2,9,4,5,F01,7,9,8,20,8,16,,23,23,1,22,8,F01,120.68626,24.195785,2
2022,4,10,18,42,臺中市,北區,0,0,0,,,,50,,,,,,,,,,,,,,,23,,,,,C03,,,1,,1,,,23,23,1,21,,C03,120.686252,24.15482,3
2022,4,10,18,51,臺中市,南屯區,0,2,0,8,2,5,40,4,1,1,5,4,5,7,1,1,10,5,5,2,13,23,2,9,1,1,C03,7,9,1,9,2,11,,23,23,1,18,8,C03,120.63475,24.15387,2
2022,4,10,19,9,臺中市,南屯區,0,1,0,8,3,5,50,4,1,1,5,4,5,7,1,1,10,5,5,2,16,8,3,10,1,1,B03,7,5,1,8,2,8,,8,8,1,22,8,B03,120.64559,24.1361,2
2022,4,10,19,20,臺中市,潭子區,0,0,0,8,,,50,,,,,,,,,,,,,,,23,,,,,C03,,,2,,2,,,23,23,1,22,,C03,120.691212,24.216045,3
2022,4,10,19,21,臺中市,西屯區,0,2,0,8,1,5,50,3,1,1,5,4,5,7,1,1,10,5,5,2,16,6,2,9,1,1,B03,7,5,1,10,2,4,,6,6,1,4,8,B03,120.649008,24.173176,2
2022,4,10,19,28,臺中市,西屯區,0,2,0,8,3,5,50,3,2,1,5,4,5,7,4,4,5,4,5,2,16,8,2,9,3,4,C03,7,5,3,18,2,14,,8,8,1,22,8,C03,120.652828,24.160076,2
2022,4,10,19,34,臺中市,外埔區,0,1,0,8,3,5,30,14,9,1,5,4,5,7,4,4,10,5,5,1,27,23,2,9,1,1,C03,7,9,1,10,2,14,,23,23,1,4,5,C03,120.659019,24.333441,2
2022,4,10,19,42,臺中市,梧棲區,0,2,0,8,3,5,30,4,1,1,5,4,5,7,4,4,10,5,5,2,15,6,2,9,1,1,C03,7,9,1,10,2,12,,6,6,1,5,1,C03,120.555586,24.258952,2
2022,4,10,19,54,臺中市,神岡區,0,1,0,8,3,5,50,4,1,1,5,4,5,7,1,1,5,4,4,1,16,6,3,10,1,1,B03,7,5,1,8,2,5,,6,6,1,22,8,B03,120.696136,24.251886,2
2022,4,10,20,5,臺中市,北屯區,0,0,0,8,,,50,,,,,,,,,,,,,,,26,,,,,B03,,,1,,2,,,26,26,1,21,,B03,120.695377,24.164938,3
2022,4,10,20,20,臺中市,西屯區,0,0,0,8,,,50,,,,,,,,,,,,,,,19,,,,,B12,,,1,,1,,,19,19,1,22,,B12,120.634056,24.16073,3
2022,4,10,20,24,臺中市,神岡區,0,0,0,8,,,50,,,,,,,,,,,,,,,23,,,,,B03,,,1,,1,,,23,23,1,22,,B03,120.689391,24.257879,3
2022,4,10,20,32,臺中市,豐原區,0,1,0,8,3,5,50,4,1,1,5,4,5,7,4,4,5,5,5,2,16,6,3,10,1,1,C03,7,6,2,18,2,13,,6,6,1,16,8,C03,120.730586,24.250063,2
2022,4,10,20,33,臺中市,太平區,0,1,0,8,3,5,80,14,9,1,5,4,5,7,4,4,5,5,5,2,13,23,3,10,1,1,B03,7,9,1,8,2,1,,23,23,1,21,8,B03,120.715026,24.150408,2
2022,4,10,20,41,臺中市,西屯區,0,2,0,8,3,8,50,3,1,1,5,4,5,7,4,4,10,5,5,2,13,42,3,10,1,1,C03,7,12,1,10,2,11,,42,42,1,4,8,C03,120.65538,24.165701,2
2022,4,10,20,50,臺中市,南屯區,0,0,0,8,3,5,50,4,1,1,5,4,5,7,1,1,5,4,5,2,17,18,,,,,B03,,,1,,1,,,18,18,1,22,,B03,120.651402,24.15226,3
2022,4,10,21,15,臺中市,北屯區,0,1,0,8,3,5,30,3,1,1,5,4,5,7,4,4,10,5,5,2,16,6,3,10,1,1,B03,7,5,1,8,2,5,,6,6,1,22,8,B03,120.689407,24.1456,2
2022,4,10,21,35,臺中市,北區,0,0,0,8,,,50,,,,,,,,,,,,,,,23,,,,,B03,,,1,,2,,,23,23,1,22,,B03,120.674078,24.163931,3
2022,4,10,21,50,臺中市,清水區,0,1,0,8,3,5,50,4,1,1,5,4,5,7,1,1,10,5,5,2,16,6,3,10,1,1,B03,7,6,1,8,2,2,,6,6,1,5,5,B03,120.572501,24.27472,2
2022,4,10,21,59,臺中市,北區,0,0,0,,,,50,,,,,,,,,,,,,,,12,,,,,B03,,,1,,2,,,12,12,1,22,,B03,120.684474,24.158947,3