年,月,日,時,分,縣市,區,死,受傷,2-30,天候,光線,道路類別,速限,道路型態,事故位置,路面鋪裝,路面狀態,路面缺陷,障礙物,視距,號誌種類,號誌動作,分向設施,快車道或一般車道間,快慢車道間,路面邊線,事故類型及型態,主要肇因,受傷程度,主要傷處,保護裝備,行動電話,當事者區分,車輛用途,當事者行動狀態,駕駛資格情形,駕駛執照種類,飲酒情形,車輛撞擊部位最初,車輛撞擊部位其他,肇事因素個別,肇事因素主要,肇事逃逸,職業,旅次目的,車種,GPS緯度,GPS經度,事故類別
2022,4,12,8,40,臺中市,烏日區,0,1,0,8,1,5,50,7,9,1,5,4,5,7,4,4,5,5,5,2,29,23,2,9,1,1,C03,7,9,1,10,2,11,14,23,23,1,21,8,C03,120.625105,24.106933,2
2022,4,12,8,41,臺中市,潭子區,0,1,0,8,1,5,50,14,9,1,5,4,5,7,4,4,1,4,5,1,12,7,3,10,1,1,B12,7,8,1,8,2,2,,7,7,1,22,8,B12,120.696713,24.200787,2
2022,4,12,8,42,臺中市,西區,0,2,0,8,1,5,50,3,1,1,5,4,5,7,4,4,10,5,5,2,10,4,2,9,1,1,C03,7,9,1,10,2,11,,4,4,1,9,9,C03,120.655305,24.152848,2
2022,4,12,8,44,臺中市,北屯區,0,1,0,8,1,5,30,14,9,1,5,4,5,7,4,4,10,5,5,2,18,42,2,9,1,1,C03,7,1,1,10,2,14,,42,42,1,4,8,C03,120.6796,24.1745,2
2022,4,12,8,45,臺中市,清水區,0,0,0,,,,50,,,,,,,,,,,,,,,6,,,,,B03,,,1,,2,,,6,6,1,19,,B03,120.574293,24.268718,3
2022,4,12,8,46,臺中市,烏日區,0,0,0,8,,,50,,,,,,,,,,,,,,,16,,,,,B12,,,1,,2,,,16,16,1,21,,B12,120.62036,24.102093,3
2022,4,12,8,47,臺中市,西區,0,2,0,8,1,5,50,4,1,1,5,4,5,7,1,1,10,5,5,2,15,25,2,9,1,1,C03,7,9,1,10,2,11,,25,25,1,21,8,C03,120.655125,24.152342,2
2022,4,12,8,47,臺中市,南屯區,0,0,0,8,,,40,,,,,,,,,,,,,,,12,,,,,B03,,,1,,2,,,12,12,1,5,,B03,120.643658,24.149933,3
2022,4,12,9,6,臺中市,西屯區,0,0,0,8,,,40,,,,,,,,,,,,,,,42,,,,,B03,,,1,,2,,,42,42,1,22,,B03,120.635665,24.182943,3
2022,4,12,9,14,臺中市,大里區,0,0,0,8,,,50,,,,,,,,,,,,,,,6,,,,,C03,,,1,,2,,,6,6,1,22,,C03,120.679925,24.097269,3
2022,4,12,9,15,臺中市,太平區,0,0,0,,,,30,,,,,,,,,,,,,,,23,,,,,B12,,,1,,9,2,,23,23,2,22,,B12,120.73269,24.111694,3
2022,4,12,9,16,臺中市,太平區,0,1,0,8,1,5,50,4,1,1,5,4,5,7,4,4,10,5,5,2,12,23,3,10,1,1,B12,7,4,1,8,2,5,,23,23,1,22,8,B12,120.720886,24.11926,2
2022,4,12,9,33,臺中市,大里區,0,1,0,8,1,5,50,3,1,1,5,4,5,7,4,4,5,4,4,1,29,67,,,,,,,,,,,,,67,67,1,,,,120.688755,24.10328,2
2022,4,12,9,40,臺中市,南屯區,0,0,0,8,,,50,,,,,,,,,,,,,,,7,,,,,B03,,,1,,1,,,7,7,1,22,,B03,120.624166,24.148055,3
2022,4,12,9,52,臺中市,后里區,0,1,0,8,1,5,30,14,9,1,5,4,5,7,4,4,8,3,5,1,16,19,3,10,1,1,B12,7,1,1,8,2,8,,19,19,1,22,8,B12,120.707801,24.315279,2
2022,4,12,9,53,臺中市,南屯區,0,0,0,6,,,50,,,,,,,,,,,,,,,6,,,,,B03,,,1,,1,,,6,6,1,19,,B03,120.646636,24.152848,3
2022,4,12,10,0,臺中市,梧棲區,0,2,0,8,1,5,50,4,1,1,5,4,5,7,4,4,10,5,5,2,15,6,2,2,1,1,B03,7,9,1,8,2,5,,6,6,1,9,8,B03,120.537035,24.248146,2
2022,4,12,10,4,臺中市,大安區,0,1,0,8,1,5,30,3,1,1,5,4,5,7,4,4,10,5,5,2,17,19,3,10,1,1,B03,7,1,1,10,2,8,,19,19,1,4,8,B03,120.587726,24.346346,2
2022,4,12,10,9,臺中市,梧棲區,0,0,0,8,,,30,,,,,,,,,,,,,,,12,,,,,B03,,,1,,2,,,12,12,1,20,,B03,120.537223,24.259498,3
2022,4,12,10,11,臺中市,東區,0,1,0,8,1,5,50,3,2,1,5,4,5,7,3,1,5,4,5,2,17,26,3,10,1,1,B03,7,11,1,8,2,8,,26,26,1,21,8,B03,120.690251,24.140033,2
2022,4,12,10,19,臺中市,南屯區,0,1,0,8,1,5,40,12,16,1,5,4,5,7,4,4,10,5,5,2,13,16,3,10,1,1,B03,7,9,1,8,2,1,,16,16,1,5,8,B03,120.623493,24.151843,2
2022,4,12,10,30,臺中市,北屯區,0,0,0,8,,,50,,,,,,,,,,,,,,,12,,,,,B03,,,1,,11,,,12,12,1,21,,B03,120.689436,24.176649,3
2022,4,12,10,34,臺中市,后里區,0,0,0,8,,,50,,,,,,,,,,,,,,,7,,,,,A41,,,1,,2,,,7,7,1,10,,A41,120.705591,24.316758,3
2022,4,12,10,38,臺中市,西區,0,0,0,8,,,30,,,,,,,,,,,,,,,23,,,,,B03,,,1,,2,,,23,23,1,22,,B03,120.676716,24.140639,3
2022,4,12,10,40,臺中市,神岡區,0,0,0,8,,,50,,,,,,,,,,,,,,,42,,,,,A11,,,1,,2,,,42,42,1,22,,A11,120.69872,24.248668,3
2022,4,12,10,46,臺中市,烏日區,0,0,0,,,,50,,,,,,,,,,,,,,,8,,,,,C03,,,1,,2,,,8,8,1,22,,C03,120.604354,24.106656,3
2022,4,12,10,49,臺中市,北屯區,0,2,0,8,1,5,50,4,1,1,5,4,5,7,1,1,10,5,5,2,16,6,2,9,1,1,C03,7,5,4,8,2,11,,6,6,1,21,8,C03,120.691276,24.175443,2
2022,4,12,10,51,臺中市,太平區,0,0,0,,,,80,,,,,,,,,,,,,,,16,,,,,A11,,,1,,2,,,16,16,1,21,,A11,120.710725,24.141557,3
2022,4,12,11,5,臺中市,南屯區,0,1,0,8,1,5,40,14,8,1,5,4,5,7,4,4,5,5,4,2,27,44,2,9,3,4,C03,7,9,1,10,2,11,,44,44,1,22,7,C03,120.630824,24.145706,2
2022,4,12,11,11,臺中市,西屯區,0,0,0,8,,,70,,,,,,,,,,,,,,,7,,,,,B03,,,1,,1,,,7,7,1,21,,B03,120.638743,24.158735,3
2022,4,12,11,25,臺中市,沙鹿區,0,0,0,8,1,5,50,3,9,1,5,4,5,7,4,4,4,3,5,1,15,8,,,,,B03,,,1,,2,,,8,8,1,22,,B03,120.561009,24.24183,3
2022,4,12,11,30,臺中市,南屯區,0,0,0,8,,,1,,,,,,,,,,,,,,,12,,,,,C03,,,1,,1,,,12,12,1,5,,C03,120.652265,24.150448,3
2022,4,12,11,30,臺中市,西屯區,0,1,0,8,1,5,40,3,1,1,5,4,5,7,1,1,5,5,4,2,16,43,3,10,3,4,C03,7,15,1,10,2,14,,43,43,1,22,8,C03,120.647371,24.171345,2
2022,4,12,11,30,臺中市,龍井區,0,1,0,8,1,5,30,4,1,1,5,4,5,7,4,4,10,5,5,2,15,6,2,8,3,4,C03,7,9,1,10,2,13,,6,6,1,4,8,C03,120.544644,24.217648,2
2022,4,12,11,35,臺中市,大里區,0,1,0,8,1,5,50,3,1,1,5,4,5,7,4,4,10,5,5,2,16,10,3,10,1,1,B03,7,11,1,8,2,8,,10,10,1,12,8,B03,120.703904,24.088093,2
2022,4,12,11,35,臺中市,豐原區,0,0,0,8,,,40,,,,,,,,,,,,,,,18,,,,,B12,,,1,,9,,,18,18,1,22,,B12,120.717469,24.253216,3
2022,4,12,11,40,臺中市,南屯區,0,0,0,8,,,50,,,,,,,,,,,,,,,16,,,,,B11,,,1,,2,,,16,16,1,22,,B11,120.592636,24.151419,3
2022,4,12,11,45,臺中市,梧棲區,0,0,0,8,,,60,,,,,,,,,,,,,,,17,,,,,B03,,,1,,2,,,17,17,1,9,,B03,120.524722,24.223374,3
2022,4,12,11,46,臺中市,南區,0,1,0,8,1,5,50,14,7,1,5,4,5,7,4,4,1,4,4,2,17,7,2,9,1,1,C03,7,7,2,18,2,14,,7,7,1,16,8,C03,120.65159,24.119091,2
2022,4,12,11,48,臺中市,神岡區,0,2,0,8,1,5,30,3,1,1,5,4,5,7,4,4,5,5,5,2,16,8,2,9,1,1,C03,7,5,6,10,2,11,,8,8,1,22,9,C03,120.70913,24.259343,2
2022,4,12,11,50,臺中市,豐原區,0,1,0,8,1,5,50,4,1,1,5,4,5,7,1,1,5,5,5,2,16,44,3,10,3,4,C03,7,5,1,10,2,13,,44,44,1,22,1,C03,120.708852,24.245589,2
2022,4,12,12,6,臺中市,大雅區,0,1,0,8,1,5,50,3,2,1,5,4,5,7,1,1,1,4,4,1,16,43,3,10,1,1,A11,7,3,1,3,2,2,,43,43,1,22,9,A11,120.642165,24.229269,2
2022,4,12,12,16,臺中市,南屯區,0,0,0,8,1,5,40,4,1,1,5,4,5,7,1,1,10,5,5,2,16,8,3,10,1,1,C03,7,5,1,10,2,14,,8,8,1,22,8,C03,120.625997,24.112952,3
2022,4,12,12,17,臺中市,北屯區,0,0,0,8,,,50,,,,,,,,,,,,,,,42,,,,,B12,,,1,,1,,,42,42,1,21,,B12,120.708428,24.175685,3
2022,4,12,12,17,臺中市,大肚區,0,1,0,8,1,5,30,4,1,1,5,4,5,7,4,4,10,5,5,2,17,19,2,8,1,1,C03,7,1,3,18,2,11,,19,19,1,22,8,C03,120.578865,24.169321,2
2022,4,12,12,22,臺中市,北區,0,2,0,8,1,5,50,4,1,1,5,4,5,7,1,1,10,5,5,2,17,26,2,9,1,1,C03,7,9,1,10,2,11,,26,26,1,22,8,C03,120.686657,24.160271,2
2022,4,12,12,23,臺中市,豐原區,0,0,0,8,,,50,,,,,,,,,,,,,,,16,,,,,C03,,,1,,2,,,16,16,1,22,,C03,120.716577,24.253113,3
2022,4,12,12,26,臺中市,北區,0,0,0,8,,,50,,,,,,,,,,,,,,,19,,,,,B03,,,1,,11,,,19,19,1,22,,B03,120.691512,24.155858,3
2022,4,12,12,27,臺中市,潭子區,0,1,0,8,1,5,50,3,1,1,5,4,5,7,4,4,10,5,5,2,16,6,3,10,1,1,B03,7,5,1,8,2,5,,6,6,1,22,8,B03,120.707034,24.21264,2
2022,4,12,12,34,臺中市,梧棲區,0,1,0,8,1,5,50,4,2,1,5,4,5,7,2,1,10,5,5,2,17,23,2,9,1,1,C03,7,9,1,10,2,11,,23,23,1,9,8,C03,120.529824,24.253688,2
2022,4,12,12,35,臺中市,南區,0,0,0,8,,,50,,,,,,,,,,,,,,,17,,,,,B11,,,1,,2,,,17,17,1,22,,B11,120.676061,24.125951,3
2022,4,12,12,38,臺中市,南屯區,0,0,0,,,,40,,,,,,,,,,,,,,,9,,,,,B03,,,1,,1,,,9,9,1,22,,B03,120.636931,24.152829,3
2022,4,12,12,45,臺中市,南屯區,0,0,0,8,,,50,,,,,,,,,,,,,,,16,,,,,B03,,,1,,2,,,16,16,1,22,,B03,120.622222,24.140277,3
2022,4,12,12,45,臺中市,清水區,0,0,0,8,1,5,50,5,2,1,5,4,5,7,1,1,1,4,1,1,12,9,3,10,1,1,A12,7,6,1,7,2,5,2,9,9,1,5,5,A12,120.54961,24.276433,3
2022,4,12,12,50,臺中市,梧棲區,0,0,0,8,,,50,,,,,,,,,,,,,,,12,,,,,B03,,,1,,2,,,12,12,1,9,,B03,120.535469,24.248531,3
2022,4,12,12,52,臺中市,西屯區,0,0,0,8,,,50,,,,,,,,,,,,,,,23,,,,,B03,,,1,,2,,,23,23,1,22,,B03,120.655875,24.176063,3
2022,4,12,12,56,臺中市,北屯區,0,0,0,8,,,50,,,,,,,,,,,,,,,10,,,,,B03,,,1,,1,,,10,10,1,21,,B03,120.730848,24.162215,3
2022,4,12,13,1,臺中市,北區,0,2,0,8,1,5,50,3,1,1,5,4,5,7,4,4,10,5,5,2,16,19,2,9,1,1,C03,7,1,1,10,2,11,,19,19,1,22,8,C03,120.687026,24.148567,2
2022,4,12,13,5,臺中市,南屯區,0,1,0,8,1,5,50,4,18,1,5,4,5,7,2,1,10,5,5,2,3,15,3,10,1,1,B03,7,5,1,8,2,1,,15,15,1,22,9,B03,120.649888,24.142631,2
2022,4,12,13,8,臺中市,大甲區,0,1,0,8,1,5,50,3,1,1,5,4,5,7,1,1,5,5,5,2,16,6,2,9,1,1,C03,7,6,1,10,2,12,,6,6,1,21,8,C03,120.627015,24.351513,2
2022,4,12,13,9,臺中市,南屯區,0,3,0,8,1,5,50,4,1,1,5,4,5,7,2,1,5,4,4,2,15,25,2,7,3,4,B03,7,9,1,8,2,8,,25,25,1,22,9,B03,120.653175,24.132006,2
2022,4,12,13,12,臺中市,北區,0,0,0,8,,,40,,,,,,,,,,,,,,,18,,,,,A06,,,1,,2,,,18,18,1,22,,A06,120.682275,24.165907,3
2022,4,12,13,12,臺中市,大里區,0,0,0,8,,,50,,,,,,,,,,,,,,,19,,,,,B12,,,1,,2,,,19,19,1,12,,B12,120.70329,24.095986,3
2022,4,12,13,15,臺中市,南屯區,0,0,0,8,,,50,,,,,,,,,,,,,,,23,,,,,B03,,,1,,1,,,23,23,1,22,,B03,120.634173,24.158375,3
2022,4,12,13,16,臺中市,烏日區,0,0,0,8,,,50,,,,,,,,,,,,,,,23,,,,,C03,,,1,,2,,,23,23,1,21,,C03,120.623078,24.110727,3
2022,4,12,13,19,臺中市,梧棲區,0,0,0,8,,,40,,,,,,,,,,,,,,,12,,,,,A11,,,1,,2,,,12,12,1,10,,A11,120.513753,24.227842,3
2022,4,12,13,21,臺中市,沙鹿區,0,1,0,8,1,5,30,4,1,1,5,4,5,7,4,4,10,5,5,2,17,23,3,10,1,1,B12,7,9,1,8,2,5,,23,23,1,4,8,B12,120.547976,24.217512,2
2022,4,12,13,24,臺中市,南屯區,0,1,0,8,1,5,50,3,1,1,5,4,5,7,4,4,10,5,5,2,18,42,2,9,1,4,C03,7,9,1,10,2,14,,42,42,1,22,8,C03,120.623571,24.141538,2
2022,4,12,13,33,臺中市,西屯區,0,1,0,8,1,5,30,4,1,1,5,4,5,7,1,3,5,4,4,2,15,6,2,9,3,4,C03,7,9,1,10,2,11,,6,6,1,22,8,C03,120.6437,24.192085,2
2022,4,12,13,40,臺中市,北屯區,0,2,0,8,1,5,50,4,1,1,5,4,5,7,3,1,10,5,5,2,15,6,2,3,1,1,B12,7,9,1,8,2,7,,6,6,1,9,8,B12,120.688587,24.196617,2
2022,4,12,13,40,臺中市,大甲區,0,0,0,6,1,5,50,3,2,1,5,4,5,7,4,4,10,5,5,2,14,12,3,10,1,1,B12,7,2,1,8,2,7,,12,12,1,5,1,B12,120.623893,24.355405,3
2022,4,12,13,45,臺中市,中區,0,0,0,8,1,5,50,14,9,1,5,4,5,7,4,4,9,4,5,2,17,19,,,,,B12,,,1,,1,,,19,19,1,10,,B12,120.685001,24.13957,3
2022,4,12,13,51,臺中市,南區,0,3,0,8,1,5,40,14,8,1,5,4,5,7,4,4,3,4,4,2,17,19,2,9,1,1,C03,7,1,1,10,2,14,,19,19,1,21,8,C03,120.656929,24.116139,2
2022,4,12,13,51,臺中市,龍井區,0,0,0,8,,,50,,,,,,,,,,,,,,,23,,,,,B03,,,1,,2,,,23,23,1,21,,B03,120.57101,24.177788,3
2022,4,12,13,56,臺中市,南屯區,0,1,0,8,1,5,50,14,9,1,5,4,5,7,4,4,5,5,5,2,14,12,3,10,3,4,B03,7,2,1,8,2,3,,12,12,1,19,8,B03,120.645412,24.15299,2
2022,4,12,14,4,臺中市,南屯區,0,0,0,8,,,50,,,,,,,,,,,,,,,6,,,,,B03,,,1,,1,,,6,6,1,22,,B03,120.640739,24.148775,3
2022,4,12,14,9,臺中市,北屯區,0,0,0,8,,,30,,,,,,,,,,,,,,,23,,,,,B03,,,1,,1,,,23,23,1,21,,B03,120.663945,24.192203,3
2022,4,12,14,10,臺中市,南區,0,0,0,,,,50,,,,,,,,,,,,,,,12,,,,,B11,,,1,,2,,,12,12,1,5,,B11,120.67887,24.131167,3
2022,4,12,14,20,臺中市,龍井區,0,2,0,8,1,5,50,5,1,1,5,4,5,7,4,4,9,4,4,2,17,23,2,9,1,1,C03,7,5,1,10,2,11,,23,23,1,18,8,C03,120.590994,24.181158,2
2022,4,12,14,52,臺中市,西屯區,0,0,0,8,,,50,,,,,,,,,,,,,,,23,,,,,B03,,,1,,1,,,23,23,1,22,,B03,120.621803,24.173511,3
2022,4,12,14,58,臺中市,北屯區,0,0,0,8,,,50,,,,,,,,,,,,,,,12,,,,,B03,,,1,,1,,,12,12,1,21,,B03,120.686796,24.196743,3
2022,4,12,15,0,臺中市,南屯區,0,0,0,8,,,50,,,,,,,,,,,,,,,25,,,,,B03,,,1,,2,,,25,25,1,22,,B03,120.638311,24.14718,3
2022,4,12,15,8,臺中市,西屯區,0,0,0,8,,,50,,,,,,,,,,,,,,,42,,,,,C03,,,1,,1,,,42,42,1,18,,C03,120.65542,24.174418,3
2022,4,12,15,10,臺中市,南屯區,0,0,0,8,,,50,,,,,,,,,,,,,,,60,,,,,G03,,,1,,9,,,60,60,1,22,,G03,120.615368,24.152706,3
2022,4,12,15,10,臺中市,梧棲區,0,1,0,8,1,5,50,4,2,1,5,4,5,7,1,1,5,4,4,2,16,6,3,10,1,1,B12,7,6,1,2,2,5,,6,6,1,9,1,B12,120.532244,24.258713,2
2022,4,12,15,20,臺中市,西區,0,0,0,8,,,50,,,,,,,,,,,,,,,18,,,,,B12,,,1,,1,,,18,18,1,5,,B12,120.657569,24.148469,3
2022,4,12,15,20,臺中市,太平區,0,1,0,8,1,5,50,4,1,1,5,4,5,7,1,1,10,5,5,2,16,42,2,9,1,1,B12,7,6,1,8,2,2,,42,42,1,21,8,B12,120.722813,24.149386,2
2022,4,12,15,22,臺中市,神岡區,0,0,0,8,,,50,,,,,,,,,,,,,,,42,,,,,B03,,,1,,1,,,42,42,1,22,,B03,120.695699,24.248522,3
2022,4,12,15,25,臺中市,西屯區,0,1,0,8,1,5,50,4,1,1,5,4,5,7,1,1,10,5,5,2,16,7,3,10,1,1,B03,7,8,1,8,1,2,,7,7,1,4,8,B03,120.646182,24.164752,2
2022,4,12,15,28,臺中市,太平區,0,1,0,8,1,5,50,14,9,1,5,4,5,7,4,4,5,4,5,1,16,19,3,10,1,1,B03,7,1,1,8,2,8,,19,19,1,22,8,B03,120.725594,24.134019,2
2022,4,12,15,30,臺中市,大甲區,0,0,0,8,,,60,,,,,,,,,,,,,,,23,,,,,B03,,,1,,2,,,23,23,1,21,,B03,120.617412,24.346593,3
2022,4,12,15,32,臺中市,霧峰區,0,1,0,8,1,5,50,4,1,1,5,4,5,7,1,1,10,5,5,2,16,23,2,9,1,1,C03,7,9,1,10,2,14,,23,23,1,20,9,C03,120.703016,24.07078,2
2022,4,12,15,45,臺中市,清水區,0,0,0,,,,50,,,,,,,,,,,,,,,23,,,,,B03,,,1,,2,,,23,23,1,22,,B03,120.564997,24.277138,3
2022,4,12,15,48,臺中市,東區,0,0,0,8,,,50,,,,,,,,,,,,,,,25,,,,,B12,,,1,,2,,,25,25,1,22,,B12,120.695607,24.141115,3
2022,4,12,15,53,臺中市,北屯區,0,1,0,8,1,5,50,4,2,1,5,4,5,7,2,1,10,5,5,2,16,23,3,10,1,1,C03,7,8,1,10,2,11,,23,23,1,18,8,C03,120.688181,24.177056,2
2022,4,12,15,55,臺中市,西區,0,0,0,,,,50,,,,,,,,,,,,,,,16,,,,,B03,,,1,,,,,16,16,1,21,,B03,120.665334,24.14296,3
2022,4,12,16,0,臺中市,大甲區,0,0,0,,,,50,,,,,,,,,,,,,,,67,,,,,A21,,,1,,1,,,67,67,1,22,,A21,120.613,24.335002,3
2022,4,12,16,1,臺中市,南屯區,0,0,0,8,,,40,,,,,,,,,,,,,,,12,,,,,B03,,,1,,1,,,12,12,1,22,,B03,120.646094,24.132561,3
2022,4,12,16,2,臺中市,神岡區,0,0,0,8,,,30,,,,,,,,,,,,,,,23,,,,,A12,,,1,,3,,,23,23,1,22,,A12,120.69617,24.242591,3
2022,4,12,16,10,臺中市,后里區,0,1,0,8,1,5,40,14,9,1,5,4,5,7,4,4,9,4,5,1,29,26,2,9,1,1,C03,7,8,1,10,2,13,,26,26,1,22,8,C03,120.697383,24.301509,2
2022,4,12,16,14,臺中市,西區,0,0,0,8,1,5,50,14,9,1,5,4,5,7,4,4,5,2,5,2,17,7,,,,,B03,,,1,,1,,,7,7,1,5,,B03,120.677012,24.140394,3
2022,4,12,16,15,臺中市,霧峰區,0,1,0,8,1,5,50,14,9,1,5,4,5,7,4,4,5,5,5,1,12,42,2,8,1,1,C03,7,9,1,10,2,14,,42,42,1,21,9,C03,120.707831,24.076956,2
2022,4,12,16,15,臺中市,太平區,0,1,0,8,1,5,40,11,9,1,5,4,5,7,4,4,5,4,5,1,29,42,2,9,1,1,C03,7,9,1,10,2,12,,42,42,1,22,8,C03,120.778976,24.100522,2
2022,4,12,16,18,臺中市,太平區,0,0,0,8,,,40,,,,,,,,,,,,,,,23,,,,,C03,,,4,,2,,,23,23,1,22,,C03,120.702622,24.116269,3
2022,4,12,16,29,臺中市,西屯區,0,0,0,8,,,30,,,,,,,,,,,,,,,17,,,,,B03,,,1,,2,,,17,17,1,22,,B03,120.637555,24.174079,3
2022,4,12,16,30,臺中市,西屯區,0,1,0,8,1,5,30,5,1,1,5,4,5,7,3,1,5,4,4,2,15,6,3,10,3,4,B12,7,9,1,8,2,8,,6,6,1,22,8,B12,120.638618,24.181626,2
2022,4,12,16,32,臺中市,南屯區,0,1,0,8,1,5,50,4,1,1,5,4,5,7,1,1,5,5,5,2,16,8,3,10,1,1,B12,7,5,1,8,2,6,,8,8,1,22,8,B12,120.610344,24.135691,2
2022,4,12,16,37,臺中市,太平區,0,0,0,8,,,30,,,,,,,,,,,,,,,42,,,,,G03,,,1,,2,,,42,42,1,10,,G03,120.70756,24.162254,3
2022,4,12,16,41,臺中市,大里區,0,0,0,8,,,50,,,,,,,,,,,,,,,23,,,,,B03,,,6,,2,,,23,23,1,22,,B03,120.69577,24.101798,3
2022,4,12,16,42,臺中市,潭子區,0,0,0,8,1,5,50,3,1,1,5,4,5,7,1,1,5,5,5,1,13,16,3,10,1,1,C03,7,12,3,18,2,11,,16,16,1,22,9,C03,120.723693,24.2185,3
2022,4,12,16,53,臺中市,西屯區,0,2,0,8,1,5,50,3,2,1,5,4,5,7,4,4,5,5,5,2,13,23,3,10,3,4,C03,7,9,4,8,2,11,,23,23,2,20,8,C03,120.649235,24.168396,2
2022,4,12,16,57,臺中市,北屯區,0,0,0,8,,,50,,,,,,,,,,,,,,,23,,,,,B03,,,1,,2,,,23,23,1,21,,B03,120.686691,24.183638,3
2022,4,12,17,3,臺中市,南屯區,0,0,0,8,,,50,,,,,,,,,,,,,,,9,,,,,B03,,,1,,9,,,9,9,1,22,,B03,120.646292,24.134654,3
2022,4,12,17,3,臺中市,北屯區,0,1,0,8,2,5,50,14,9,1,5,4,5,7,4,4,5,5,5,2,13,16,2,9,1,1,C03,7,9,1,10,2,11,,16,16,1,22,8,C03,120.716791,24.176114,2
2022,4,12,17,3,臺中市,沙鹿區,0,3,0,8,1,5,30,4,1,1,5,4,5,7,4,4,10,5,5,2,15,6,2,9,1,1,C03,7,9,1,10,2,11,,6,6,1,4,5,C03,120.550045,24.21708,2
2022,4,12,17,4,臺中市,中區,0,0,0,8,1,5,50,14,9,1,5,4,5,7,4,4,5,5,5,2,12,40,,,,,B03,,,1,,,,,40,40,1,21,,B03,120.674502,24.143004,3
2022,4,12,17,7,臺中市,南屯區,0,0,0,8,,,50,,,,,,,,,,,,,,,6,,,,,B03,,,1,,1,,,6,6,1,22,,B03,120.630815,24.144837,3
2022,4,12,17,9,臺中市,南屯區,0,3,0,8,1,5,50,14,12,1,5,4,5,7,4,4,10,4,4,2,17,40,3,10,1,1,B03,7,14,1,8,2,4,,40,40,1,22,9,B03,120.654594,24.144956,2
2022,4,12,17,10,臺中市,南屯區,0,0,0,8,,,50,,,,,,,,,,,,,,,23,,,,,B03,,,1,,1,,,23,23,1,22,,B03,120.643721,24.134809,3
2022,4,12,17,11,臺中市,西屯區,0,1,0,8,1,5,30,4,1,1,5,4,5,7,1,3,4,5,5,2,15,6,3,10,1,1,B12,7,9,1,8,2,2,,6,6,1,22,8,B12,120.643636,24.192039,2
2022,4,12,17,17,臺中市,北屯區,0,0,0,8,,,50,,,,,,,,,,,,,,,23,,,,,B03,,,1,,1,,,23,23,1,5,,B03,120.701448,24.169713,3
2022,4,12,17,20,臺中市,豐原區,0,1,0,8,1,5,50,3,1,1,5,4,5,7,1,1,10,5,5,2,16,6,3,10,1,1,B03,7,6,1,8,2,2,,6,6,1,22,8,B03,120.717013,24.241266,2
2022,4,12,17,25,臺中市,神岡區,0,2,0,8,1,5,50,3,1,1,5,4,5,7,1,1,5,5,5,1,17,6,2,9,1,1,C03,7,5,1,10,2,11,,6,6,1,12,8,C03,120.685554,24.240936,2
2022,4,12,17,30,臺中市,后里區,0,2,0,8,1,5,50,4,1,1,5,4,5,7,4,4,10,5,5,2,16,8,2,7,1,1,C03,4,5,1,10,2,14,,8,8,1,22,8,C03,120.713149,24.30774,2
2022,4,12,17,31,臺中市,南屯區,0,0,0,8,,,50,,,,,,,,,,,,,,,23,,,,,B03,,,1,,1,,,23,23,1,22,,B03,120.643745,24.153516,3
2022,4,12,17,32,臺中市,南屯區,0,1,0,8,1,5,50,3,1,1,5,4,5,7,1,1,5,4,4,2,16,8,3,10,1,1,B12,7,5,1,8,2,2,,8,8,1,22,8,B12,120.609986,24.140586,2
2022,4,12,17,34,臺中市,后里區,0,2,0,8,1,5,50,4,1,1,5,4,4,7,1,1,10,5,5,2,11,8,2,9,1,1,C03,7,5,1,10,2,11,,8,8,1,4,5,C03,120.71331,24.30371,2
2022,4,12,17,37,臺中市,西屯區,0,0,0,8,,,50,,,,,,,,,,,,,,,7,,,,,B03,,,1,,1,,,7,7,1,22,,B03,120.658291,24.200953,3
2022,4,12,17,39,臺中市,后里區,0,0,0,8,1,5,50,14,9,1,5,4,5,7,4,4,5,4,5,1,29,43,3,10,3,4,B12,7,14,1,6,2,1,,43,43,1,9,9,B12,120.726353,24.309099,3
2022,4,12,17,40,臺中市,西屯區,0,1,0,8,1,5,50,14,7,1,5,4,5,7,4,4,5,5,4,2,13,23,2,9,1,1,C03,7,9,1,10,1,14,,23,23,1,4,8,C03,120.640082,24.175407,2
2022,4,12,17,43,臺中市,南屯區,0,0,0,8,,,50,,,,,,,,,,,,,,,7,,,,,B03,,,1,,2,,,7,7,1,22,,B03,120.623314,24.149649,3
2022,4,12,17,51,臺中市,西區,0,2,0,8,1,5,50,3,1,1,5,4,5,7,4,4,10,5,5,2,17,38,3,10,1,1,B12,7,14,1,4,1,2,,38,38,1,22,9,B12,120.655135,24.150315,2
2022,4,12,17,52,臺中市,南屯區,0,1,0,8,1,5,50,4,1,1,5,4,5,7,1,1,10,5,5,2,3,15,3,10,1,1,B03,7,5,1,8,2,8,,15,15,1,22,8,B03,120.65467,24.140051,2
2022,4,12,17,55,臺中市,中區,0,0,0,8,2,5,50,4,1,1,5,4,5,7,1,1,10,5,5,2,12,26,,,,,A12,,,1,,2,,,26,26,1,10,,A12,120.68214,24.141525,3