年,月,日,時,分,縣市,區,死,受傷,2-30,天候,光線,道路類別,速限,道路型態,事故位置,路面鋪裝,路面狀態,路面缺陷,障礙物,視距,號誌種類,號誌動作,分向設施,快車道或一般車道間,快慢車道間,路面邊線,事故類型及型態,主要肇因,受傷程度,主要傷處,保護裝備,行動電話,當事者區分,車輛用途,當事者行動狀態,駕駛資格情形,駕駛執照種類,飲酒情形,車輛撞擊部位最初,車輛撞擊部位其他,肇事因素個別,肇事因素主要,肇事逃逸,職業,旅次目的,車種,GPS緯度,GPS經度,事故類別
2022,4,14,13,16,臺中市,西屯區,0,0,0,8,,,30,,,,,,,,,,,,,,,23,,,,,B03,,,1,,2,,,23,23,1,22,,B03,120.645963,24.18184,3
2022,4,14,13,16,臺中市,神岡區,0,1,0,8,1,5,30,4,1,1,5,4,5,7,4,4,10,5,5,2,15,6,3,10,1,1,A12,7,9,1,2,2,2,,6,6,1,10,4,A12,120.643683,24.247741,2
2022,4,14,13,30,臺中市,龍井區,0,1,0,8,1,5,50,4,1,1,5,4,5,7,4,4,10,5,5,2,16,6,2,9,3,4,C03,7,9,1,10,2,11,,6,6,1,4,7,C03,120.547785,24.193656,2
2022,4,14,13,34,臺中市,南屯區,0,0,0,8,,,50,,,,,,,,,,,,,,,18,,,,,B03,,,1,,2,,,18,18,1,22,,B03,120.651689,24.152055,3
2022,4,14,13,40,臺中市,太平區,0,0,0,8,,,30,,,,,,,,,,,,,,,12,,,,,B12,,,1,,2,,,12,12,1,21,,B12,120.741265,24.158657,3
2022,4,14,13,43,臺中市,北區,1,0,0,8,1,5,50,4,1,1,5,4,5,7,1,1,1,5,5,2,16,10,3,10,1,1,B03,7,11,1,8,2,5,,10,10,1,21,8,B03,120.674848,24.161665,1
2022,4,14,13,51,臺中市,大里區,0,1,0,8,1,5,25,4,1,1,5,4,5,7,1,1,10,5,5,2,16,17,2,9,1,1,C03,7,9,1,10,2,14,,17,17,1,19,9,C03,120.696778,24.111323,2
2022,4,14,13,52,臺中市,西屯區,0,2,0,8,1,5,50,14,9,1,5,4,5,7,4,4,5,5,5,2,13,23,2,9,1,1,C03,7,9,1,10,1,12,,23,23,1,22,8,C03,120.644858,24.181309,2
2022,4,14,13,59,臺中市,西屯區,0,0,0,8,,,40,,,,,,,,,,,,,,,43,,,,,B03,,,1,,11,,,43,43,1,22,,B03,120.634948,24.179291,3
2022,4,14,14,1,臺中市,太平區,0,1,0,8,1,5,50,4,1,1,5,4,5,7,1,1,10,5,5,2,16,25,3,10,1,1,C03,7,9,1,10,2,12,,25,25,1,22,8,C03,120.721986,24.149377,2
2022,4,14,14,5,臺中市,北屯區,0,0,0,,,,50,,,,,,,,,,,,,,,23,,,,,B12,,,1,,1,,,23,23,1,21,,B12,120.699248,24.184484,3
2022,4,14,14,13,臺中市,神岡區,0,0,0,8,,,50,,,,,,,,,,,,,,,18,,,,,A12,,,1,,2,,,18,18,1,12,,A12,120.693801,24.232326,3
2022,4,14,14,15,臺中市,大肚區,0,0,0,8,,,50,,,,,,,,,,,,,,,16,,,,,B12,,,1,,2,,,16,16,1,22,,B12,120.578941,24.16879,3
2022,4,14,14,16,臺中市,南屯區,0,0,0,8,,,50,,,,,,,,,,,,,,,23,,,,,A32,,,1,,1,,,23,23,1,22,,A32,120.608776,24.155396,3
2022,4,14,14,18,臺中市,北屯區,0,1,0,8,1,5,50,14,9,1,5,4,5,7,4,4,5,4,5,2,16,10,3,10,1,1,B03,7,11,1,8,2,2,,10,10,1,21,8,B03,120.713795,24.173338,2
2022,4,14,14,20,臺中市,西區,0,1,0,8,1,5,50,3,1,1,5,4,5,7,4,4,10,5,5,2,17,43,3,10,1,1,B03,7,9,1,8,2,2,,43,43,1,20,8,B03,120.667598,24.146725,2
2022,4,14,14,21,臺中市,豐原區,0,0,0,8,,,30,,,,,,,,,,,,,,,12,,,,,B12,,,1,,2,,,12,12,1,22,,B12,120.740313,24.258995,3
2022,4,14,14,25,臺中市,大雅區,0,2,0,8,1,5,50,14,8,1,5,4,5,6,4,4,3,4,4,1,16,7,2,7,1,1,C03,7,8,1,10,2,12,,7,7,1,22,8,C03,120.64568,24.22464,2
2022,4,14,14,25,臺中市,神岡區,0,1,0,8,1,5,50,14,9,1,5,4,5,7,4,4,1,5,5,1,16,6,3,10,1,1,B12,7,3,1,7,2,2,,6,6,1,22,9,B12,120.692268,24.248236,2
2022,4,14,14,30,臺中市,霧峰區,0,2,0,8,1,5,50,3,1,1,5,4,5,7,4,4,9,5,4,2,16,26,2,7,1,1,C03,7,9,1,10,2,11,,26,26,1,22,8,C03,120.699536,24.096423,2
2022,4,14,14,38,臺中市,東區,0,0,0,,,,50,,,,,,,,,,,,,,,6,,,,,B03,,,1,,2,,,6,6,1,22,,B03,120.694746,24.126384,3
2022,4,14,14,39,臺中市,西區,0,0,0,,,,50,,,,,,,,,,,,,,,38,,,,,B03,,,1,,,,,38,38,1,21,,B03,120.658123,24.14987,3
2022,4,14,15,5,臺中市,西屯區,0,1,0,8,1,5,50,14,9,1,5,4,4,7,4,4,4,3,5,2,13,16,2,8,1,1,C03,7,9,1,10,2,11,,16,16,1,22,8,C03,120.619621,24.18745,2
2022,4,14,15,5,臺中市,豐原區,0,1,0,8,1,5,50,4,1,1,5,4,5,7,2,1,10,5,5,2,16,6,3,10,1,1,B03,7,6,1,8,2,2,,6,6,1,22,8,B03,120.729756,24.255363,2
2022,4,14,15,7,臺中市,大雅區,0,1,0,8,1,5,50,14,7,1,5,4,5,7,4,4,5,3,4,2,14,12,3,10,1,1,B03,7,2,1,8,2,3,,12,12,1,22,9,B03,120.656185,24.23937,2
2022,4,14,15,8,臺中市,西屯區,0,0,0,8,,,50,,,,,,,,,,,,,,,23,,,,,B03,,,1,,1,,,23,23,1,22,,B03,120.637123,24.169911,3
2022,4,14,15,21,臺中市,南屯區,0,3,0,8,1,5,50,14,7,1,5,4,5,7,4,4,9,5,4,2,16,19,2,9,1,1,C03,7,1,1,10,2,11,,19,19,1,3,8,C03,120.60997,24.1411,2
2022,4,14,15,26,臺中市,北屯區,0,0,0,8,,,50,,,,,,,,,,,,,,,7,,,,,B03,,,1,,1,,,7,7,1,22,,B03,120.693707,24.16277,3
2022,4,14,15,28,臺中市,南屯區,0,0,0,8,,,50,,,,,,,,,,,,,,,16,,,,,B03,,,1,,2,,,16,16,1,22,,B03,120.643257,24.1406,3
2022,4,14,15,28,臺中市,大里區,0,1,0,8,1,5,40,14,9,1,5,4,5,7,4,4,5,4,5,1,16,23,2,9,3,4,C03,7,9,1,10,2,11,,23,23,1,22,8,C03,120.695335,24.10919,2
2022,4,14,15,34,臺中市,大里區,0,1,0,8,1,5,50,14,9,1,5,4,5,7,1,3,5,5,5,1,16,6,2,9,1,1,C03,7,15,3,18,2,12,,6,6,1,22,8,C03,120.679718,24.102297,2
2022,4,14,15,42,臺中市,北區,0,0,0,8,,,50,,,,,,,,,,,,,,,23,,,,,A05,,,1,,2,,,23,23,1,10,,A05,120.688549,24.153598,3
2022,4,14,15,45,臺中市,北屯區,0,0,0,8,,,50,,,,,,,,,,,,,,,23,,,,,B12,,,1,,1,,,23,23,1,21,,B12,120.66624,24.182102,3
2022,4,14,15,46,臺中市,中區,0,0,0,8,1,5,50,4,1,1,5,4,5,7,1,1,10,5,5,2,12,23,,,,,C03,,,1,,11,,,23,23,1,22,,C03,120.685695,24.143194,3
2022,4,14,15,50,臺中市,北區,0,0,0,,,,50,,,,,,,,,,,,,,,16,,,,,C03,,,1,,2,,,16,16,1,22,,C03,120.681029,24.157933,3
2022,4,14,15,51,臺中市,北屯區,0,1,0,8,1,5,50,14,9,1,5,4,5,7,1,1,5,4,5,2,12,7,3,10,1,1,B03,7,8,1,8,2,5,,7,7,1,22,8,B03,120.744102,24.185605,2
2022,4,14,15,57,臺中市,南區,0,1,0,8,1,5,50,14,8,1,5,4,5,7,4,4,5,5,4,2,16,10,3,10,3,4,B03,7,11,1,8,2,1,,10,10,1,5,8,B03,120.655775,24.128456,2
2022,4,14,16,3,臺中市,西區,0,2,0,8,1,5,50,4,1,1,5,4,5,7,2,1,10,5,5,2,16,25,2,9,1,1,F01,7,5,8,20,2,16,,25,25,1,20,8,F01,120.660951,24.159175,2
2022,4,14,16,9,臺中市,西區,0,3,0,8,1,5,50,5,1,1,5,4,5,7,1,1,5,5,5,2,16,7,2,9,3,4,C03,7,8,1,10,2,12,,7,7,1,21,8,C03,120.670492,24.153412,2
2022,4,14,16,14,臺中市,南屯區,0,1,0,8,1,5,40,14,8,1,5,4,5,7,4,4,1,4,5,2,16,42,3,10,1,1,B02,7,6,1,8,1,2,,42,42,1,4,8,B02,120.62417,24.15432,2
2022,4,14,16,16,臺中市,太平區,0,0,0,8,,,50,,,,,,,,,,,,,,,19,,,,,B03,,,1,,1,,,19,19,1,21,,B03,120.716153,24.136231,3
2022,4,14,16,17,臺中市,西區,0,1,0,8,1,5,50,3,1,1,5,4,5,7,4,4,5,4,4,1,16,9,3,10,1,1,B03,7,6,1,8,2,6,,9,9,1,21,8,B03,120.665272,24.148274,2
2022,4,14,16,19,臺中市,大甲區,0,0,0,8,,,50,,,,,,,,,,,,,,,23,,,,,B03,,,1,,2,,,23,23,1,4,,B03,120.631648,24.355641,3
2022,4,14,16,21,臺中市,南屯區,0,1,0,8,1,5,50,15,9,1,5,4,5,7,4,4,1,4,5,2,17,6,3,10,1,1,B03,7,6,1,8,2,15,,6,6,1,5,8,B03,120.6464,24.149455,2
2022,4,14,16,22,臺中市,太平區,0,1,0,8,1,5,50,14,9,1,5,4,5,7,2,1,1,4,5,2,13,23,2,9,1,1,C03,7,9,1,10,2,11,,23,23,1,22,8,C03,120.712058,24.144944,2
2022,4,14,16,30,臺中市,西區,0,0,0,,,,50,,,,,,,,,,,,,,,26,,,,,A11,,,1,,1,,,26,26,1,20,,A11,120.659781,24.144114,3
2022,4,14,16,44,臺中市,梧棲區,0,2,0,8,1,5,50,3,1,1,5,4,5,7,3,1,10,5,5,2,13,23,2,9,1,1,C03,7,9,1,10,2,11,,23,23,1,12,8,C03,120.532312,24.262108,2
2022,4,14,16,45,臺中市,沙鹿區,0,0,0,8,,,70,,,,,,,,,,,,,,,23,,,,,B03,,,1,,2,,,23,23,1,21,,B03,120.612606,24.244557,3
2022,4,14,16,47,臺中市,北區,0,0,0,8,,,50,,,,,,,,,,,,,,,10,,,,,B03,,,1,,1,,,10,10,1,22,,B03,120.689655,24.154919,3
2022,4,14,16,52,臺中市,西屯區,0,0,0,8,,,50,,,,,,,,,,,,,,,17,,,,,B02,,,1,,2,,,17,17,1,22,,B02,120.594903,24.193279,3
2022,4,14,16,54,臺中市,龍井區,0,1,0,8,1,5,50,14,9,1,5,4,4,7,4,4,5,5,5,1,29,23,,,,,,,,,,,,,61,23,1,,,,120.531266,24.178066,2
2022,4,14,16,55,臺中市,北屯區,0,0,0,8,,,40,,,,,,,,,,,,,,,12,,,,,B03,,,1,,2,,,12,12,1,21,,B03,120.695915,24.173878,3
2022,4,14,16,55,臺中市,大甲區,0,1,0,8,1,5,50,14,7,1,5,4,5,7,4,4,9,5,4,2,17,19,2,6,1,1,C03,7,1,1,10,2,11,,19,19,1,5,8,C03,120.653912,24.404567,2
2022,4,14,16,57,臺中市,清水區,0,1,0,8,1,5,50,3,1,1,5,4,5,7,1,1,10,4,5,1,15,25,3,10,1,1,B12,7,9,1,6,2,1,,25,25,1,5,5,B12,120.56683,24.270683,2
2022,4,14,17,2,臺中市,北區,0,0,0,,,,50,,,,,,,,,,,,,,,12,,,,,C03,,,1,,11,,,12,12,1,22,,C03,120.68535,24.152198,3
2022,4,14,17,6,臺中市,北屯區,0,2,0,8,1,5,50,14,7,1,5,4,5,7,4,4,5,4,4,2,16,19,3,10,1,1,B03,7,1,1,8,2,1,,19,19,1,22,8,B03,120.720587,24.166983,2
2022,4,14,17,7,臺中市,西屯區,0,0,0,8,,,50,,,,,,,,,,,,,,,42,,,,,B03,,,1,,2,,,42,42,1,22,,B03,120.603807,24.186091,3
2022,4,14,17,9,臺中市,大里區,0,0,0,8,,,50,,,,,,,,,,,,,,,17,,,,,B12,,,1,,2,,,17,17,1,22,,B12,120.684179,24.119168,3
2022,4,14,17,11,臺中市,南屯區,0,0,0,,,,50,,,,,,,,,,,,,,,7,,,,,C03,,,1,,1,,,7,7,1,22,,C03,120.639405,24.117694,3
2022,4,14,17,15,臺中市,大雅區,0,3,0,8,1,5,30,8,8,1,5,4,5,7,4,4,1,5,3,2,17,23,2,8,1,1,C03,7,9,1,10,2,11,,23,23,1,21,8,C03,120.636202,24.204103,2
2022,4,14,17,15,臺中市,北屯區,0,0,0,8,,,80,,,,,,,,,,,,,,,7,,,,,B03,,,1,,1,,,7,7,1,21,,B03,120.66638,24.201177,3
2022,4,14,17,15,臺中市,大甲區,0,2,0,8,1,5,50,3,1,1,5,4,5,7,4,4,10,5,5,2,16,8,2,8,1,1,C03,7,5,1,10,2,14,,8,8,1,4,7,C03,120.631215,24.346651,2
2022,4,14,17,17,臺中市,太平區,0,1,0,8,1,7,80,14,7,1,5,4,5,7,4,4,1,5,5,1,12,7,3,10,1,1,A12,7,8,1,7,2,5,,7,7,1,9,4,A12,120.714288,24.148439,2
2022,4,14,17,18,臺中市,南屯區,0,0,0,,,,50,,,,,,,,,,,,,,,42,,,,,A11,,,1,,1,,,42,42,1,4,,A11,120.640721,24.135592,3
2022,4,14,17,21,臺中市,西區,0,2,0,8,1,5,40,14,8,1,5,4,5,7,4,4,1,5,1,2,16,19,2,9,3,4,C03,7,1,1,10,2,14,,19,19,1,21,8,C03,120.65911,24.157136,2
2022,4,14,17,22,臺中市,后里區,0,1,0,8,1,5,60,14,7,1,5,4,5,7,4,4,1,4,4,1,13,23,2,9,1,1,C03,7,9,1,10,2,11,,23,23,1,21,8,C03,120.72335,24.287491,2
2022,4,14,17,30,臺中市,外埔區,0,1,0,8,1,5,50,3,8,1,5,4,5,7,3,1,4,3,4,1,16,9,3,10,1,2,B12,7,6,1,3,2,6,,9,9,2,22,8,B12,120.645041,24.33201,2
2022,4,14,17,33,臺中市,龍井區,0,1,0,8,1,5,50,5,1,1,5,4,5,7,3,1,10,5,5,2,17,17,3,10,1,4,B03,7,5,1,8,2,7,,17,17,1,22,8,B03,120.592633,24.18165,2
2022,4,14,17,40,臺中市,西區,0,1,0,8,1,5,50,14,7,1,5,4,5,7,4,4,5,4,4,2,13,23,2,9,1,1,C02,7,10,1,10,2,11,,23,23,1,18,8,C02,120.670504,24.14377,2
2022,4,14,17,43,臺中市,太平區,0,1,0,8,2,5,30,14,9,1,5,4,5,7,4,4,5,5,5,2,13,23,3,10,1,1,B03,7,9,1,8,2,5,,23,23,1,21,8,B03,120.708408,24.154207,2
2022,4,14,17,43,臺中市,清水區,0,1,0,8,2,5,50,3,1,1,5,4,5,7,4,4,1,4,5,2,16,6,3,10,1,1,B03,7,6,1,8,2,6,,6,6,1,5,5,B03,120.572331,24.261781,2
2022,4,14,17,51,臺中市,龍井區,0,0,0,8,2,3,70,15,8,1,5,4,5,7,4,4,1,4,1,1,13,23,3,10,4,1,B03,7,9,1,4,2,1,,23,23,1,22,8,B03,120.529104,24.22154,3
2022,4,14,18,8,臺中市,西區,0,2,0,8,1,5,50,11,7,1,5,4,5,1,4,4,4,3,4,1,16,19,2,9,1,1,C03,7,1,1,10,2,14,,19,19,1,21,8,C03,120.672053,24.159229,2
2022,4,14,18,15,臺中市,大里區,0,0,0,,,,50,,,,,,,,,,,,,,,23,,,,,B03,,,1,,2,,,23,23,1,22,,B03,120.689925,24.112056,3
2022,4,14,18,17,臺中市,西屯區,0,1,0,8,3,5,60,3,1,1,5,4,5,7,1,1,1,4,1,2,17,26,3,10,3,4,B03,7,6,1,8,2,5,,26,26,1,22,8,B03,120.629566,24.162911,2
2022,4,14,18,18,臺中市,西屯區,0,0,0,8,,,50,,,,,,,,,,,,,,,26,,,,,B03,,,1,,1,,,26,26,1,22,,B03,120.617552,24.176442,3
2022,4,14,18,20,臺中市,大雅區,0,2,0,8,1,5,50,14,9,1,5,4,5,7,1,1,5,5,5,1,16,19,2,9,1,1,C03,7,1,1,10,2,13,,19,19,1,22,8,C03,120.63147,24.211445,2
2022,4,14,18,21,臺中市,太平區,0,1,0,8,2,5,30,4,1,1,5,4,5,7,4,4,10,5,5,2,18,42,2,9,1,1,C03,7,9,1,10,2,14,,42,42,1,8,5,C03,120.712518,24.158301,2
2022,4,14,18,25,臺中市,北屯區,0,0,0,8,,,50,,,,,,,,,,,,,,,40,,,,,A05,,,1,,1,,,40,40,1,10,,A05,120.692517,24.168856,3
2022,4,14,18,30,臺中市,后里區,0,1,0,8,3,5,50,14,13,1,5,4,5,7,4,4,9,5,5,2,20,42,2,1,1,1,B03,7,9,1,8,2,5,,42,42,1,21,8,B03,120.688576,24.312065,2
2022,4,14,18,33,臺中市,西區,0,1,0,8,1,5,50,14,9,1,5,4,5,7,4,4,1,5,5,2,12,26,3,10,3,4,B03,7,7,1,8,2,7,,7,26,1,21,8,B03,120.657273,24.151319,2
2022,4,14,18,37,臺中市,豐原區,0,0,0,8,,,50,,,,,,,,,,,,,,,23,,,,,C03,,,1,,2,,,23,23,1,22,,C03,120.725582,24.241489,3
2022,4,14,18,41,臺中市,南屯區,0,0,0,8,,,50,,,,,,,,,,,,,,,23,,,,,B12,,,1,,11,,,23,23,1,9,,B12,120.61524,24.14769,3
2022,4,14,18,41,臺中市,神岡區,0,1,0,8,3,5,50,15,9,1,5,4,5,7,1,1,5,5,4,2,17,30,3,10,1,1,B12,7,9,6,18,2,15,,30,30,1,22,8,B12,120.6606,24.269956,2
2022,4,14,18,43,臺中市,北屯區,0,1,0,8,3,5,50,14,7,1,5,4,5,7,4,4,1,4,4,1,16,23,2,9,1,1,C03,7,9,1,10,2,14,,23,23,1,21,8,C03,120.686163,24.179613,2
2022,4,14,18,47,臺中市,烏日區,0,0,0,,,,50,,,,,,,,,,,,,,,16,,,,,C03,,,1,,2,,,16,16,1,21,,C03,120.641713,24.11581,4
2022,4,14,18,57,臺中市,南屯區,0,0,0,8,,,50,,,,,,,,,,,,,,,7,,,,,B02,,,1,,2,,,7,7,1,22,,B02,120.647273,24.137216,3
2022,4,14,18,59,臺中市,沙鹿區,0,0,0,8,,,50,,,,,,,,,,,,,,,42,,,,,B03,,,1,,2,,,42,42,1,9,,B03,120.562766,24.237483,3
2022,4,14,19,7,臺中市,西屯區,0,3,0,8,3,5,40,3,1,1,5,4,5,7,2,1,1,3,1,2,13,16,2,9,1,1,C03,7,9,1,10,2,12,,16,16,1,22,8,C03,120.611175,24.184379,2
2022,4,14,19,8,臺中市,烏日區,0,0,0,8,,,50,,,,,,,,,,,,,,,16,,,,,B03,,,1,,2,,,16,16,1,22,,B03,120.648868,24.111106,3
2022,4,14,19,9,臺中市,西屯區,0,1,0,8,3,5,1,3,1,1,5,4,5,7,4,4,5,4,5,2,17,19,3,10,3,4,B03,7,1,1,8,1,8,,19,19,1,22,8,B03,120.643155,24.190085,2
2022,4,14,19,10,臺中市,大雅區,0,1,0,8,3,5,50,4,1,1,5,4,5,7,1,1,1,4,4,1,3,15,3,10,1,1,B03,7,5,1,8,2,1,,15,15,1,21,8,B03,120.645263,24.225553,2
2022,4,14,19,10,臺中市,北屯區,0,0,0,,,,50,,,,,,,,,,,,,,,23,,,,,C03,,,1,,2,,,23,23,1,21,,C03,120.741787,24.179359,3
2022,4,14,19,16,臺中市,南區,0,0,0,8,,,50,,,,,,,,,,,,,,,23,,,,,B03,,,1,8,,,,23,23,1,5,,B03,120.674625,24.127705,3
2022,4,14,19,17,臺中市,梧棲區,0,1,0,8,3,5,50,3,1,1,5,4,5,7,4,4,10,5,5,2,16,6,3,10,1,1,B03,7,11,1,8,2,8,,6,6,1,10,8,B03,120.532556,24.260646,2
2022,4,14,19,30,臺中市,北屯區,0,2,0,8,3,5,50,14,9,1,5,4,5,7,1,1,1,2,5,2,13,13,2,9,1,1,C03,7,9,1,10,2,11,,13,13,1,22,8,C03,120.701826,24.182015,2
2022,4,14,19,39,臺中市,南屯區,0,0,0,,,,50,,,,,,,,,,,,,,,17,,,,,B01,,,1,,2,,,17,17,1,22,,B01,120.628777,24.153166,3
2022,4,14,19,39,臺中市,新社區,0,1,0,8,3,5,50,14,9,1,5,4,5,7,4,4,9,5,5,1,27,23,2,9,1,4,C03,7,9,1,10,2,11,,23,23,1,22,1,C03,120.807538,24.254568,2
2022,4,14,19,42,臺中市,神岡區,0,0,0,8,,,60,,,,,,,,,,,,,,,23,,,,,B03,,,1,,2,,,23,23,1,22,,B03,120.708965,24.25982,4
2022,4,14,19,45,臺中市,北屯區,0,0,0,8,,,50,,,,,,,,,,,,,,,7,,,,,B03,,,1,,1,,,7,7,1,21,,B03,120.685019,24.16896,3
2022,4,14,19,50,臺中市,清水區,0,0,0,8,3,5,30,14,9,1,5,4,5,7,4,4,10,5,5,2,12,23,3,10,1,1,B12,7,9,1,8,2,5,,23,23,1,5,5,B12,120.615191,24.289619,3
2022,4,14,19,51,臺中市,梧棲區,0,0,0,8,,,70,,,,,,,,,,,,,,,7,,,,,B03,,,1,,2,,,7,7,1,21,,B03,120.524055,24.254358,3
2022,4,14,20,34,臺中市,南區,0,0,0,8,,,1,,,,,,,,,,,,,,,12,,,,,B03,,,1,,2,,,12,12,1,22,,B03,120.667239,24.126909,3
2022,4,14,20,43,臺中市,西區,0,0,0,8,,,50,,,,,,,,,,,,,,,42,,,,,A01,,,1,,2,,,42,42,1,21,,A01,120.667587,24.137009,3
2022,4,14,20,45,臺中市,潭子區,0,1,0,8,3,5,50,14,9,1,5,4,5,7,4,4,9,4,4,1,17,23,3,10,1,1,B12,7,14,1,8,2,7,,38,23,1,22,8,B12,120.689516,24.221235,2
2022,4,14,21,12,臺中市,中區,0,1,0,8,3,5,50,4,1,1,5,4,5,7,1,1,10,5,5,2,16,6,3,10,1,1,B03,7,5,1,8,2,1,,6,6,1,21,8,B03,120.685789,24.140133,2
2022,4,14,21,26,臺中市,豐原區,0,2,0,8,3,5,50,4,2,1,5,4,5,7,4,4,4,4,4,2,17,6,2,9,1,1,C03,7,5,1,10,2,11,,6,6,1,4,1,C03,120.723122,24.240224,2
2022,4,14,21,48,臺中市,北屯區,0,1,0,8,3,5,30,14,9,1,5,4,5,7,4,4,10,5,5,2,16,23,2,9,1,1,C03,7,15,1,10,2,14,,23,23,1,21,8,C03,120.696095,24.172839,2
2022,4,14,21,50,臺中市,大里區,0,0,0,8,,,50,,,,,,,,,,,,,,,42,,,,,B03,,,1,,2,,,42,42,1,22,,B03,120.68176,24.112871,3
2022,4,14,21,56,臺中市,北屯區,0,2,0,8,3,5,40,4,1,1,5,4,5,7,2,1,5,5,5,2,18,43,2,9,1,1,C03,7,6,1,10,2,12,,43,43,1,21,8,C03,120.67641,24.195368,2
2022,4,14,22,9,臺中市,南屯區,0,1,0,8,3,5,50,4,2,1,5,4,5,7,2,1,5,5,5,2,12,16,2,8,1,1,C03,7,9,1,10,2,14,,16,16,1,22,8,C03,120.643921,24.135994,2
2022,4,14,22,11,臺中市,南區,0,0,0,8,,,50,,,,,,,,,,,,,,,23,,,,,B03,,,3,10,,,,23,23,1,5,,B03,120.659463,24.111283,3
2022,4,14,22,13,臺中市,南屯區,0,0,0,8,,,40,,,,,,,,,,,,,,,45,,,,,C03,,,1,,1,,,45,45,1,22,,C03,120.612923,24.140211,3
2022,4,14,22,26,臺中市,西屯區,0,3,0,8,3,5,50,4,1,1,5,4,5,7,2,1,4,3,5,2,16,7,2,9,1,1,C03,7,8,1,10,2,12,,7,7,1,22,8,C03,120.610772,24.191059,2
2022,4,14,22,30,臺中市,南區,0,0,0,8,3,5,40,3,8,1,5,4,5,7,1,1,5,5,4,2,17,67,,,,,,,,,,,,,67,67,1,,,,120.656589,24.123852,3
2022,4,14,22,43,臺中市,西屯區,0,3,0,8,3,5,50,4,1,1,5,4,5,7,4,4,5,4,5,2,17,6,2,9,3,4,C03,7,5,1,10,2,14,,6,6,1,22,8,C03,120.667291,24.177348,2
2022,4,15,0,18,臺中市,北屯區,0,1,0,8,3,5,50,14,9,1,5,4,5,7,4,4,5,4,5,2,17,7,3,10,1,1,B03,7,7,1,8,2,8,,7,7,1,21,8,B03,120.719328,24.176266,2
2022,4,15,2,49,臺中市,北屯區,0,0,0,8,,,50,,,,,,,,,,,,,,,23,,,,,B03,,,1,,2,,,23,23,1,21,,B03,120.705834,24.192917,3
2022,4,15,2,59,臺中市,西屯區,0,0,0,8,3,5,40,14,8,1,5,4,5,7,4,4,1,4,1,2,12,23,,,,,B03,,,1,,5,,,23,23,1,22,,B03,120.650847,24.162174,3
2022,4,15,5,4,臺中市,北屯區,0,0,0,8,,,50,,,,,,,,,,,,,,,18,,,,,B12,,,1,,2,,,18,18,1,21,,B12,120.68209,24.194285,3
2022,4,15,6,47,臺中市,大里區,0,1,0,8,1,5,50,4,1,1,5,4,5,7,1,1,5,4,4,1,12,19,3,10,1,1,B12,7,1,1,8,2,1,,19,19,1,21,1,B12,120.683848,24.110189,2
2022,4,15,6,52,臺中市,太平區,0,1,0,8,1,5,50,3,1,1,5,4,5,7,4,4,5,5,5,2,16,23,3,10,1,1,B03,7,8,1,8,2,5,,23,23,1,21,8,B03,120.714788,24.124854,2
2022,4,15,6,55,臺中市,北屯區,0,1,0,8,1,5,50,4,1,1,5,4,5,7,1,1,10,5,5,2,29,67,,,,,,,,,,,,,67,67,1,,,,120.685389,24.17332,2
2022,4,15,6,57,臺中市,北屯區,0,0,0,8,,,50,,,,,,,,,,,,,,,23,,,,,B03,,,1,,1,,,23,23,1,21,,B03,120.719137,24.163018,3
2022,4,15,7,2,臺中市,梧棲區,0,0,0,8,,,90,,,,,,,,,,,,,,,23,,,,,B03,,,1,,2,,,23,23,1,9,,B03,120.535064,24.247252,3
2022,4,15,7,3,臺中市,大里區,0,0,0,8,,,50,,,,,,,,,,,,,,,42,,,,,B03,,,1,,2,,,42,42,1,22,,B03,120.689568,24.105606,3
2022,4,15,7,3,臺中市,梧棲區,0,1,0,8,1,5,90,14,9,1,5,4,5,7,4,4,1,4,5,1,13,23,3,10,1,1,B03,7,9,1,8,2,1,,23,23,1,9,1,B03,120.535064,24.247252,2
2022,4,15,7,5,臺中市,大里區,0,2,0,8,1,5,50,4,9,1,5,4,5,7,4,4,10,5,5,2,16,8,2,8,1,1,C03,7,5,1,10,2,14,,8,8,1,22,8,C03,120.714058,24.090415,2
2022,4,15,7,14,臺中市,潭子區,0,0,0,8,,,50,,,,,,,,,,,,,,,6,,,,,B03,,,1,,2,,,6,6,1,22,,B03,120.70683,24.210323,3
2022,4,15,7,15,臺中市,后里區,0,1,0,8,1,5,50,3,1,1,5,4,5,7,1,1,10,5,5,2,2,15,3,10,1,1,B03,7,5,1,8,2,1,,15,15,1,9,8,B03,120.712862,24.307876,2
2022,4,15,7,16,臺中市,中區,0,0,0,8,,,50,,,,,,,,,,,,,,,26,,,,,B03,,,1,,2,,,44,26,1,21,,B03,120.679905,24.139375,3
2022,4,15,7,16,臺中市,大安區,0,1,0,8,1,5,30,14,9,1,5,4,5,7,4,4,10,5,5,1,12,1,3,10,1,1,B03,7,4,1,8,2,2,6,1,1,1,9,8,B03,120.591154,24.363951,2
2022,4,15,7,18,臺中市,南屯區,0,0,0,8,,,40,,,,,,,,,,,,,,,19,,,,,B03,,,1,,2,,,19,19,1,22,,B03,120.646256,24.140881,3