年,月,日,時,分,縣市,區,死,受傷,2-30,天候,光線,道路類別,速限,道路型態,事故位置,路面鋪裝,路面狀態,路面缺陷,障礙物,視距,號誌種類,號誌動作,分向設施,快車道或一般車道間,快慢車道間,路面邊線,事故類型及型態,主要肇因,受傷程度,主要傷處,保護裝備,行動電話,當事者區分,車輛用途,當事者行動狀態,駕駛資格情形,駕駛執照種類,飲酒情形,車輛撞擊部位最初,車輛撞擊部位其他,肇事因素個別,肇事因素主要,肇事逃逸,職業,旅次目的,車種,GPS緯度,GPS經度,事故類別
2022,4,15,7,20,臺中市,大雅區,0,2,0,8,1,5,50,3,1,1,5,4,5,7,4,4,5,5,5,1,16,19,3,10,1,1,B03,7,1,1,8,2,5,,19,19,1,22,8,B03,120.6467,24.219147,2
2022,4,15,7,23,臺中市,大甲區,0,1,0,8,1,5,30,3,1,1,5,4,5,7,4,4,3,4,5,2,17,6,3,10,1,1,B03,7,6,1,8,2,15,,6,6,1,1,1,B03,120.616992,24.348297,2
2022,4,15,7,26,臺中市,西區,0,0,0,8,1,5,50,4,2,1,5,4,5,7,1,1,5,5,5,2,12,23,,,,,B03,,,1,,1,,,23,23,1,22,,B03,120.664295,24.147887,3
2022,4,15,7,28,臺中市,大肚區,0,1,0,8,1,5,50,4,1,1,5,4,5,7,1,1,10,5,5,2,17,23,2,9,1,1,C03,7,9,1,10,2,11,14,23,23,1,22,8,C03,120.578355,24.167255,2
2022,4,15,7,29,臺中市,神岡區,0,0,0,8,,,50,,,,,,,,,,,,,,,16,,,,,C03,,,1,,2,,,16,16,1,22,,C03,120.686898,24.248102,3
2022,4,15,7,33,臺中市,神岡區,0,2,0,8,1,5,50,4,1,1,5,4,5,7,1,1,10,5,5,2,16,44,2,8,1,1,C03,7,5,1,10,2,12,,44,44,1,22,9,C03,120.673908,24.26122,2
2022,4,15,7,34,臺中市,西區,0,0,0,8,,,60,,,,,,,,,,,,,,,23,,,,,B03,,,1,,2,,,23,23,1,22,,B03,120.666761,24.153106,3
2022,4,15,7,35,臺中市,大雅區,0,1,0,8,1,5,50,3,1,1,5,4,5,7,4,4,10,4,5,1,17,19,2,9,1,1,C03,7,1,3,18,2,14,,19,19,1,22,9,C03,120.655446,24.229232,2
2022,4,15,7,37,臺中市,潭子區,0,3,0,8,1,5,50,4,1,1,5,4,5,7,1,1,5,4,4,2,16,38,2,9,1,1,C03,7,14,1,10,2,12,,38,38,1,22,8,C03,120.702916,24.214008,2
2022,4,15,7,38,臺中市,霧峰區,0,1,0,8,1,5,40,3,1,1,5,4,5,7,4,4,9,5,5,1,16,8,3,10,1,1,B03,7,5,1,8,2,1,,8,8,1,22,8,B03,120.714848,24.079866,2
2022,4,15,7,41,臺中市,北區,0,1,0,8,1,5,50,14,8,1,5,4,5,7,1,1,1,4,4,2,16,7,3,10,1,1,B03,7,8,1,8,2,6,,7,7,1,22,8,B03,120.694418,24.159898,2
2022,4,15,7,41,臺中市,豐原區,0,1,0,8,1,5,50,4,2,1,5,4,5,7,1,1,3,3,4,1,17,43,3,10,3,4,C03,7,6,1,10,2,13,,43,43,1,22,8,C03,120.720391,24.262633,2
2022,4,15,7,42,臺中市,大甲區,0,0,0,,,,50,,,,,,,,,,,,,,,5,,,,,C03,,,1,,2,,,5,5,1,22,,C03,120.630936,24.401313,3
2022,4,15,7,42,臺中市,豐原區,0,2,0,8,1,5,50,14,9,1,5,4,5,7,4,4,1,5,5,1,13,23,2,9,1,1,C03,7,9,1,10,2,11,,23,23,1,18,8,C03,120.708755,24.252328,2
2022,4,15,7,45,臺中市,南屯區,0,2,0,8,1,5,50,3,1,1,5,4,5,7,1,1,5,4,4,2,13,23,2,9,1,1,C03,7,9,1,10,2,11,,23,23,1,22,9,C03,120.60713,24.138592,2
2022,4,15,7,46,臺中市,潭子區,0,1,0,8,1,5,30,4,1,1,5,4,5,7,4,4,10,5,5,1,16,6,3,10,1,1,C03,7,5,1,10,2,12,,6,6,1,22,8,C03,120.682221,24.224104,2
2022,4,15,7,46,臺中市,北區,0,0,0,,,,50,,,,,,,,,,,,,,,10,,,,,A05,,,1,,1,,,10,10,1,10,,A05,120.676548,24.16324,3
2022,4,15,7,46,臺中市,北屯區,0,1,0,8,1,5,50,14,7,1,5,4,5,7,4,4,1,4,4,2,14,12,3,10,1,1,B03,7,2,1,8,2,8,,12,12,1,21,8,B03,120.68659,24.191053,2
2022,4,15,7,48,臺中市,西屯區,0,1,0,8,1,5,1,15,20,1,5,4,5,7,4,4,10,5,5,2,17,26,2,9,3,4,C03,7,15,1,10,2,13,,26,26,1,22,8,C03,120.654225,24.194558,2
2022,4,15,7,49,臺中市,神岡區,0,1,0,8,1,5,30,14,9,1,5,4,5,7,4,4,10,5,5,1,12,16,2,8,1,1,C03,7,9,1,10,2,14,,16,16,1,22,8,C03,120.689248,24.243524,2
2022,4,15,7,50,臺中市,梧棲區,0,1,0,8,1,5,50,3,2,1,5,4,5,7,4,4,1,4,4,2,16,6,3,10,1,1,B12,7,6,1,8,2,2,,6,6,1,20,8,B12,120.537913,24.258367,2
2022,4,15,7,50,臺中市,大甲區,0,2,0,8,1,5,50,4,1,1,5,4,5,7,1,1,10,5,5,2,16,19,2,9,1,1,C03,7,9,1,10,2,11,,23,19,1,9,8,C03,120.625369,24.345957,2
2022,4,15,7,52,臺中市,北屯區,0,1,0,8,1,5,40,14,8,1,5,4,5,7,4,4,1,4,4,2,12,17,2,9,1,1,C03,7,9,1,10,2,12,,17,17,1,21,8,C03,120.670226,24.176435,2
2022,4,15,7,53,臺中市,太平區,0,0,0,8,,,50,,,,,,,,,,,,,,,23,,,,,C03,,,1,,2,,,23,23,1,18,,C03,120.728303,24.150114,3
2022,4,15,7,53,臺中市,龍井區,0,1,0,8,1,5,50,3,1,1,5,4,5,7,4,4,10,5,5,2,17,6,3,10,1,4,C03,7,5,1,10,2,12,,6,6,1,22,8,C03,120.591378,24.181176,2
2022,4,15,7,58,臺中市,大甲區,0,0,0,8,1,5,50,14,9,1,5,4,5,7,4,4,5,2,5,1,14,12,3,10,1,1,B12,7,2,1,8,2,6,,12,12,1,9,1,B12,120.624846,24.35033,3
2022,4,15,8,0,臺中市,東區,0,0,0,,,,40,,,,,,,,,,,,,,,23,,,,,B12,,,1,,9,,,23,23,2,5,,B12,120.692575,24.149421,3
2022,4,15,8,1,臺中市,大雅區,0,2,0,8,1,5,50,4,1,1,5,4,5,6,3,1,5,5,5,1,15,6,2,9,1,1,C03,7,9,1,10,2,11,,6,6,1,22,8,C03,120.6425,24.231042,2
2022,4,15,8,1,臺中市,南區,0,0,0,,,,50,,,,,,,,,,,,,,,23,,,,,B03,,,1,,2,,,23,23,1,22,,B03,120.657865,24.129581,3
2022,4,15,8,8,臺中市,豐原區,0,1,0,8,1,5,50,4,2,1,5,4,5,7,1,1,5,5,5,1,12,6,3,10,3,4,B03,7,6,1,8,2,8,,6,6,1,22,9,B03,120.725413,24.23367,2
2022,4,15,8,11,臺中市,北區,0,0,0,,,,50,,,,,,,,,,,,,,,23,,,,,B12,,,1,,1,,,23,23,1,21,,B12,120.683508,24.148272,3
2022,4,15,8,15,臺中市,清水區,0,1,0,8,1,5,40,14,8,1,5,4,5,7,4,4,1,4,4,1,17,23,3,10,1,1,G03,7,15,1,8,2,15,,23,23,1,11,1,G03,120.535232,24.269337,2
2022,4,15,8,21,臺中市,北區,0,0,0,8,,,40,,,,,,,,,,,,,,,6,,,,,C03,,,1,,1,,,6,6,1,22,,C03,120.674218,24.156796,3
2022,4,15,8,23,臺中市,西屯區,0,1,0,8,1,5,40,14,8,1,5,4,5,7,4,4,9,5,4,2,12,43,2,9,3,4,F01,7,9,8,20,9,16,,43,43,1,22,8,F01,120.638435,24.157308,2
2022,4,15,8,23,臺中市,大里區,0,0,0,8,,,40,,,,,,,,,,,,,,,26,,,,,B03,,,1,,2,,,26,26,1,21,,B03,120.691696,24.100645,3
2022,4,15,8,25,臺中市,大里區,0,2,0,8,1,5,50,14,8,1,5,4,5,7,4,4,5,2,5,1,13,23,2,9,1,1,C03,7,9,1,10,2,11,,23,23,1,21,8,C03,120.676899,24.114678,2
2022,4,15,8,26,臺中市,南屯區,0,2,0,8,1,5,50,4,9,1,5,4,5,7,4,4,10,5,5,2,16,6,2,9,1,4,C03,7,9,3,18,2,15,,23,6,1,22,8,C03,120.635863,24.138599,2
2022,4,15,8,30,臺中市,西區,0,1,0,8,1,5,50,3,1,1,5,4,5,7,4,4,3,4,3,2,12,6,3,10,1,1,B03,7,6,1,8,2,6,,6,6,1,22,9,B03,120.660586,24.156658,2
2022,4,15,8,30,臺中市,西屯區,0,1,0,8,1,5,40,14,8,1,5,4,5,7,4,4,1,4,4,2,16,6,3,10,1,1,C03,7,6,1,10,2,15,,6,6,1,22,8,C03,120.640426,24.16683,2
2022,4,15,8,30,臺中市,霧峰區,0,0,0,8,,,40,,,,,,,,,,,,,,,23,,,,,B03,,,1,,2,,,23,23,1,22,,B03,120.663113,24.07243,3
2022,4,15,8,36,臺中市,西屯區,0,1,0,8,1,5,50,3,1,1,5,4,5,7,4,4,10,5,5,2,16,6,3,10,1,1,C03,7,9,1,10,2,14,,6,6,1,22,8,C03,120.63646,24.168903,2
2022,4,15,8,39,臺中市,豐原區,0,0,0,8,,,30,,,,,,,,,,,,,,,23,,,,,B03,,,1,,2,,,23,23,1,9,,B03,120.721608,24.263086,3
2022,4,15,8,43,臺中市,北區,0,0,0,,,,50,,,,,,,,,,,,,,,16,,,,,B03,,,1,,1,,,16,16,1,21,,B03,120.679201,24.163305,3
2022,4,15,8,47,臺中市,豐原區,0,1,0,8,1,5,60,5,2,1,5,4,5,7,1,1,3,5,5,1,16,6,3,10,3,4,B03,7,6,1,8,2,5,,6,6,1,22,9,B03,120.71988,24.236596,2
2022,4,15,8,48,臺中市,西屯區,0,2,0,8,1,5,30,11,9,1,5,4,5,7,4,4,10,5,5,1,11,17,2,9,1,1,C03,7,15,1,10,2,14,,17,17,1,22,8,C03,120.631478,24.172378,2
2022,4,15,8,50,臺中市,大里區,0,1,0,8,1,5,40,14,8,1,5,4,5,7,4,4,1,4,4,1,16,6,3,10,1,1,A11,7,6,1,3,2,6,,6,6,1,10,4,A11,120.66426,24.092418,2
2022,4,15,8,52,臺中市,南屯區,0,1,0,8,1,5,50,4,1,1,5,4,5,7,1,1,5,4,4,2,13,23,2,8,1,1,C03,7,9,1,10,2,11,,23,23,1,22,9,C03,120.61653,24.153576,2
2022,4,15,8,53,臺中市,豐原區,0,0,0,8,,,50,,,,,,,,,,,,,,,23,,,,,A04,,,1,,2,,,23,23,1,22,,A04,120.726059,24.260031,3
2022,4,15,8,57,臺中市,潭子區,0,2,0,8,1,5,50,4,1,1,5,4,5,7,1,1,1,4,4,1,15,25,2,9,1,1,C03,7,9,1,10,2,11,,25,25,1,22,8,C03,120.684728,24.216187,2
2022,4,15,8,58,臺中市,北屯區,0,0,0,8,,,30,,,,,,,,,,,,,,,23,,,,,B03,,,1,,1,,,23,23,1,22,,B03,120.674381,24.175125,3
2022,4,15,9,0,臺中市,大里區,0,2,0,8,1,5,50,14,9,1,5,4,5,7,4,4,5,2,5,1,3,51,2,9,1,5,H01,8,16,8,20,10,16,,51,51,1,19,8,H01,120.685838,24.113577,2
2022,4,15,9,6,臺中市,北屯區,0,0,0,8,,,50,,,,,,,,,,,,,,,23,,,,,B02,,,1,,2,,,23,23,1,21,,B02,120.69008,24.167935,3
2022,4,15,9,9,臺中市,神岡區,0,1,0,8,1,5,40,14,8,1,5,4,5,7,4,4,7,5,4,1,13,23,2,9,1,1,C03,7,9,3,18,2,11,,23,23,1,22,9,C03,120.667488,24.257598,2
2022,4,15,9,13,臺中市,西屯區,0,1,0,8,1,5,30,9,9,1,5,4,5,7,4,4,10,5,5,2,12,17,3,10,1,1,B03,7,9,1,8,2,2,,17,17,1,22,8,B03,120.633712,24.174316,2
2022,4,15,9,14,臺中市,神岡區,0,0,0,8,,,30,,,,,,,,,,,,,,,17,,,,,B12,,9,1,,1,,,17,17,1,22,,B12,120.676184,24.256381,3
2022,4,15,9,35,臺中市,北屯區,0,0,0,8,,,80,,,,,,,,,,,,,,,7,,,,,E03,,,1,,2,,,7,7,1,8,,E03,120.68847,24.201012,3
2022,4,15,9,38,臺中市,潭子區,0,0,0,8,,,80,,,,,,,,,,,,,,,7,,,,,B03,,,1,,2,,,7,7,1,22,,B03,120.696555,24.201,3
2022,4,15,9,45,臺中市,大雅區,0,2,0,8,1,5,30,5,1,1,5,4,5,7,4,4,10,5,5,2,15,6,2,9,1,1,C03,7,9,1,10,2,12,,6,6,1,22,9,C03,120.664817,24.232844,2
2022,4,15,9,46,臺中市,西屯區,0,0,0,8,,,50,,,,,,,,,,,,,,,23,,,,,B02,,,1,,1,,,23,23,1,22,,B02,120.619276,24.1817,3
2022,4,15,9,48,臺中市,北屯區,0,1,0,8,1,5,40,14,16,1,5,4,5,7,4,4,10,5,5,1,13,16,2,9,1,1,B03,7,9,1,8,2,1,,16,16,1,21,8,B03,120.722569,24.187517,2
2022,4,15,9,52,臺中市,西屯區,0,1,0,8,1,5,50,4,1,1,5,4,5,7,1,1,10,5,5,2,3,23,3,10,1,1,C03,7,6,1,10,2,11,,23,23,1,22,8,C03,120.666755,24.175127,2
2022,4,15,10,5,臺中市,大里區,0,1,0,8,1,5,50,14,8,1,5,4,5,7,4,4,1,4,4,1,16,9,3,10,1,1,B03,7,6,1,8,2,5,,9,9,1,5,8,B03,120.687072,24.102588,2
2022,4,15,10,6,臺中市,太平區,0,1,0,8,1,5,50,3,1,1,5,4,5,7,4,4,10,5,5,2,17,23,2,9,1,1,C03,7,9,1,10,2,11,,23,23,1,18,8,C03,120.72179,24.131119,2
2022,4,15,10,7,臺中市,西屯區,0,0,0,8,,,50,,,,,,,,,,,,,,,42,,,,,A41,,,1,,1,,,42,42,1,22,,A41,120.585519,24.17282,3
2022,4,15,10,9,臺中市,梧棲區,0,0,0,8,,,40,,,,,,,,,,,,,,,26,,,,,A41,,,1,,2,,,26,26,1,10,,A41,120.537624,24.253521,3
2022,4,15,10,22,臺中市,大甲區,0,0,0,8,,,50,,,,,,,,,,,,,,,7,,,,,B03,,,1,,1,,,7,7,1,9,,B03,120.623019,24.345426,3
2022,4,15,10,25,臺中市,南屯區,0,0,0,8,,,40,,,,,,,,,,,,,,,12,,,,,G03,,,1,5,,,,12,12,1,12,,G03,120.63749,24.132444,3
2022,4,15,10,25,臺中市,大里區,0,0,0,8,,,50,,,,,,,,,,,,,,,6,,,,,B12,,,1,,2,,,6,6,1,9,,B12,120.68447,24.118839,3
2022,4,15,10,28,臺中市,西區,0,2,0,8,1,5,50,14,8,1,5,4,5,7,4,4,5,4,4,2,16,26,2,9,1,1,C03,7,5,1,10,2,13,,26,26,1,22,9,C03,120.673323,24.13566,2
2022,4,15,10,30,臺中市,西區,0,0,0,8,,,50,,,,,,,,,,,,,,,26,,,,,B03,,,1,,2,,,26,26,1,22,,B03,120.657699,24.14941,3
2022,4,15,10,31,臺中市,北屯區,0,2,0,8,1,5,50,4,1,1,5,4,5,7,2,1,10,5,5,2,16,26,2,7,1,1,C03,7,5,3,18,3,14,,26,26,1,22,8,C03,120.700305,24.164971,2
2022,4,15,10,37,臺中市,外埔區,0,1,0,8,1,5,50,14,9,1,5,4,5,7,1,1,5,4,5,1,13,23,3,10,1,1,B12,7,9,1,7,2,1,,23,23,1,10,8,B12,120.662648,24.340073,2
2022,4,15,10,38,臺中市,北屯區,0,0,0,8,,,40,,,,,,,,,,,,,,,16,,,,,B03,,,1,,1,,,16,16,1,21,,B03,120.667268,24.201231,3
2022,4,15,10,43,臺中市,東勢區,0,1,0,8,1,5,60,14,8,1,5,4,5,7,4,4,1,3,4,1,16,23,2,9,1,1,C03,7,9,4,8,2,11,,23,23,1,22,9,C03,120.832797,24.246472,2
2022,4,15,10,50,臺中市,豐原區,0,0,0,,,,50,,,,,,,,,,,,,,,23,,,,,C03,,,1,,2,,,23,23,1,22,,C03,120.718352,24.248344,3
2022,4,15,10,56,臺中市,南屯區,0,3,0,8,1,5,50,14,9,1,5,4,5,7,4,4,5,5,5,2,16,6,2,9,1,4,C03,7,5,3,18,2,14,,6,6,1,22,8,C03,120.641986,24.129541,2
2022,4,15,11,5,臺中市,東區,0,1,0,8,1,5,40,3,1,1,5,4,5,7,1,1,10,5,5,2,12,3,2,9,1,1,C03,7,9,1,10,2,12,,3,3,1,22,9,C03,120.655613,24.131436,2
2022,4,15,11,12,臺中市,西屯區,0,0,0,8,,,30,,,,,,,,,,,,,,,23,,,,,B03,,,1,,1,,,23,23,1,22,,B03,120.661508,24.169165,3
2022,4,15,11,17,臺中市,大里區,0,0,0,8,1,5,50,3,9,1,5,4,5,7,1,1,5,5,5,1,13,16,,,,,A02,,,1,,2,,,16,16,1,5,,A02,120.678588,24.097152,3
2022,4,15,11,19,臺中市,北屯區,0,2,0,8,1,5,50,14,8,1,5,4,5,7,4,4,1,4,4,2,16,19,2,9,1,1,C03,7,1,3,18,2,14,,19,19,1,21,8,C03,120.706488,24.164756,2
2022,4,15,11,20,臺中市,西區,0,0,0,8,,,50,,,,,,,,,,,,,,,12,,,,,B12,,,1,,1,,,12,12,1,21,,B12,120.663668,24.155594,3
2022,4,15,11,21,臺中市,大雅區,0,0,0,8,,,50,,,,,,,,,,,,,,,16,,,,,A02,,,1,,2,,,16,16,1,22,,A02,120.652529,24.205908,3
2022,4,15,11,21,臺中市,東勢區,0,1,0,8,1,5,50,14,9,1,5,4,5,7,4,4,1,4,5,1,12,17,3,10,1,1,B12,7,6,1,8,2,2,,17,17,1,5,8,B12,120.822953,24.261628,2
2022,4,15,11,25,臺中市,太平區,0,0,0,8,,,30,,,,,,,,,,,,,,,23,,,,,B03,,,1,,2,,,23,23,1,21,,B03,120.733731,24.111072,3
2022,4,15,11,26,臺中市,北屯區,0,1,0,8,1,5,50,14,9,1,5,4,5,7,4,4,5,4,5,2,13,23,2,8,1,1,C03,7,9,1,10,2,11,,23,23,1,18,8,C03,120.670924,24.17868,2
2022,4,15,11,29,臺中市,南屯區,0,1,0,8,1,5,50,14,9,1,5,4,5,7,4,4,10,5,5,2,16,6,3,10,1,4,B03,7,5,1,8,1,2,,6,6,1,22,8,B03,120.644661,24.131645,2
2022,4,15,11,34,臺中市,北屯區,0,1,0,8,1,5,50,14,9,1,5,4,5,7,4,4,10,5,5,2,16,10,3,10,1,1,B12,7,11,1,8,2,6,,10,10,1,10,8,B12,120.70846,24.170576,2
2022,4,15,11,43,臺中市,太平區,0,1,0,8,1,5,30,3,2,1,5,4,5,7,4,4,10,5,5,2,17,8,3,10,1,1,B03,7,5,1,8,2,15,,8,8,1,4,8,B03,120.708559,24.154625,2
2022,4,15,11,49,臺中市,太平區,0,1,0,8,1,5,40,3,1,1,5,4,5,7,4,4,10,5,5,2,13,23,3,10,1,1,C03,7,9,1,10,2,11,,23,23,1,21,8,C03,120.726802,24.14992,2
2022,4,15,11,55,臺中市,大里區,0,0,0,8,,,40,,,,,,,,,,,,,,,23,,,,,A12,,,1,,2,,,23,23,1,10,,A12,120.692314,24.10032,3
2022,4,15,11,56,臺中市,北屯區,0,1,0,8,1,5,50,3,1,1,5,4,5,7,4,4,10,5,5,2,16,8,3,10,1,1,B03,7,5,1,8,2,8,,8,8,1,21,8,B03,120.73433,24.166938,2
2022,4,15,11,57,臺中市,西屯區,0,0,0,8,,,50,,,,,,,,,,,,,,,12,,,,,B03,,,1,,2,,,12,12,1,22,,B03,120.616703,24.181505,3
2022,4,15,12,1,臺中市,西區,0,2,0,8,1,5,50,3,1,1,5,4,5,7,4,4,5,4,5,2,17,26,2,9,3,4,C03,7,9,1,10,2,12,,44,26,1,21,8,C03,120.656776,24.150808,2
2022,4,15,12,4,臺中市,北區,0,1,0,8,1,5,50,15,9,1,5,4,5,7,4,4,1,4,5,2,13,23,3,10,1,1,C03,7,9,1,10,2,11,,23,23,1,22,8,C03,120.677996,24.172948,2
2022,4,15,12,5,臺中市,大雅區,0,2,0,8,1,5,50,14,9,1,5,4,5,7,4,4,5,4,5,1,17,7,2,9,1,1,C03,7,8,1,10,1,11,,7,7,1,22,9,C03,120.654852,24.229508,2
2022,4,15,12,5,臺中市,西區,0,0,0,8,1,5,50,4,2,1,5,4,5,7,1,1,5,5,5,2,14,12,,,,,B03,,,1,,1,,,12,12,1,22,,B03,120.653663,24.150098,3
2022,4,15,12,10,臺中市,南屯區,0,0,0,8,,,50,,,,,,,,,,,,,,,6,,,,,B03,,,1,8,2,,,6,6,1,12,,B03,120.640839,24.141282,3
2022,4,15,12,14,臺中市,南屯區,0,2,0,8,1,5,1,14,8,1,5,4,5,7,4,4,5,4,4,2,16,9,3,10,1,4,C03,7,6,1,10,2,12,,9,9,1,18,8,C03,120.609853,24.13701,2
2022,4,15,12,15,臺中市,大里區,0,1,0,8,1,5,30,4,1,1,5,4,5,7,4,4,10,5,5,2,16,6,3,10,1,1,B12,7,9,1,8,2,2,,6,6,1,22,8,B12,120.702618,24.090231,2
2022,4,15,12,16,臺中市,南屯區,0,0,0,1,1,5,50,4,1,1,5,4,5,7,1,1,5,4,4,2,16,23,,,,,C03,,,1,,2,,,23,23,1,22,,C03,120.623119,24.149649,3
2022,4,15,12,16,臺中市,西屯區,0,0,0,8,,,50,,,,,,,,,,,,,,,42,,,,,B12,,,1,,1,,,42,42,1,22,,B12,120.615969,24.177311,3
2022,4,15,12,17,臺中市,北屯區,0,0,0,8,,,40,,,,,,,,,,,,,,,12,,,,,B12,,,1,,1,,,12,12,1,21,,B12,120.725837,24.161139,3
2022,4,15,12,18,臺中市,西屯區,0,0,0,8,,,50,,,,,,,,,,,,,,,12,,,,,B03,,,1,,1,,,12,12,1,22,,B03,120.633788,24.162311,3
2022,4,15,12,20,臺中市,大里區,0,0,0,8,,,50,,,,,,,,,,,,,,,42,,,,,A12,,,1,,2,,,42,42,1,22,,A12,120.70237,24.100773,3
2022,4,15,12,28,臺中市,南屯區,0,1,0,8,1,5,50,4,2,1,5,4,5,7,1,1,10,5,5,2,16,6,3,10,1,4,B03,7,6,1,8,2,2,,6,6,1,22,8,B03,120.637844,24.145594,2
2022,4,15,12,32,臺中市,西屯區,0,1,0,8,1,5,50,4,1,1,5,4,5,7,1,1,10,5,5,2,17,43,3,10,1,1,B03,7,9,1,8,2,2,,43,43,1,22,8,B03,120.606273,24.161809,2
2022,4,15,12,38,臺中市,北區,0,0,0,8,,,50,,,,,,,,,,,,,,,23,,,,,B03,,,1,,1,,,23,23,1,22,,B03,120.686252,24.15482,3
2022,4,15,12,46,臺中市,豐原區,0,2,0,8,1,5,50,3,1,1,5,4,5,7,1,1,5,5,5,2,16,6,2,9,3,4,B03,7,6,1,8,2,5,,6,6,1,2,8,B03,120.726385,24.242415,2
2022,4,15,12,55,臺中市,西屯區,0,0,0,8,,,40,,,,,,,,,,,,,,,23,,,,,B03,,,1,,2,,,23,23,1,22,,B03,120.627382,24.154747,3
2022,4,15,12,56,臺中市,南屯區,0,0,0,8,,,50,,,,,,,,,,,,,,,12,,,,,B03,,,1,,1,,,12,12,1,22,,B03,120.611917,24.148528,3
2022,4,15,13,5,臺中市,西區,0,0,0,8,,,40,,,,,,,,,,,,,,,23,,,,,B01,,,1,,1,,,23,23,1,10,,B01,120.660218,24.157985,3
2022,4,15,13,5,臺中市,龍井區,0,1,0,8,1,5,30,3,1,1,5,4,5,7,4,4,10,5,5,2,13,16,2,8,1,4,C03,7,9,1,10,2,11,,16,16,1,22,8,C03,120.585968,24.184003,2
2022,4,15,13,7,臺中市,西屯區,0,1,0,8,1,5,30,14,9,1,5,4,5,7,4,4,5,5,5,2,18,23,2,9,3,4,C03,7,9,1,9,2,11,,23,23,1,22,8,C03,120.647483,24.191036,2
2022,4,15,13,8,臺中市,北區,0,1,0,8,1,5,50,4,1,1,5,4,5,7,1,1,10,5,5,2,17,25,2,7,1,1,C03,7,5,3,18,2,14,,25,25,1,22,8,C03,120.677303,24.151254,2
2022,4,15,13,8,臺中市,南屯區,0,1,0,8,1,5,50,14,9,1,5,4,5,7,4,4,9,5,5,2,12,7,3,10,3,4,C03,7,7,1,10,9,15,,7,7,1,12,8,C03,120.63718,24.140682,2
2022,4,15,13,12,臺中市,北區,0,0,0,8,,,50,,,,,,,,,,,,,,,12,,,,,B03,,,1,,1,,,12,12,1,22,,B03,120.673055,24.168207,3
2022,4,15,13,13,臺中市,北屯區,0,2,0,8,1,5,50,4,2,1,5,4,5,7,2,1,10,5,5,2,13,16,2,9,1,1,C03,7,9,1,10,2,11,,16,16,1,5,8,C03,120.70459,24.165018,2
2022,4,15,13,23,臺中市,西區,0,3,0,8,1,5,30,4,1,1,5,4,5,7,4,4,10,5,5,2,15,19,2,9,1,1,C03,7,1,1,10,2,13,,19,19,1,22,9,C03,120.669317,24.144368,2
2022,4,15,13,25,臺中市,太平區,0,1,0,8,1,5,30,3,1,1,5,4,5,7,4,4,5,5,5,2,16,6,2,9,1,1,C03,7,6,1,10,2,13,,6,6,1,21,8,C03,120.70976,24.151492,2
2022,4,15,13,27,臺中市,北屯區,0,1,0,8,1,5,50,3,2,1,5,4,5,7,4,4,1,4,4,2,13,23,3,10,1,1,B12,7,1,1,8,1,1,,23,23,1,22,8,B12,120.660631,24.192303,2
2022,4,15,13,29,臺中市,北屯區,0,1,0,8,1,5,50,4,1,1,5,4,5,7,2,1,10,5,5,2,16,25,3,10,4,5,F01,7,9,8,20,2,16,,25,25,1,21,8,F01,120.679581,24.173111,2
2022,4,15,13,31,臺中市,北區,0,0,0,8,,,50,,,,,,,,,,,,,,,10,,,,,B03,,,1,,1,,,10,10,1,22,,B03,120.691751,24.151735,3
2022,4,15,13,40,臺中市,豐原區,0,0,0,8,,,40,,,,,,,,,,,,,,,37,,,,,B12,,,1,,2,,,37,37,1,22,,B12,120.763175,24.24171,3
2022,4,15,13,43,臺中市,西屯區,0,0,0,8,,,40,,,,,,,,,,,,,,,12,,,,,B01,,,1,,2,,,12,12,1,22,,B01,120.609675,24.192688,3
2022,4,15,13,43,臺中市,沙鹿區,0,0,0,8,,,60,,,,,,,,,,,,,,,43,,,,,B03,,,1,,2,,,43,43,1,10,,B03,120.576382,24.226561,3
2022,4,15,13,46,臺中市,中區,0,1,0,8,1,5,50,4,2,1,5,4,5,7,1,1,5,4,4,2,16,17,3,10,1,1,B03,7,9,1,8,2,2,,17,17,1,20,8,B03,120.679913,24.137942,2
2022,4,15,13,50,臺中市,豐原區,0,0,0,8,,,30,,,,,,,,,,,,,,,23,,,,,B03,,,1,,2,,,23,23,1,21,,B03,120.72282,24.239034,3
2022,4,15,13,56,臺中市,大里區,0,0,0,8,,,30,,,,,,,,,,,,,,,38,,,,,B03,,,1,,,,,38,38,1,4,,B03,120.712255,24.083306,3
2022,4,15,13,57,臺中市,大里區,0,1,0,8,1,5,50,3,1,1,5,4,5,7,1,3,10,5,5,1,15,6,3,10,1,1,B03,7,9,1,8,2,8,,6,6,1,5,8,B03,120.677016,24.099663,2
2022,4,15,14,0,臺中市,大里區,0,0,0,,,,30,,,,,,,,,,,,,,,23,,,,,C03,,,1,,9,,,23,23,1,21,,C03,120.680679,24.114616,3
2022,4,15,14,2,臺中市,新社區,0,0,0,8,,,30,,,,,,,,,,,,,,,6,,,,,G02,,,1,,2,,,6,6,1,22,,G02,120.78608,24.243916,3
2022,4,15,14,3,臺中市,太平區,0,1,0,8,1,5,40,14,9,1,5,4,5,7,4,4,10,5,5,1,18,23,2,9,1,1,C03,7,9,1,10,2,15,,23,23,1,18,8,C03,120.757134,24.117798,2