年,月,日,時,分,縣市,區,死,受傷,2-30,天候,光線,道路類別,速限,道路型態,事故位置,路面鋪裝,路面狀態,路面缺陷,障礙物,視距,號誌種類,號誌動作,分向設施,快車道或一般車道間,快慢車道間,路面邊線,事故類型及型態,主要肇因,受傷程度,主要傷處,保護裝備,行動電話,當事者區分,車輛用途,當事者行動狀態,駕駛資格情形,駕駛執照種類,飲酒情形,車輛撞擊部位最初,車輛撞擊部位其他,肇事因素個別,肇事因素主要,肇事逃逸,職業,旅次目的,車種,GPS緯度,GPS經度,事故類別
2022,4,15,14,21,臺中市,梧棲區,0,1,0,8,1,5,30,14,9,3,5,3,1,7,4,4,10,5,5,2,17,42,3,10,1,1,G03,7,2,1,8,1,15,,42,42,1,9,1,G03,120.557208,24.240906,2
2022,4,15,14,22,臺中市,東勢區,0,0,0,8,,,50,,,,,,,,,,,,,,,16,,,,,B03,,,1,,,,,16,16,1,5,,B03,120.769041,24.284496,3
2022,4,15,14,23,臺中市,豐原區,0,1,0,8,1,5,50,4,2,1,5,4,5,7,1,1,8,3,4,1,17,25,3,10,3,4,C03,7,9,1,10,2,14,,25,25,1,22,8,C03,120.727127,24.252652,2
2022,4,15,14,27,臺中市,太平區,0,1,0,8,1,5,50,4,1,1,5,4,5,7,1,1,10,5,5,2,16,26,3,10,1,1,B03,7,5,1,8,2,2,,26,26,1,3,8,B03,120.730794,24.112214,2
2022,4,15,14,30,臺中市,北屯區,0,0,0,8,,,50,,,,,,,,,,,,,,,23,,,,,B12,,,1,,1,,,23,23,1,22,,B12,120.701653,24.18142,3
2022,4,15,14,36,臺中市,中區,0,1,0,8,1,5,50,3,1,1,5,4,5,7,1,1,10,5,5,2,17,40,3,10,1,1,B12,7,14,1,8,2,15,,40,40,1,22,9,B12,120.679556,24.1479,2
2022,4,15,14,37,臺中市,豐原區,0,0,0,8,,,60,,,,,,,,,,,,,,,25,,,,,B12,,,1,,2,,,25,25,1,5,,B12,120.714206,24.236832,3
2022,4,15,14,47,臺中市,西屯區,0,0,0,8,,,40,,,,,,,,,,,,,,,8,,,,,B03,,,1,,11,,,8,8,1,22,,B03,120.636503,24.16666,3
2022,4,15,14,51,臺中市,東區,0,2,0,8,1,5,50,14,9,1,5,4,5,7,4,4,9,5,5,2,16,19,2,8,1,1,C03,7,1,1,10,2,14,,19,19,1,5,8,C03,120.699004,24.133683,2
2022,4,15,14,57,臺中市,清水區,0,0,0,8,,,30,,,,,,,,,,,,,,,43,,,,,C03,,,1,,2,,,43,43,1,5,,C03,120.595439,24.285509,3
2022,4,15,15,0,臺中市,豐原區,0,0,0,8,,,50,,,,,,,,,,,,,,,12,,,,,C03,,,1,,2,,,12,12,1,21,,C03,120.716606,24.252525,3
2022,4,15,15,2,臺中市,北區,0,1,0,8,1,5,30,14,9,1,5,4,5,7,4,4,10,5,5,2,16,23,3,10,3,4,C03,7,9,1,10,2,14,,23,23,1,22,9,C03,120.690299,24.14833,2
2022,4,15,15,17,臺中市,南屯區,0,0,0,8,1,5,50,14,8,1,5,4,5,7,4,4,1,4,4,2,9,42,,,,,H01,,,8,,10,,,42,42,1,22,,H01,120.647646,24.140113,3
2022,4,15,15,17,臺中市,北屯區,0,1,0,8,1,5,50,4,1,1,5,2,5,7,2,1,10,5,5,2,18,23,2,9,1,1,C03,7,5,1,10,2,12,,23,23,1,21,8,C03,120.676108,24.195416,2
2022,4,15,15,19,臺中市,龍井區,0,0,0,8,,,50,,,,,,,,,,,,,,,16,,,,,C03,,,2,,2,,,16,16,1,22,,C03,120.582225,24.182376,3
2022,4,15,15,24,臺中市,北屯區,0,2,0,8,1,5,50,14,20,4,5,4,5,7,4,4,1,4,5,2,16,19,2,9,1,1,C03,7,1,1,10,2,11,,19,19,1,22,8,C03,120.687972,24.171516,2
2022,4,15,15,27,臺中市,梧棲區,0,0,0,8,,,30,,,,,,,,,,,,,,,12,,,,,B03,,,1,,2,,,12,12,1,9,,B03,120.557356,24.241186,3
2022,4,15,15,30,臺中市,南屯區,0,0,0,,,,30,,,,,,,,,,,,,,,12,,,,,B03,,,1,,1,,,12,12,1,4,,B03,120.613174,24.152733,3
2022,4,15,15,30,臺中市,北屯區,0,1,0,8,1,5,50,3,1,1,5,4,5,7,4,4,10,5,5,2,16,19,3,10,1,1,C03,7,1,1,10,2,14,,19,19,1,22,8,C03,120.668903,24.173879,2
2022,4,15,15,37,臺中市,豐原區,0,1,0,8,1,5,30,3,9,1,5,4,5,7,4,4,10,5,5,1,17,6,3,10,3,4,B03,7,5,1,8,9,5,,6,6,2,22,9,B03,120.716839,24.264425,2
2022,4,15,15,40,臺中市,大里區,0,0,0,8,,,30,,,,,,,,,,,,,,,12,,,,,B03,,,1,,2,,,12,12,1,5,,B03,120.671581,24.105325,3
2022,4,15,15,41,臺中市,南屯區,0,0,0,8,,,50,,,,,,,,,,,,,,,16,,,,,B12,,,1,8,,,,16,16,1,12,,B12,120.646932,24.134528,3
2022,4,15,15,45,臺中市,南屯區,0,1,0,8,1,5,50,4,1,1,5,4,5,7,1,1,1,4,4,2,16,6,3,10,1,1,B03,7,5,1,8,2,1,,6,6,1,22,9,B03,120.634273,24.144246,2
2022,4,15,15,48,臺中市,北區,0,0,0,8,,,50,,,,,,,,,,,,,,,43,,,,,C03,,,6,,11,,,43,43,1,22,,C03,120.684895,24.161908,3
2022,4,15,15,50,臺中市,西屯區,0,1,0,8,1,5,50,4,2,1,5,4,5,7,2,1,1,1,5,2,16,6,3,10,1,1,B03,7,6,1,8,2,6,,6,6,1,22,8,B03,120.654917,24.195807,2
2022,4,15,15,53,臺中市,南屯區,0,1,0,8,1,5,50,4,1,1,5,4,5,7,1,1,5,5,5,2,17,6,3,10,1,1,B01,7,5,1,4,2,4,,6,6,1,22,8,B01,120.64894,24.153001,2
2022,4,15,15,55,臺中市,東勢區,0,1,0,8,1,5,60,3,1,1,5,4,5,7,1,1,10,5,5,2,16,8,2,9,1,1,C03,7,5,1,10,2,14,12,8,8,1,22,9,C03,120.823926,24.258603,2
2022,4,15,16,3,臺中市,大里區,0,1,0,8,1,5,50,14,9,1,5,4,5,7,4,4,5,4,5,1,16,6,3,10,1,1,B12,7,6,1,8,2,8,,6,6,1,5,8,B12,120.684178,24.095914,2
2022,4,15,16,5,臺中市,大里區,0,2,0,8,1,5,50,4,2,1,5,4,5,7,1,1,10,5,5,1,15,25,2,9,1,1,C03,7,9,1,10,2,12,,25,25,1,5,8,C03,120.697128,24.111093,2
2022,4,15,16,19,臺中市,東區,0,0,0,8,,,40,,,,,,,,,,,,,,,23,,,,,C03,,,1,10,,,,23,23,1,5,,C03,120.707344,24.13622,3
2022,4,15,16,20,臺中市,潭子區,0,1,0,8,1,5,60,14,9,1,5,4,5,7,4,4,9,4,4,1,17,23,2,9,1,1,C03,7,8,1,10,2,11,,23,23,1,22,8,C03,120.702371,24.188097,2
2022,4,15,16,20,臺中市,南區,0,1,0,8,1,5,40,14,8,1,5,4,5,7,4,4,5,4,4,2,18,23,2,9,1,1,F01,7,9,8,20,2,16,,23,23,1,16,8,F01,120.671155,24.114804,2
2022,4,15,16,20,臺中市,北屯區,0,0,0,8,,,40,,,,,,,,,,,,,,,23,,,,,B11,,,1,,1,,,23,23,2,5,,B11,120.688215,24.177165,3
2022,4,15,16,26,臺中市,豐原區,0,1,0,8,1,5,50,5,1,1,5,4,5,7,2,1,10,5,5,2,17,23,2,9,1,1,C03,7,5,1,10,2,12,,23,23,1,22,8,C03,120.717511,24.24386,2
2022,4,15,16,28,臺中市,龍井區,0,2,0,8,1,5,50,3,2,1,5,4,5,7,4,4,5,5,5,1,13,16,2,9,1,4,C03,7,14,1,10,2,11,,16,16,1,22,8,C03,120.582211,24.18246,2
2022,4,15,16,33,臺中市,北區,0,0,0,,,,30,,,,,,,,,,,,,,,8,,,,,C03,,,1,,2,,,8,8,1,22,,C03,120.670037,24.167946,3
2022,4,15,16,33,臺中市,北區,0,1,0,8,1,5,40,3,1,1,5,4,5,7,4,4,5,5,5,2,17,7,3,10,1,1,C03,7,10,3,18,11,12,,7,7,2,22,9,C03,120.667324,24.159365,2
2022,4,15,16,34,臺中市,大里區,0,0,0,8,,,50,,,,,,,,,,,,,,,42,,,,,B12,,,1,,2,,,42,42,1,5,,B12,120.68846,24.103901,3
2022,4,15,16,36,臺中市,西區,0,0,0,8,,,30,,,,,,,,,,,,,,,43,,,,,B03,,,1,,9,,,44,43,1,21,,B03,120.65788,24.156489,3
2022,4,15,16,37,臺中市,北區,0,0,0,8,,,50,,,,,,,,,,,,,,,23,,,,,B03,,,1,,,,,23,23,1,5,,B03,120.685789,24.163326,3
2022,4,15,16,40,臺中市,西區,0,1,0,8,1,5,30,14,9,1,5,4,5,7,4,4,5,5,5,2,15,6,2,9,1,1,C03,7,9,1,10,2,11,,6,6,1,22,9,C03,120.660808,24.135845,2
2022,4,15,16,40,臺中市,西區,0,1,0,8,1,5,50,14,7,1,5,4,5,7,4,4,1,4,4,1,13,22,2,9,1,1,B03,7,9,3,18,2,1,,22,22,1,21,8,B03,120.657129,24.152132,2
2022,4,15,16,40,臺中市,北區,0,0,0,8,,,50,,,,,,,,,,,,,,,44,,,,,B03,,,8,,10,,,44,44,1,22,,B03,120.688113,24.151003,3
2022,4,15,16,41,臺中市,北屯區,0,0,0,8,,,50,,,,,,,,,,,,,,,23,,,,,B03,,,1,,1,,,23,23,1,21,,B03,120.683606,24.174393,3
2022,4,15,16,51,臺中市,北屯區,0,0,0,8,,,50,,,,,,,,,,,,,,,6,,,,,B03,,,1,,2,,,6,6,1,22,,B03,120.72899,24.176917,3
2022,4,15,16,53,臺中市,南區,0,3,0,8,1,5,50,3,1,1,5,4,5,7,4,4,9,4,5,2,12,43,3,10,1,1,B03,7,6,1,4,2,7,,43,43,2,5,1,B03,120.661351,24.109715,2
2022,4,15,16,56,臺中市,西區,0,0,0,8,1,5,50,14,7,1,5,3,5,7,1,1,1,4,4,2,13,7,3,10,1,1,B03,7,8,1,8,2,3,,7,7,1,20,8,B03,120.661818,24.155538,3
2022,4,15,17,0,臺中市,西區,0,2,0,8,1,5,40,4,1,1,5,4,5,7,2,1,10,5,5,2,15,25,2,9,1,1,C03,7,9,1,10,2,12,,25,25,1,5,5,C03,120.672782,24.14838,2
2022,4,15,17,5,臺中市,豐原區,0,0,0,8,,,30,,,,,,,,,,,,,,,8,,,,,C03,,,1,,2,,,23,8,1,21,,C03,120.727342,24.259424,4
2022,4,15,17,6,臺中市,北屯區,0,2,0,8,1,5,50,14,7,1,5,4,5,7,4,4,9,5,4,2,16,10,3,10,1,1,B03,7,11,1,8,2,4,,10,10,1,21,8,B03,120.708401,24.186528,2
2022,4,15,17,8,臺中市,北屯區,0,1,0,8,2,5,40,4,1,1,5,4,5,7,1,1,10,5,5,2,15,25,2,8,1,1,C03,7,9,1,10,2,11,,25,25,1,2,8,C03,120.7023,24.1865,2
2022,4,15,17,9,臺中市,西屯區,0,0,0,8,,,40,,,,,,,,,,,,,,,23,,,,,B03,,,1,,1,,,23,23,1,22,,B03,120.636718,24.170903,3
2022,4,15,17,11,臺中市,太平區,0,1,0,8,1,5,30,14,9,1,5,4,5,7,4,4,10,5,5,2,12,40,3,10,1,1,B12,7,13,1,8,2,4,,40,40,1,9,5,B12,120.718312,24.102109,2
2022,4,15,17,16,臺中市,北區,0,0,0,,,,50,,,,,,,,,,,,,,,8,,,,,A06,,,1,,2,,,8,8,1,22,,A06,120.68305,24.16304,3
2022,4,15,17,19,臺中市,大甲區,0,0,0,8,,,50,,,,,,,,,,,,,,,6,,,,,B03,,,1,,1,,,6,6,1,22,,B03,120.658903,24.399336,3
2022,4,15,17,27,臺中市,石岡區,0,1,0,8,1,5,70,3,1,1,5,4,5,7,1,1,10,5,5,2,16,6,3,10,1,1,B03,7,6,1,8,2,5,,6,6,1,5,8,B03,120.789021,24.273963,2
2022,4,15,17,30,臺中市,烏日區,0,2,0,8,1,5,50,4,1,1,5,4,5,7,4,4,10,5,5,2,15,6,2,9,1,1,C03,7,9,1,10,2,11,,6,6,1,21,8,C03,120.629347,24.101226,2
2022,4,15,17,32,臺中市,豐原區,0,1,0,8,1,5,50,11,8,1,5,4,5,7,4,4,1,4,4,2,29,43,2,9,1,1,C03,7,9,1,10,2,15,,43,43,1,21,1,C03,120.722008,24.260225,2
2022,4,15,17,35,臺中市,大肚區,0,2,0,8,2,5,30,3,9,1,5,4,5,7,4,4,5,5,5,1,14,12,3,10,1,1,B03,7,2,1,8,2,7,,12,12,1,2,8,B03,120.551027,24.139391,2
2022,4,15,17,38,臺中市,南屯區,0,0,0,,,,50,,,,,,,,,,,,,,,12,,,,,B12,,,1,,1,,,12,12,1,22,,B12,120.617626,24.159188,3
2022,4,15,17,38,臺中市,豐原區,0,0,0,8,,,60,,,,,,,,,,,,,,,26,,,,,B03,,,4,,2,,,26,26,1,21,,B03,120.721409,24.270706,3
2022,4,15,17,39,臺中市,西屯區,0,1,0,8,1,5,50,4,1,1,5,4,5,7,4,4,4,5,5,2,12,19,3,10,1,1,B03,7,1,1,8,2,8,,19,19,1,22,8,B03,120.645107,24.172881,2
2022,4,15,17,40,臺中市,潭子區,0,0,0,8,1,5,50,4,2,1,5,4,5,7,2,1,1,3,4,1,17,26,3,10,1,1,B03,7,5,1,8,1,5,,44,26,1,22,8,B03,120.702514,24.193999,3
2022,4,15,17,40,臺中市,北區,0,1,0,8,3,5,50,4,1,1,5,4,5,7,4,4,10,5,5,2,17,8,3,10,1,1,C03,7,5,1,10,2,15,,8,8,1,5,8,C03,120.685356,24.147517,2
2022,4,15,17,40,臺中市,東區,0,2,0,8,1,5,50,4,1,1,5,4,5,7,1,1,10,5,5,2,13,23,2,7,3,4,C03,7,9,1,10,2,12,,23,23,1,5,8,C03,120.707441,24.136215,2
2022,4,15,17,42,臺中市,太平區,0,0,0,8,,,40,,,,,,,,,,,,,,,1,,,,,C03,,,1,,2,,,1,1,1,3,,C03,120.726221,24.119554,3
2022,4,15,17,45,臺中市,西區,0,0,0,8,,,50,,,,,,,,,,,,,,,17,,,,,B03,,,1,,1,,,17,17,1,21,,B03,120.655138,24.146135,3
2022,4,15,17,49,臺中市,太平區,0,0,0,8,,,50,,,,,,,,,,,,,,,23,,,,,B03,,,1,,1,,,23,23,1,21,,B03,120.710673,24.134556,3
2022,4,15,17,51,臺中市,豐原區,0,0,0,8,,,50,,,,,,,,,,,,,,,26,,,,,C03,,,1,,1,,,26,26,1,21,,C03,120.699182,24.24836,3
2022,4,15,17,52,臺中市,太平區,0,1,0,8,1,5,50,3,1,1,5,4,5,7,4,4,10,5,5,2,11,8,3,10,1,1,B03,7,5,1,8,2,4,,8,8,1,19,5,B03,120.719898,24.123731,2
2022,4,15,17,53,臺中市,北屯區,0,1,0,8,2,5,50,14,9,1,5,4,5,7,4,4,1,4,5,2,12,7,3,10,1,1,C03,7,8,1,10,2,11,,7,7,1,21,8,C03,120.685708,24.176369,2
2022,4,15,17,55,臺中市,北屯區,0,3,0,8,1,5,50,4,1,1,5,4,5,7,1,1,10,5,5,2,16,6,2,9,1,1,C03,7,5,1,10,2,11,,6,6,1,22,8,C03,120.691366,24.166941,2
2022,4,15,18,1,臺中市,北屯區,0,1,0,8,3,5,50,4,1,1,5,4,5,7,1,1,10,5,5,2,12,23,2,9,1,1,C03,7,9,1,10,2,14,,23,23,1,22,8,C03,120.676397,24.17698,2
2022,4,15,18,3,臺中市,大雅區,0,2,0,8,1,5,50,3,1,1,5,4,5,7,4,4,5,5,5,1,17,6,3,10,1,1,B03,7,9,1,8,2,2,,6,6,1,21,8,B03,120.664004,24.234186,2
2022,4,15,18,9,臺中市,沙鹿區,0,2,0,8,1,5,50,4,1,1,5,4,5,7,2,1,1,4,4,2,15,25,2,9,1,1,C03,7,9,1,10,2,11,,25,25,1,4,8,C03,120.575223,24.226699,2
2022,4,15,18,10,臺中市,西區,0,1,0,8,1,5,50,5,2,1,5,4,5,7,2,1,5,4,4,2,13,23,2,9,1,1,C03,7,8,1,10,2,11,,23,23,1,20,8,C03,120.669305,24.132764,2
2022,4,15,18,12,臺中市,梧棲區,0,0,0,8,,,40,,,,,,,,,,,,,,,42,,,,,B03,,,1,,2,,,42,42,1,22,,B03,120.534556,24.250419,3
2022,4,15,18,15,臺中市,西屯區,0,2,0,8,1,5,50,3,2,1,5,4,5,7,4,4,10,5,5,2,17,6,2,9,1,1,C03,7,5,1,10,1,12,,6,6,1,21,8,C03,120.63362,24.182491,2
2022,4,15,18,19,臺中市,西屯區,0,1,0,8,2,5,50,14,9,1,5,4,5,7,4,4,5,5,5,2,16,19,3,10,3,4,B03,7,1,1,8,2,8,,19,19,1,22,8,B03,120.587881,24.175353,2
2022,4,15,18,22,臺中市,沙鹿區,0,1,0,8,3,5,40,14,8,1,5,4,5,7,4,4,1,4,2,1,17,19,3,10,1,1,B03,7,1,1,8,2,4,,19,19,1,9,8,B03,120.580553,24.215142,2
2022,4,15,18,25,臺中市,大肚區,0,0,0,8,,,50,,,,,,,,,,,,,,,12,,,,,A12,,,1,,2,,,12,12,1,9,,A12,120.578895,24.11795,3
2022,4,15,18,25,臺中市,后里區,0,2,0,8,2,5,50,4,2,1,5,4,5,7,2,1,5,4,4,1,16,10,2,9,1,1,C03,7,11,1,10,2,14,,10,10,1,22,8,C03,120.717793,24.309618,2
2022,4,15,18,30,臺中市,南區,0,0,0,8,,,50,,,,,,,,,,,,,,,26,,,,,B03,,,1,8,,,,26,26,1,5,,B03,120.6659,24.120023,3
2022,4,15,18,50,臺中市,大安區,0,1,0,8,3,5,50,4,1,1,5,4,5,7,1,1,10,5,5,2,15,25,2,9,1,1,C03,7,9,1,10,6,12,,25,25,1,22,9,C03,120.600084,24.371456,2
2022,4,15,18,52,臺中市,西屯區,0,0,0,8,,,50,,,,,,,,,,,,,,,12,,,,,B03,,,1,,1,,,43,12,1,22,,B03,120.657495,24.192875,3
2022,4,15,18,55,臺中市,西屯區,0,0,0,8,,,80,,,,,,,,,,,,,,,23,,,,,B03,,,1,,1,,,23,23,1,22,,B03,120.631801,24.169283,3
2022,4,15,18,58,臺中市,北屯區,0,1,0,8,3,5,50,14,9,1,5,4,5,7,4,4,5,4,5,2,12,7,2,8,1,1,C03,7,7,1,10,2,13,,7,7,1,21,8,C03,120.723824,24.176093,2
2022,4,15,18,59,臺中市,北屯區,0,2,0,8,3,5,40,14,8,1,5,4,5,7,4,4,1,4,4,2,13,23,2,9,1,1,C03,7,8,1,10,2,11,,23,23,1,22,8,C03,120.661084,24.190985,2
2022,4,15,19,10,臺中市,北區,0,1,0,8,3,5,50,4,9,1,5,4,5,7,1,1,5,5,5,2,17,23,3,10,1,1,B03,7,9,1,8,2,1,,23,23,1,22,9,B03,120.68106,24.161608,2
2022,4,15,19,11,臺中市,中區,0,2,0,8,3,5,50,4,1,1,5,4,5,7,4,4,5,5,5,2,3,52,2,9,4,5,H01,8,16,8,20,10,16,,52,52,1,9,8,H01,120.677663,24.146063,2
2022,4,15,19,11,臺中市,南屯區,0,2,0,8,3,5,50,14,7,1,5,4,5,7,4,4,5,4,4,2,17,26,3,10,1,1,B03,7,5,1,8,2,2,,26,26,1,22,8,B03,120.655248,24.140133,2
2022,4,15,19,16,臺中市,潭子區,0,0,0,8,,,50,,,,,,,,,,,,,,,10,,,,,B03,,,1,,2,,,10,10,1,22,,B03,120.711971,24.206846,3
2022,4,15,19,16,臺中市,梧棲區,0,0,0,8,,,30,,,,,,,,,,,,,,,17,,,,,B03,,,1,,2,,,17,17,1,22,,B03,120.534122,24.228189,3
2022,4,15,19,17,臺中市,北區,0,0,0,8,,,50,,,,,,,,,,,,,,,7,,,,,B03,,,1,,1,,,7,7,1,5,,B03,120.677045,24.166869,3
2022,4,15,19,17,臺中市,大里區,0,0,0,8,,,50,,,,,,,,,,,,,,,16,,,,,C03,,,1,,2,,,16,16,1,5,,C03,120.689933,24.113105,3
2022,4,15,19,17,臺中市,烏日區,0,0,0,8,,,60,,,,,,,,,,,,,,,12,,,,,B03,,,1,,9,,,12,12,1,21,,B03,120.636309,24.107415,3
2022,4,15,19,25,臺中市,西屯區,0,2,0,8,3,5,50,14,22,1,5,4,5,7,3,1,4,3,5,2,3,23,2,9,1,1,C03,7,9,1,10,2,11,,23,23,1,22,8,C03,120.603547,24.18556,2
2022,4,15,19,25,臺中市,大里區,0,0,0,8,3,5,40,4,2,1,5,4,5,7,4,4,5,5,5,2,14,12,,,,,B03,,,1,,11,,,12,12,1,12,,B03,120.711855,24.085881,3
2022,4,15,19,25,臺中市,大甲區,0,0,0,8,3,4,60,14,9,1,5,4,5,7,4,4,4,3,5,2,12,19,3,10,3,4,B03,7,1,1,8,1,8,,19,19,1,22,9,B03,120.63389,24.344667,3
2022,4,15,19,35,臺中市,南區,0,1,0,8,3,5,50,4,1,1,5,4,5,7,2,1,10,5,5,2,13,23,2,9,3,4,C03,7,9,1,10,2,11,,23,23,1,5,8,C03,120.650388,24.121018,2
2022,4,15,19,38,臺中市,北區,0,0,0,8,,,50,,,,,,,,,,,,,,,44,,,,,B03,,,8,,10,,,44,44,1,22,,B03,120.688226,24.15111,3
2022,4,15,19,48,臺中市,北屯區,0,0,0,8,,,50,,,,,,,,,,,,,,,23,,,,,B12,,,1,,2,,,23,23,1,9,,B12,120.7006,24.1647,3
2022,4,15,19,51,臺中市,北區,0,0,0,,,,50,,,,,,,,,,,,,,,23,,,,,C03,,,1,,11,,,23,23,1,22,,C03,120.685079,24.151991,3
2022,4,15,20,10,臺中市,北屯區,0,2,0,8,3,5,50,14,9,1,5,4,5,7,4,4,1,4,5,2,17,7,2,9,1,1,C03,7,8,1,10,2,12,,7,7,1,5,8,C03,120.693045,24.171146,2
2022,4,15,20,11,臺中市,西區,0,0,0,,,,50,,,,,,,,,,,,,,,42,,,,,C03,,,1,,1,,,42,42,1,5,,C03,120.660466,24.150675,3
2022,4,15,20,14,臺中市,霧峰區,0,0,0,8,,,30,,,,,,,,,,,,,,,23,,,,,B12,,,1,,2,,,23,23,1,21,,B12,120.695092,24.062035,3
2022,4,15,20,17,臺中市,北屯區,0,0,0,8,,,50,,,,,,,,,,,,,,,23,,,,,B03,,,1,,1,,,23,23,1,21,,B03,120.699335,24.176201,3
2022,4,15,20,28,臺中市,西屯區,0,1,0,8,3,5,30,5,1,1,5,4,5,7,3,1,10,5,5,2,13,23,2,9,1,1,C03,7,9,1,10,2,11,,23,23,1,21,8,C03,120.644465,24.190996,2
2022,4,15,20,29,臺中市,西屯區,0,0,0,8,,,40,,,,,,,,,,,,,,,12,,,,,B03,,,1,,1,,,12,12,1,22,,B03,120.615619,24.179433,3
2022,4,15,20,30,臺中市,大里區,0,0,0,8,,,40,,,,,,,,,,,,,,,23,,,,,B03,,,1,,2,,,23,23,1,5,,B03,120.693663,24.10019,3
2022,4,15,20,30,臺中市,后里區,0,0,0,8,3,5,50,3,1,1,5,4,5,7,4,4,10,5,4,1,16,8,,,,,F01,,,8,,8,,,8,8,1,22,,F01,120.70899,24.3056,3
2022,4,15,20,53,臺中市,豐原區,0,1,0,8,3,5,50,4,2,1,5,4,5,7,4,4,4,4,4,2,15,6,2,9,1,1,C03,7,9,1,10,2,11,,6,6,1,4,1,C03,120.715591,24.249233,2
2022,4,15,20,59,臺中市,南屯區,0,1,0,8,3,5,50,3,1,1,5,4,5,7,1,1,10,5,5,2,16,26,2,9,1,1,C03,7,5,1,10,2,13,12,26,26,1,22,8,C03,120.62059,24.11548,2
2022,4,15,21,1,臺中市,豐原區,0,1,0,8,1,5,50,14,9,1,5,4,5,7,2,1,3,5,5,2,17,22,2,9,3,4,C03,7,9,1,10,2,11,,22,22,1,22,8,C03,120.706114,24.246749,2
2022,4,15,21,20,臺中市,北屯區,0,2,0,8,3,5,50,4,1,1,5,4,5,7,1,1,10,5,5,2,16,6,3,10,1,1,B03,7,6,1,8,2,5,7,6,6,1,19,8,B03,120.6995,24.1647,2
2022,4,15,21,30,臺中市,西區,0,0,0,8,,,50,,,,,,,,,,,,,,,6,,,,,B03,,,1,,1,,,6,6,1,4,,B03,120.672552,24.131794,3
2022,4,15,21,36,臺中市,北屯區,0,3,0,8,3,5,40,5,1,1,5,4,5,7,1,1,10,5,5,2,16,25,2,9,1,1,F03,7,6,8,20,2,16,,25,25,1,21,8,F03,120.690386,24.170217,2
2022,4,15,22,0,臺中市,南屯區,0,1,0,8,3,5,50,3,2,1,5,4,5,7,4,4,4,4,5,2,12,7,2,9,1,1,C03,7,7,1,10,2,14,12,7,7,1,22,8,C03,120.639625,24.147161,2
2022,4,15,22,0,臺中市,南屯區,0,1,0,8,3,5,50,3,1,1,5,4,5,7,4,4,10,5,5,2,16,6,3,10,1,1,B03,7,6,1,8,11,2,6,6,6,2,22,8,B03,120.646612,24.147765,2
2022,4,15,22,2,臺中市,西屯區,0,2,0,8,3,5,40,4,1,1,5,4,5,7,1,1,1,5,1,2,12,6,3,10,3,4,B03,7,6,1,8,2,5,,6,6,1,22,8,B03,120.630761,24.162623,2
2022,4,15,22,6,臺中市,南屯區,0,0,0,8,,,40,,,,,,,,,,,,,,,18,,,,,C03,,,1,,11,,,18,18,2,22,,C03,120.638386,24.148773,3
2022,4,15,22,8,臺中市,豐原區,0,1,0,8,3,5,50,4,1,1,5,4,5,7,4,4,10,5,5,2,16,9,3,10,1,1,B03,7,6,1,8,2,3,,9,9,1,21,8,B03,120.715475,24.255708,2
2022,4,15,22,16,臺中市,西屯區,0,2,0,8,3,5,50,4,1,1,5,4,5,7,1,1,4,5,5,2,11,43,2,9,1,1,C03,7,9,1,10,2,11,,43,43,1,22,8,C03,120.650263,24.159255,2
2022,4,15,22,33,臺中市,北屯區,0,2,0,8,3,5,50,14,7,1,5,4,5,7,4,4,5,4,4,2,16,7,3,10,1,1,B01,7,7,1,4,2,8,,7,7,1,21,8,B01,120.69261,24.168745,2
2022,4,15,22,37,臺中市,北屯區,0,1,0,8,3,5,50,4,1,1,5,4,5,7,1,1,10,5,5,2,17,23,2,8,1,1,C03,7,9,1,10,2,11,,23,23,1,9,8,C03,120.7192,24.1768,2
2022,4,15,22,49,臺中市,神岡區,0,1,0,8,3,5,30,3,1,1,5,4,5,7,4,4,10,5,5,2,16,6,3,10,1,1,B03,7,5,1,8,2,8,,6,6,1,21,8,B03,120.685635,24.24837,2
2022,4,15,22,55,臺中市,西屯區,0,0,0,8,,,50,,,,,,,,,,,,,,,43,,,,,B03,,,7,,11,,,43,43,1,22,,B03,120.656379,24.195822,3
2022,4,15,23,11,臺中市,北屯區,0,1,0,8,3,5,50,3,1,1,5,4,5,7,3,1,10,5,5,2,16,6,3,10,1,1,B12,7,5,1,8,2,8,,6,6,1,21,8,B12,120.678215,24.193272,2
2022,4,15,23,41,臺中市,北屯區,0,2,0,8,3,5,50,4,1,1,5,4,5,7,4,4,10,5,5,2,15,6,2,9,1,1,C03,7,9,1,10,2,11,,6,6,1,9,8,C03,120.702035,24.169019,2
2022,4,15,23,42,臺中市,西屯區,0,2,0,8,1,5,50,15,9,1,5,4,5,7,4,4,4,3,5,2,16,16,2,8,1,1,C03,7,9,1,10,2,11,,16,16,1,22,8,C03,120.615342,24.189438,2
2022,4,15,23,58,臺中市,北屯區,0,1,0,8,3,5,50,4,1,1,5,4,5,7,1,1,10,5,5,2,13,23,2,9,1,1,C03,7,9,1,10,2,11,,23,23,1,21,8,C03,120.694781,24.165603,2
2022,4,16,0,37,臺中市,太平區,0,1,0,8,3,5,50,4,1,1,5,4,5,7,3,1,10,5,5,2,16,23,3,10,1,1,B03,7,5,1,8,2,4,,23,23,1,21,8,B03,120.726644,24.152264,2