年,月,日,時,分,縣市,區,死,受傷,2-30,天候,光線,道路類別,速限,道路型態,事故位置,路面鋪裝,路面狀態,路面缺陷,障礙物,視距,號誌種類,號誌動作,分向設施,快車道或一般車道間,快慢車道間,路面邊線,事故類型及型態,主要肇因,受傷程度,主要傷處,保護裝備,行動電話,當事者區分,車輛用途,當事者行動狀態,駕駛資格情形,駕駛執照種類,飲酒情形,車輛撞擊部位最初,車輛撞擊部位其他,肇事因素個別,肇事因素主要,肇事逃逸,職業,旅次目的,車種,GPS緯度,GPS經度,事故類別
2022,4,18,9,6,臺中市,北屯區,0,0,0,8,,,50,,,,,,,,,,,,,,,23,,,,,B02,,,1,,1,,,23,23,1,21,,B02,120.715662,24.164184,3
2022,4,18,9,11,臺中市,外埔區,0,1,0,8,1,5,30,3,1,1,5,4,5,7,4,4,10,5,5,2,16,6,3,10,1,1,B03,7,5,1,8,2,8,,6,6,1,19,8,B03,120.688446,24.321551,2
2022,4,18,9,19,臺中市,西區,0,0,0,8,1,5,50,14,9,1,5,4,5,7,4,4,5,5,5,2,12,23,,,,,B03,,,1,,,,,23,23,1,21,,B03,120.660397,24.144287,3
2022,4,18,9,28,臺中市,北區,0,1,0,8,1,5,50,4,2,1,5,4,5,7,4,4,3,4,5,2,12,6,3,10,1,1,B03,7,6,1,8,2,2,,6,6,1,5,5,B03,120.685261,24.162512,2
2022,4,18,9,28,臺中市,沙鹿區,0,0,0,8,,,40,,,,,,,,,,,,,,,23,,,,,B03,,,1,,2,,,23,23,1,2,,B03,120.571666,24.243055,3
2022,4,18,9,34,臺中市,大里區,0,0,0,8,,,50,,,,,,,,,,,,,,,40,,,,,B12,,,1,,2,,,40,40,1,4,,B12,120.726512,24.090973,3
2022,4,18,9,35,臺中市,東勢區,0,2,0,7,1,5,50,4,9,1,5,4,5,7,1,1,5,5,5,1,17,25,2,8,3,1,F01,7,9,8,20,2,16,,25,25,1,22,8,F01,120.828976,24.255748,2
2022,4,18,9,36,臺中市,烏日區,0,1,0,8,1,5,50,3,1,1,4,4,5,7,1,1,10,5,5,2,16,8,2,9,1,1,B03,7,5,1,8,2,5,,8,8,1,21,8,B03,120.647993,24.101925,2
2022,4,18,9,45,臺中市,西區,0,0,0,8,1,5,50,4,8,1,5,4,5,7,1,1,5,4,4,2,17,23,,,,,B02,,,1,,1,,,23,23,1,4,,B02,120.66028,24.136656,3
2022,4,18,9,45,臺中市,豐原區,0,1,0,7,1,5,40,4,1,1,5,4,5,7,1,1,10,5,5,2,16,6,3,10,3,4,B03,7,6,1,8,2,2,,6,6,1,22,8,B03,120.724777,24.234705,2
2022,4,18,9,50,臺中市,北屯區,0,2,0,8,1,5,50,4,1,1,5,4,5,7,1,1,10,5,5,2,12,7,2,9,1,1,C03,7,4,1,10,2,12,,23,7,1,5,8,C03,120.686933,24.168264,2
2022,4,18,10,1,臺中市,北屯區,0,1,0,8,1,5,50,4,1,1,5,4,5,7,2,1,10,5,4,2,15,43,2,9,1,1,C03,7,9,1,10,2,11,,43,43,1,23,8,C03,120.677523,24.18345,2
2022,4,18,10,1,臺中市,烏日區,0,0,0,8,,,30,,,,,,,,,,,,,,,7,,,,,A12,,,1,,2,,,7,7,1,22,,A12,120.655921,24.054555,3
2022,4,18,10,15,臺中市,大里區,0,1,0,8,1,5,50,4,1,1,5,4,5,7,1,1,10,5,5,2,12,23,3,10,1,1,B03,7,5,1,8,2,5,,23,23,1,19,8,B03,120.6906,24.113108,2
2022,4,18,10,17,臺中市,太平區,0,1,0,7,1,5,50,4,1,1,5,4,5,7,2,1,10,5,5,2,16,9,3,10,1,1,B03,7,6,1,8,2,5,,9,9,1,3,8,B03,120.723266,24.149412,2
2022,4,18,10,36,臺中市,西屯區,0,0,0,8,,,40,,,,,,,,,,,,,,,12,,,,,B03,,,1,,1,,,12,12,1,22,,B03,120.65456,24.163541,3
2022,4,18,10,37,臺中市,豐原區,0,1,0,8,1,5,50,15,20,4,5,4,5,7,4,4,10,5,5,2,17,17,2,8,1,1,F03,7,9,8,20,2,16,,17,17,1,4,5,F03,120.723494,24.244663,2
2022,4,18,10,40,臺中市,西屯區,0,1,0,8,1,5,50,14,9,1,5,4,5,7,4,4,5,4,4,2,18,43,2,9,3,4,C03,7,9,1,10,2,12,,43,43,1,22,8,C03,120.606365,24.189998,2
2022,4,18,11,4,臺中市,南區,0,1,0,8,1,5,50,14,9,1,5,4,3,7,4,4,5,5,5,2,10,26,2,8,1,1,C03,7,9,1,10,2,11,,26,26,1,5,8,C03,120.663621,24.125527,2
2022,4,18,11,12,臺中市,北屯區,0,1,0,8,1,5,50,14,9,1,5,4,5,7,4,4,5,5,5,2,17,40,3,10,1,1,B03,7,13,1,8,2,4,,40,40,1,5,8,B03,120.730813,24.170846,2
2022,4,18,11,15,臺中市,大里區,0,1,0,8,1,5,50,4,3,1,5,4,5,7,1,1,10,5,5,1,16,17,3,10,1,1,C03,7,15,1,10,2,12,,17,17,1,5,8,C03,120.67485,24.109533,2
2022,4,18,11,19,臺中市,北區,0,0,0,8,,,50,,,,,,,,,,,,,,,12,,,,,B03,,,1,,2,,,12,12,1,22,,B03,120.681238,24.162706,3
2022,4,18,11,20,臺中市,太平區,0,0,0,8,,,50,,,,,,,,,,,,,,,23,,,,,B12,,,1,,1,,,23,23,1,22,,B12,120.7125,24.141944,3
2022,4,18,11,22,臺中市,大甲區,0,0,0,8,,,50,,,,,,,,,,,,,,,17,,,,,B03,,,1,,1,,,17,17,1,2,,B03,120.623834,24.339633,3
2022,4,18,11,28,臺中市,大雅區,0,1,0,8,1,5,50,14,22,1,5,4,5,7,4,4,1,4,4,1,17,40,3,10,1,1,B03,7,13,1,8,2,4,,40,40,1,22,8,B03,120.649502,24.214719,2
2022,4,18,11,37,臺中市,北屯區,0,2,0,8,1,5,0,14,20,1,5,4,5,7,4,4,1,4,4,2,11,26,2,9,1,1,C03,7,15,1,10,2,11,,26,26,1,5,1,C03,120.691697,24.171207,2
2022,4,18,11,39,臺中市,神岡區,0,0,0,8,,,50,,,,,,,,,,,,,,,12,,,,,B12,,,1,,2,,,12,12,1,22,,B12,120.682881,24.24381,3
2022,4,18,11,40,臺中市,北區,0,0,0,8,,,50,,,,,,,,,,,,,,,23,,,,,B03,,,1,,2,,,23,23,1,22,,B03,120.67817,24.151537,3
2022,4,18,11,50,臺中市,外埔區,0,0,0,8,,,50,,,,,,,,,,,,,,,23,,,,,B12,,,1,,2,,,23,23,1,10,,B12,120.661496,24.3237,3
2022,4,18,11,54,臺中市,西區,0,0,0,,,,50,,,,,,,,,,,,,,,6,,,,,C03,,,1,,1,,,6,6,1,21,,C03,120.676843,24.137832,3
2022,4,18,11,55,臺中市,南屯區,0,1,0,8,1,5,50,4,1,1,5,4,5,7,1,1,1,4,4,2,16,6,3,10,1,1,B03,7,6,1,8,2,2,,6,6,1,22,9,B03,120.630827,24.144869,2
2022,4,18,11,55,臺中市,西屯區,0,0,0,8,,,50,,,,,,,,,,,,,,,23,,,,,B12,,,1,,1,,,23,23,1,21,,B12,120.657627,24.170643,4
2022,4,18,11,57,臺中市,西區,0,1,0,8,1,5,50,4,1,1,5,4,5,7,1,1,10,5,5,2,16,6,3,10,1,1,B03,7,5,1,8,2,6,,6,6,1,4,8,B03,120.669784,24.13844,2
2022,4,18,12,3,臺中市,北屯區,0,1,0,8,1,5,30,4,1,1,5,4,5,7,4,4,10,5,5,2,16,6,3,10,1,1,B12,7,6,1,8,2,5,,6,6,1,21,8,B12,120.692423,24.184376,2
2022,4,18,12,7,臺中市,神岡區,0,3,0,8,1,5,50,14,9,1,5,4,5,7,4,4,5,5,5,1,16,26,2,8,1,1,C03,7,11,1,10,2,14,,26,26,1,21,8,C03,120.687156,24.271898,2
2022,4,18,12,10,臺中市,北屯區,0,1,0,8,1,5,30,14,9,1,5,4,5,7,4,4,1,4,5,2,13,13,3,10,1,1,B12,7,9,1,8,2,1,,13,13,1,22,8,B12,120.66706,24.200806,2
2022,4,18,12,12,臺中市,豐原區,0,0,0,8,,,50,,,,,,,,,,,,,,,42,,,,,C03,,,1,,2,,,42,42,1,21,,C03,120.722333,24.253616,3
2022,4,18,12,17,臺中市,潭子區,0,1,0,8,1,5,50,4,1,1,5,4,5,7,1,1,1,4,4,1,16,6,3,10,1,1,B12,7,6,1,8,2,5,,6,6,1,22,8,B12,120.691208,24.215976,2
2022,4,18,12,21,臺中市,北屯區,0,1,0,8,1,5,50,4,1,1,5,4,5,7,2,1,10,5,5,2,16,6,3,10,1,1,B03,7,5,1,8,2,2,6,6,6,1,5,8,B03,120.686998,24.185515,2
2022,4,18,12,23,臺中市,北屯區,0,0,0,8,,,40,,,,,,,,,,,,,,,23,,,,,B03,,,1,,,,,23,23,1,20,,B03,120.727512,24.177786,3
2022,4,18,12,25,臺中市,大里區,0,0,0,8,,,50,,,,,,,,,,,,,,,18,,,,,B03,,,1,,2,,,18,18,1,5,,B03,120.694378,24.100395,3
2022,4,18,12,30,臺中市,大里區,0,1,0,8,1,5,50,5,1,1,5,4,5,7,1,1,10,5,5,2,18,23,2,9,1,1,C03,7,6,1,10,2,12,,23,23,1,18,8,C03,120.681087,24.104377,2
2022,4,18,12,32,臺中市,南屯區,0,0,0,,,,50,,,,,,,,,,,,,,,7,,,,,B03,,,1,,2,,,7,7,1,22,,B03,120.638132,24.142457,3
2022,4,18,12,39,臺中市,中區,0,2,0,8,1,5,50,14,9,1,5,4,5,7,4,4,5,4,5,2,16,7,2,9,1,1,C03,7,7,3,18,2,14,,7,7,1,21,8,C03,120.683269,24.141335,2
2022,4,18,12,42,臺中市,潭子區,0,2,0,8,1,5,60,4,1,1,5,4,5,7,1,1,1,4,4,1,12,17,2,9,1,1,C03,7,3,1,10,2,12,,44,17,1,22,8,C03,120.703583,24.201081,2
2022,4,18,12,57,臺中市,南屯區,0,1,0,8,1,5,50,4,9,1,5,4,5,7,1,1,5,5,5,2,16,9,3,10,3,4,B03,7,6,1,8,2,2,,9,9,1,22,9,B03,120.643956,24.133395,2
2022,4,18,13,1,臺中市,東區,0,1,0,8,1,5,50,4,1,1,5,4,5,7,1,1,5,4,4,2,16,25,3,10,3,4,B03,7,9,1,8,2,1,,25,25,1,21,8,B03,120.70577,24.140393,2
2022,4,18,13,11,臺中市,大甲區,0,0,0,8,,,60,,,,,,,,,,,,,,,9,,,,,B03,,,1,,1,,,9,9,1,6,,B03,120.617153,24.345752,4
2022,4,18,13,14,臺中市,北區,0,1,0,8,1,5,50,4,1,1,5,4,5,7,1,1,10,5,5,2,12,6,2,8,1,1,C03,7,5,1,10,2,12,,6,6,1,5,5,C03,120.675884,24.171452,2
2022,4,18,13,15,臺中市,西區,0,1,0,8,1,5,40,3,1,1,5,4,5,7,2,1,10,5,5,2,3,15,3,10,1,1,C03,7,6,1,10,2,11,,15,15,1,22,9,C03,120.665757,24.140083,2
2022,4,18,13,20,臺中市,南區,0,0,0,8,1,5,50,14,7,1,5,4,5,7,4,4,1,4,4,2,12,7,3,10,1,1,B03,7,7,1,8,2,4,,7,7,1,5,8,B03,120.669266,24.12606,3
2022,4,18,13,21,臺中市,北區,0,0,0,8,,,30,,,,,,,,,,,,,,,12,,,,,B12,,,1,,11,,,12,12,2,22,,B12,120.701071,24.155106,3
2022,4,18,13,38,臺中市,大里區,0,1,0,8,1,5,30,4,1,1,5,4,5,7,4,4,10,5,5,2,15,6,2,4,1,1,C03,7,9,3,18,2,11,,6,6,1,4,5,C03,120.700487,24.090482,2
2022,4,18,13,42,臺中市,南屯區,0,0,0,8,,,40,,,,,,,,,,,,,,,42,,,,,,,,,,,,,42,42,1,,,,120.593975,24.141208,3
2022,4,18,13,45,臺中市,北屯區,0,0,0,8,,,50,,,,,,,,,,,,,,,26,,,,,B03,,,1,,2,,,26,26,1,22,,B03,120.685663,24.173625,3
2022,4,18,13,47,臺中市,北屯區,0,2,0,8,1,5,50,3,1,1,5,4,5,7,1,1,10,5,5,2,16,25,2,9,1,1,C03,7,9,1,10,2,12,,25,25,1,22,8,C03,120.664865,24.186206,2
2022,4,18,13,50,臺中市,沙鹿區,0,3,0,8,1,5,50,4,9,1,5,4,5,7,1,1,4,3,4,1,16,25,2,8,1,1,C03,7,9,1,10,2,11,,25,25,1,22,8,C03,120.565921,24.250366,2
2022,4,18,14,3,臺中市,西區,0,0,0,8,,,50,,,,,,,,,,,,,,,43,,,,,,,,,,,,,43,43,2,,,,120.659021,24.152858,3
2022,4,18,14,3,臺中市,北區,0,0,0,8,,,50,,,,,,,,,,,,,,,40,,,,,B01,,,1,,2,,,40,40,1,10,,B01,120.680349,24.155745,3
2022,4,18,14,19,臺中市,南屯區,0,1,0,8,1,5,50,5,1,1,5,4,5,7,1,1,3,4,5,2,17,16,3,10,1,1,C03,7,9,1,10,2,11,,16,16,1,22,8,C03,120.637724,24.142453,2
2022,4,18,14,21,臺中市,豐原區,0,1,0,8,1,5,40,4,1,1,5,4,5,7,1,1,10,5,5,2,17,1,3,10,1,1,B12,7,6,1,8,2,15,,44,1,1,22,8,B12,120.725168,24.234611,2
2022,4,18,14,29,臺中市,北屯區,0,2,0,8,1,5,50,14,13,1,5,4,5,7,4,4,5,5,4,2,18,23,2,9,1,1,C03,7,9,1,10,2,12,,23,23,1,22,8,C03,120.704156,24.164365,2
2022,4,18,14,30,臺中市,梧棲區,0,1,0,8,1,5,70,4,2,1,5,4,5,7,2,1,1,3,4,1,16,6,3,10,1,1,B03,7,6,1,8,2,2,,6,6,1,9,8,B03,120.554087,24.248277,2
2022,4,18,14,32,臺中市,潭子區,0,1,0,8,1,5,30,3,1,1,5,4,5,7,4,4,5,5,5,1,15,6,3,10,1,1,B03,7,9,1,8,2,8,,6,6,1,22,8,B03,120.723791,24.20399,2
2022,4,18,14,32,臺中市,北屯區,0,1,0,8,1,5,50,3,1,1,5,4,5,7,4,4,10,5,5,2,16,6,3,10,1,1,B01,7,6,1,4,2,5,,6,6,1,5,8,B01,120.689113,24.163278,2
2022,4,18,14,35,臺中市,太平區,0,1,0,7,1,5,50,4,1,1,5,4,5,7,2,1,10,5,5,2,16,9,3,10,1,1,B03,7,6,1,8,2,2,,9,9,1,3,8,B03,120.713507,24.160716,2
2022,4,18,14,40,臺中市,北屯區,0,1,0,8,1,5,50,4,1,1,5,4,5,7,4,4,10,5,5,2,16,23,3,10,1,1,B03,7,6,1,8,2,5,,44,23,1,21,8,B03,120.684472,24.187059,2
2022,4,18,14,45,臺中市,南屯區,0,1,0,8,1,5,50,4,1,1,5,4,5,7,2,1,5,2,5,2,18,42,2,9,1,1,C03,7,9,1,10,2,15,,42,42,1,22,8,C03,120.654236,24.135338,2
2022,4,18,14,53,臺中市,大雅區,0,1,0,8,1,5,50,3,2,1,5,4,5,7,1,1,1,4,4,1,16,18,3,10,1,1,B12,7,3,1,8,2,2,,18,18,1,22,9,B12,120.649885,24.213381,2
2022,4,18,14,58,臺中市,大里區,0,0,0,8,1,5,50,4,1,1,5,4,1,7,1,1,4,5,5,1,11,44,,,,,B12,,,1,,,,,44,44,1,5,,B12,120.709763,24.089165,3
2022,4,18,15,3,臺中市,西屯區,0,0,0,8,,,1,,,,,,,,,,,,,,,43,,,,,,,,,,,,,43,43,1,,,,120.642875,24.189098,3
2022,4,18,15,3,臺中市,神岡區,0,1,0,8,1,5,30,4,1,1,5,4,5,7,4,4,10,5,5,1,15,6,2,9,1,1,C03,7,9,1,10,2,12,,6,6,1,22,8,C03,120.677339,24.247264,2
2022,4,18,15,6,臺中市,北屯區,0,1,0,8,1,5,50,4,1,1,5,4,5,7,4,4,5,5,4,2,15,6,3,10,1,1,B03,7,9,1,8,2,1,,6,6,1,22,8,B03,120.729252,24.175317,2
2022,4,18,15,12,臺中市,南屯區,0,0,0,8,,,40,,,,,,,,,,,,,,,19,,,,,B11,,,1,,1,,,19,19,1,10,,B11,120.629968,24.123032,3
2022,4,18,15,30,臺中市,南屯區,0,0,0,8,,,50,,,,,,,,,,,,,,,7,,,,,B12,,,1,,2,,,7,7,1,22,,B12,120.627924,24.144996,3
2022,4,18,15,30,臺中市,豐原區,0,2,0,8,1,5,40,14,9,1,5,4,5,7,4,4,5,4,4,2,12,19,3,10,3,4,A12,7,9,1,7,2,2,,23,19,1,22,8,A12,120.720444,24.240591,2
2022,4,18,15,35,臺中市,大安區,0,1,0,7,1,5,50,4,1,1,5,4,5,7,1,1,10,5,5,2,15,25,2,9,1,1,C03,7,9,1,10,2,12,,25,25,1,6,8,C03,120.602055,24.37405,2
2022,4,18,15,35,臺中市,新社區,0,1,0,8,1,5,50,3,9,1,5,4,5,7,4,4,5,4,5,1,16,19,3,10,1,1,B03,7,1,1,8,2,1,,19,19,1,22,9,B03,120.812416,24.189621,2
2022,4,18,15,45,臺中市,石岡區,0,0,0,8,,,60,,,,,,,,,,,,,,,16,,,,,B03,,,1,,1,,,16,16,1,22,,B03,120.790123,24.273371,3
2022,4,18,15,51,臺中市,大里區,0,2,0,8,1,5,50,4,1,1,5,4,5,7,1,1,10,5,5,1,16,6,2,9,1,1,C03,7,5,1,10,2,11,,6,6,1,22,9,C03,120.701025,24.096115,2
2022,4,18,15,55,臺中市,大甲區,0,0,0,,,,50,,,,,,,,,,,,,,,18,,,,,B03,,,1,,1,,,18,18,1,22,,B03,120.629928,24.400482,3
2022,4,18,16,5,臺中市,大里區,0,0,0,8,,,50,,,,,,,,,,,,,,,12,,,,,B03,,,1,,1,,,12,12,1,22,,B03,120.679098,24.111571,3
2022,4,18,16,8,臺中市,西區,0,0,0,8,,,50,,,,,,,,,,,,,,,23,,,,,B03,,,1,,2,,,23,23,1,22,,B03,120.659637,24.157167,3
2022,4,18,16,11,臺中市,太平區,0,0,0,8,,,30,,,,,,,,,,,,,,,42,,,,,B03,,,1,,2,,,42,42,1,19,,B03,120.730724,24.140275,3
2022,4,18,16,12,臺中市,潭子區,0,1,0,8,1,5,30,3,1,1,5,4,5,7,4,4,9,5,5,1,16,6,3,10,1,1,B03,7,5,1,8,2,1,,6,6,1,22,8,B03,120.704143,24.220059,2
2022,4,18,16,12,臺中市,南屯區,0,2,0,8,1,5,50,3,1,1,5,4,5,7,4,4,4,3,4,2,12,10,3,10,1,1,B03,7,11,1,8,2,8,,10,10,1,22,8,B03,120.615196,24.146581,2
2022,4,18,16,15,臺中市,西區,0,1,0,8,1,5,50,4,1,1,5,4,5,7,1,1,10,5,5,2,17,25,2,9,1,1,C03,7,9,1,10,2,11,,25,25,1,5,1,C03,120.651286,24.14493,2
2022,4,18,16,15,臺中市,神岡區,0,0,0,8,,,50,,,,,,,,,,,,,,,23,,,,,C03,,,1,,1,,,23,23,1,20,,C03,120.660366,24.259585,3
2022,4,18,16,17,臺中市,北屯區,0,0,0,8,,,50,,,,,,,,,,,,,,,12,,,,,B03,,,1,,1,,,12,12,1,4,,B03,120.682608,24.192056,3
2022,4,18,16,19,臺中市,南屯區,0,1,0,8,1,5,50,4,1,1,5,4,5,7,4,4,3,4,5,2,17,23,2,9,1,1,C03,7,9,1,10,2,11,,23,23,1,22,8,C03,120.646263,24.125653,2
2022,4,18,16,21,臺中市,南屯區,0,0,0,,,,50,,,,,,,,,,,,,,,23,,,,,B12,,,1,,10,,,44,23,1,22,,B12,120.641419,24.133472,3
2022,4,18,16,26,臺中市,豐原區,0,2,0,8,1,5,50,4,2,1,5,4,5,7,2,1,1,2,5,2,16,8,2,9,1,1,F03,7,5,8,20,2,16,,8,8,1,4,1,F03,120.724494,24.253983,2
2022,4,18,16,40,臺中市,豐原區,0,1,0,8,1,5,30,3,1,1,5,4,5,7,4,4,10,5,5,2,16,6,3,10,1,1,B03,7,5,1,8,2,8,,6,6,1,21,8,B03,120.698889,24.229402,2
2022,4,18,16,45,臺中市,大里區,0,0,0,8,,,50,,,,,,,,,,,,,,,17,,,,,C03,,,1,,1,,,17,17,1,22,,C03,120.685709,24.115275,3
2022,4,18,16,48,臺中市,南屯區,0,0,0,8,,,50,,,,,,,,,,,,,,,23,,,,,B03,,,1,,,,,23,23,1,21,,B03,120.625848,24.140503,3
2022,4,18,16,48,臺中市,烏日區,0,3,0,8,1,5,50,4,1,1,5,4,5,7,4,4,5,5,4,2,16,19,2,9,1,1,C03,7,1,1,10,2,11,12,19,19,1,22,8,C03,120.638309,24.107132,2
2022,4,18,17,6,臺中市,豐原區,0,1,0,8,1,5,50,14,9,1,5,4,5,7,4,4,5,5,5,1,16,10,3,10,1,1,B03,7,11,1,8,2,5,,10,10,1,22,8,B03,120.732528,24.25077,2
2022,4,18,17,8,臺中市,北屯區,0,1,0,8,1,5,50,3,2,1,5,4,5,7,4,4,10,5,5,2,17,26,2,9,1,1,C03,7,15,3,18,2,11,,26,26,1,22,8,C03,120.699058,24.17171,2
2022,4,18,17,10,臺中市,北屯區,0,1,0,8,1,5,30,3,1,1,5,4,5,7,2,1,10,5,5,2,16,6,3,10,1,1,B03,7,6,1,8,3,2,,6,6,1,21,8,B03,120.660546,24.178082,2
2022,4,18,17,11,臺中市,南屯區,0,1,0,8,1,5,50,4,1,1,5,4,5,7,4,4,5,5,5,2,15,6,3,10,1,1,B12,7,9,1,8,2,5,,6,6,1,22,8,B12,120.643735,24.137768,2
2022,4,18,17,13,臺中市,大里區,0,1,0,8,1,5,50,14,9,1,5,4,5,7,4,4,5,5,5,1,13,16,3,10,1,1,C03,7,9,1,10,2,11,,16,16,1,11,8,C03,120.700191,24.096342,2
2022,4,18,17,15,臺中市,北區,0,0,0,8,,,50,,,,,,,,,,,,,,,6,,,,,B12,,,1,,2,,,6,6,1,22,,B12,120.69176,24.160078,3
2022,4,18,17,17,臺中市,太平區,0,1,0,8,1,5,50,3,1,1,5,4,5,7,4,4,5,5,5,2,16,6,2,9,1,5,F03,7,5,8,20,2,16,,6,6,1,21,8,F03,120.716765,24.131839,2
2022,4,18,17,20,臺中市,潭子區,0,0,0,8,1,5,50,3,1,1,5,4,5,7,3,1,1,4,4,1,12,7,,,,,B03,,,1,,1,,,7,7,1,22,,B03,120.687438,24.216251,3
2022,4,18,17,26,臺中市,北區,0,0,0,8,,,50,,,,,,,,,,,,,,,19,,,,,C03,,,1,,2,,,19,19,1,22,,C03,120.69498,24.156664,3
2022,4,18,17,28,臺中市,大里區,0,1,0,8,1,5,50,14,9,1,5,4,5,7,1,1,3,4,4,1,17,23,2,9,1,1,C03,7,9,1,10,2,11,,23,23,1,22,8,C03,120.681705,24.102603,2
2022,4,18,17,29,臺中市,烏日區,0,2,0,8,1,5,50,5,1,1,5,4,5,7,1,1,5,4,5,1,13,16,2,9,1,1,C03,7,12,1,10,2,11,12,16,16,1,22,8,C03,120.643042,24.075617,2
2022,4,18,17,31,臺中市,北屯區,0,1,0,8,1,5,50,14,7,1,5,4,5,7,4,4,9,5,4,2,13,16,2,8,1,1,C03,7,9,1,10,1,11,,16,16,1,22,8,C03,120.695486,24.176326,2
2022,4,18,17,35,臺中市,后里區,0,0,0,8,,,30,,,,,,,,,,,,,,,23,,,,,B03,,,1,,2,,,23,23,1,22,,B03,120.740998,24.329686,3
2022,4,18,17,40,臺中市,南屯區,0,0,0,8,,,40,,,,,,,,,,,,,,,23,,,,,C03,,,1,,11,,,23,23,1,4,,C03,120.584531,24.167805,3
2022,4,18,17,48,臺中市,北屯區,0,0,0,8,,,50,,,,,,,,,,,,,,,23,,,,,B03,,,1,,1,,,23,23,1,22,,B03,120.676711,24.176952,3
2022,4,18,17,49,臺中市,南區,0,1,0,8,2,5,50,4,1,1,5,4,5,7,1,1,10,5,5,2,16,26,3,10,1,1,B03,7,6,1,8,2,5,,26,26,1,22,8,B03,120.676788,24.131491,2
2022,4,18,17,57,臺中市,北屯區,0,1,0,8,1,5,50,14,9,1,5,4,5,7,4,4,5,4,5,2,11,26,3,10,1,1,B03,7,9,1,8,9,4,,26,26,2,22,8,B03,120.76258,24.199388,2
2022,4,18,18,0,臺中市,霧峰區,0,1,0,8,1,5,30,4,1,1,5,4,5,7,4,4,10,5,5,2,15,6,2,9,1,1,F03,7,9,8,20,2,16,,6,6,1,12,8,F03,120.674776,24.035186,2
2022,4,18,18,3,臺中市,豐原區,0,0,0,,,,50,,,,,,,,,,,,,,,23,,,,,B03,,,1,,2,,,23,23,1,22,,B03,120.710533,24.239141,3
2022,4,18,18,5,臺中市,太平區,0,0,0,8,,,50,,,,,,,,,,,,,,,23,,,,,C03,,,1,,1,,,23,23,1,22,,C03,120.7175,24.141944,3
2022,4,18,18,6,臺中市,南屯區,0,0,0,,,,50,,,,,,,,,,,,,,,26,,,,,B12,,,1,,1,,,26,26,1,22,,B12,120.652816,24.139236,4
2022,4,18,18,7,臺中市,北區,0,0,0,8,,,50,,,,,,,,,,,,,,,23,,,,,B03,,,1,,2,,,23,23,1,22,,B03,120.673773,24.165153,3
2022,4,18,18,13,臺中市,大里區,0,1,0,8,3,5,60,4,1,1,5,4,5,7,1,1,1,4,4,2,13,16,2,9,1,1,C03,7,9,1,10,2,11,,16,16,1,21,1,C03,120.666992,24.105264,2
2022,4,18,18,15,臺中市,烏日區,0,2,0,7,3,5,30,4,1,1,5,4,5,7,4,4,10,5,5,2,18,23,2,8,1,1,C03,7,6,1,10,2,11,12,23,23,1,22,8,C03,120.647421,24.055396,2
2022,4,18,18,21,臺中市,西區,0,0,0,8,,,50,,,,,,,,,,,,,,,12,,,,,B12,,,6,,2,,,12,12,1,22,,B12,120.667901,24.130304,3
2022,4,18,18,22,臺中市,西屯區,0,0,0,8,,,50,,,,,,,,,,,,,,,12,,,,,B02,,,1,,1,,,12,12,1,22,,B02,120.667033,24.175696,3
2022,4,18,18,38,臺中市,沙鹿區,0,1,0,8,3,5,50,3,1,1,5,4,5,7,3,1,10,5,5,2,17,4,3,10,1,1,C03,7,15,1,10,7,12,,4,4,1,5,8,C03,120.56876,24.222103,2
2022,4,18,18,48,臺中市,南屯區,0,1,0,8,3,5,50,14,9,1,5,4,5,7,4,4,1,4,5,2,13,23,3,10,3,4,B12,7,9,1,8,2,1,,23,23,1,21,8,B12,120.646415,24.148178,2
2022,4,18,18,49,臺中市,西屯區,0,2,0,8,1,5,50,14,7,1,5,4,5,7,4,4,8,4,4,1,13,23,2,9,1,4,C03,7,9,1,10,2,11,,23,23,1,4,8,C03,120.626722,24.184248,2
2022,4,18,18,50,臺中市,西區,0,1,0,8,3,5,50,3,1,1,5,4,5,7,4,4,10,5,5,2,17,23,3,10,1,1,A02,7,5,1,2,2,8,,23,23,1,10,1,A02,120.673063,24.134209,2
2022,4,18,18,52,臺中市,西屯區,0,1,0,8,3,5,50,14,9,1,5,4,5,7,4,4,1,4,5,2,18,42,2,9,3,4,C03,7,9,1,10,2,14,,42,42,1,22,8,C03,120.6485,24.161159,2
2022,4,18,18,56,臺中市,西區,0,1,0,8,1,5,50,4,2,1,5,4,5,7,4,4,5,5,5,2,17,19,3,10,1,1,B03,7,1,1,8,2,8,,19,19,1,4,5,B03,120.667093,24.132173,2
2022,4,18,18,58,臺中市,潭子區,0,2,0,8,3,5,50,3,2,1,5,4,5,7,4,4,5,5,5,1,16,6,2,9,1,1,C03,7,5,1,10,2,12,,6,6,1,22,9,C03,120.702103,24.222675,2
2022,4,18,18,59,臺中市,南屯區,0,0,0,8,,,80,,,,,,,,,,,,,,,7,,,,,B03,,,1,,1,,,7,7,1,22,,B03,120.621686,24.134451,3
2022,4,18,19,1,臺中市,烏日區,0,2,0,8,3,5,50,3,1,1,5,4,5,7,4,4,10,5,5,2,16,8,2,9,1,1,F03,7,5,8,20,2,16,,8,8,1,5,8,F03,120.598408,24.108193,2