年,月,日,時,分,縣市,區,死,受傷,2-30,天候,光線,道路類別,速限,道路型態,事故位置,路面鋪裝,路面狀態,路面缺陷,障礙物,視距,號誌種類,號誌動作,分向設施,快車道或一般車道間,快慢車道間,路面邊線,事故類型及型態,主要肇因,受傷程度,主要傷處,保護裝備,行動電話,當事者區分,車輛用途,當事者行動狀態,駕駛資格情形,駕駛執照種類,飲酒情形,車輛撞擊部位最初,車輛撞擊部位其他,肇事因素個別,肇事因素主要,肇事逃逸,職業,旅次目的,車種,GPS緯度,GPS經度,事故類別
2022,4,19,12,38,臺中市,北屯區,0,1,0,6,1,5,50,4,18,1,4,4,5,7,2,1,10,5,5,2,1,15,3,10,1,1,B12,7,5,1,8,2,1,,15,15,1,22,8,B12,120.668483,24.178558,2
2022,4,19,12,41,臺中市,神岡區,0,0,0,6,,,30,,,,,,,,,,,,,,,17,,,,,A12,,,1,,2,,,17,17,1,22,,A12,120.688842,24.280013,3
2022,4,19,12,45,臺中市,大雅區,0,1,0,6,1,5,50,3,1,1,4,4,5,7,1,1,1,4,4,1,16,8,3,10,1,1,B03,7,5,1,8,2,1,,8,8,1,22,9,B03,120.642273,24.229109,2
2022,4,19,12,47,臺中市,神岡區,0,1,0,6,1,5,50,5,2,1,4,4,5,7,1,1,5,4,5,1,11,25,2,8,3,4,C03,7,5,1,10,2,12,,25,25,1,22,9,C03,120.664207,24.258269,2
2022,4,19,13,5,臺中市,北屯區,0,0,0,6,,,30,,,,,,,,,,,,,,,43,,,,,B12,,,1,,9,,,43,43,1,5,,B12,120.698951,24.170486,3
2022,4,19,13,5,臺中市,北屯區,0,1,0,6,1,5,50,4,1,1,4,4,5,7,1,1,10,5,5,2,15,25,2,9,1,1,C03,7,9,1,8,2,12,,25,25,1,21,8,C03,120.681545,24.171111,2
2022,4,19,13,8,臺中市,霧峰區,0,0,0,8,,,50,,,,,,,,,,,,,,,12,,,,,B12,,,1,,2,,,12,12,1,4,,B12,120.701846,24.062346,3
2022,4,19,13,10,臺中市,北屯區,0,0,0,8,,,40,,,,,,,,,,,,,,,23,,,,,B03,,,1,,1,,,23,23,1,5,,B03,120.68217,24.17529,3
2022,4,19,13,15,臺中市,北屯區,0,1,0,6,1,5,50,4,1,1,4,4,5,7,2,1,10,5,5,2,16,25,3,10,1,1,B03,7,5,1,8,2,5,,44,25,1,20,8,B03,120.721811,24.181854,2
2022,4,19,13,17,臺中市,梧棲區,0,1,0,8,1,5,50,4,1,1,5,4,5,7,1,1,8,3,4,1,11,23,3,10,1,1,B03,7,5,1,8,2,8,,23,23,1,21,8,B03,120.530663,24.259189,2
2022,4,19,13,27,臺中市,豐原區,0,1,0,8,1,5,60,5,1,1,5,4,5,7,2,1,10,5,5,2,18,42,2,9,1,1,C03,7,9,1,10,2,14,,42,42,1,22,8,C03,120.72985,24.243595,2
2022,4,19,13,29,臺中市,北區,0,0,0,,,,50,,,,,,,,,,,,,,,19,,,,,B03,,,1,,2,,,19,19,1,5,,B03,120.683315,24.148806,3
2022,4,19,13,30,臺中市,南屯區,0,2,0,6,1,5,50,4,1,1,4,4,3,7,4,4,5,5,5,2,16,4,2,9,1,1,C03,7,1,1,10,2,11,,4,4,1,22,8,C03,120.648712,24.146087,2
2022,4,19,13,30,臺中市,梧棲區,0,0,0,8,,,50,,,,,,,,,,,,,,,23,,,,,B03,,,1,,2,,,23,23,1,21,,B03,120.535132,24.259027,3
2022,4,19,13,35,臺中市,龍井區,0,1,0,6,1,5,50,3,18,1,4,4,5,7,1,1,10,5,5,2,9,23,3,10,1,1,B03,7,5,1,8,2,1,,23,23,1,21,8,B03,120.54,24.19,2
2022,4,19,13,39,臺中市,西區,0,1,0,6,1,5,50,4,1,1,4,4,5,7,2,1,10,5,5,2,16,26,2,9,1,1,C03,7,9,1,10,2,11,,44,26,1,20,8,C03,120.667738,24.130959,2
2022,4,19,13,49,臺中市,北屯區,0,1,0,8,1,5,50,14,9,1,5,4,5,7,4,4,1,4,5,2,20,23,2,7,1,1,B03,7,15,1,8,2,5,,23,23,1,21,8,B03,120.74391,24.185328,2
2022,4,19,14,8,臺中市,東區,0,0,0,6,,,50,,,,,,,,,,,,,,,9,,,,,B03,,,1,,2,,,9,9,1,22,,B03,120.687868,24.136529,3
2022,4,19,14,10,臺中市,潭子區,0,1,0,6,1,5,50,4,1,1,4,4,5,7,1,1,10,5,5,2,17,6,3,10,1,1,C02,7,6,1,10,2,13,,6,6,1,22,8,C02,120.709422,24.200329,2
2022,4,19,14,11,臺中市,太平區,0,1,0,6,1,5,50,4,1,1,4,4,5,7,1,1,10,5,5,2,18,23,2,9,1,1,C03,7,9,1,10,2,14,,23,23,1,22,8,C03,120.733333,24.142777,2
2022,4,19,14,16,臺中市,南屯區,0,0,0,6,,,50,,,,,,,,,,,,,,,26,,,,,B02,,,1,,1,,,26,26,1,22,,B02,120.634908,24.154985,3
2022,4,19,14,17,臺中市,北區,0,0,0,8,,,50,,,,,,,,,,,,,,,23,,,,,B03,,,1,,1,,,23,23,1,22,,B03,120.685385,24.164418,3
2022,4,19,14,19,臺中市,大里區,0,0,0,6,,,50,,,,,,,,,,,,,,,10,,,,,C01,,,1,,2,,,10,10,1,21,,C01,120.69431,24.110107,3
2022,4,19,14,20,臺中市,西屯區,0,1,0,6,1,5,50,14,9,1,4,4,5,7,4,4,1,4,5,2,17,43,2,8,3,4,C03,7,9,1,10,2,14,,43,43,1,22,8,C03,120.6387,24.169245,2
2022,4,19,14,20,臺中市,豐原區,0,1,0,6,1,5,30,4,2,1,4,4,5,7,4,4,4,5,4,2,17,6,2,9,1,1,C03,7,5,2,18,2,12,,6,6,1,3,3,C03,120.71653,24.252313,2
2022,4,19,14,23,臺中市,南區,0,0,0,6,,,40,,,,,,,,,,,,,,,6,,,,,B03,,,1,,,,,6,6,1,22,,B03,120.656806,24.119351,3
2022,4,19,14,24,臺中市,大里區,0,2,0,6,1,5,60,14,8,1,4,4,5,7,4,4,3,4,4,1,16,6,3,10,3,4,B03,7,8,1,8,2,2,,6,6,1,22,8,B03,120.673818,24.102559,2
2022,4,19,14,28,臺中市,大里區,0,1,0,6,1,5,50,14,9,1,4,4,5,7,4,4,5,4,4,2,12,19,3,10,1,1,B03,7,1,1,8,2,15,,19,19,1,21,3,B03,120.688689,24.115285,2
2022,4,19,14,30,臺中市,南屯區,0,1,0,6,1,5,50,4,1,1,4,4,5,7,2,1,5,2,5,2,12,7,3,10,1,1,C03,7,8,1,10,2,12,,7,7,1,20,8,C03,120.636205,24.146723,2
2022,4,19,14,50,臺中市,太平區,0,0,0,8,,,50,,,,,,,,,,,,,,,6,,,,,B03,,,1,,2,,,6,6,1,4,,B03,120.728349,24.15009,3
2022,4,19,14,50,臺中市,梧棲區,0,0,0,,,,50,,,,,,,,,,,,,,,23,,,,,A41,,,1,,2,,,23,23,1,21,,A41,120.513105,24.227427,3
2022,4,19,14,52,臺中市,中區,0,1,0,6,1,5,50,4,1,1,4,4,5,7,4,4,10,5,5,2,18,23,2,9,1,1,C03,7,9,1,9,2,14,,23,23,1,22,8,C03,120.677133,24.144552,2
2022,4,19,14,53,臺中市,豐原區,0,1,0,8,1,5,50,4,1,1,4,4,5,7,4,4,10,5,5,2,16,6,3,10,1,1,B12,7,5,1,8,2,5,,6,6,1,21,8,B12,120.721531,24.246738,2
2022,4,19,15,8,臺中市,東區,0,0,0,6,,,50,,,,,,,,,,,,,,,12,,,,,B12,,,1,,2,,,12,12,1,22,,B12,120.691444,24.133554,3
2022,4,19,15,9,臺中市,龍井區,0,1,0,6,1,5,30,4,1,1,4,4,5,7,4,4,10,5,5,2,15,6,3,10,1,1,B03,7,9,1,10,2,2,,6,6,1,2,5,B03,120.533363,24.211652,2
2022,4,19,15,13,臺中市,北區,0,1,0,6,1,5,40,4,1,5,4,4,5,7,4,4,10,5,5,2,16,6,2,9,3,4,C03,7,9,1,10,2,12,,6,6,1,5,8,C03,120.667566,24.166129,2
2022,4,19,15,18,臺中市,神岡區,0,0,0,6,,,30,,,,,,,,,,,,,,,17,,,,,A11,,,1,,2,,,17,17,1,22,,A11,120.672109,24.254553,3
2022,4,19,15,35,臺中市,西屯區,0,0,0,6,,,1,,,,,,,,,,,,,,,12,,,,,B03,,,1,,1,,,12,12,1,22,,B03,120.637348,24.185146,3
2022,4,19,15,38,臺中市,大里區,0,1,0,6,1,5,50,14,9,1,4,4,5,7,4,4,9,5,5,1,16,26,3,10,1,1,C03,7,11,6,10,2,11,,26,26,1,20,8,C03,120.703402,24.096158,2
2022,4,19,15,39,臺中市,西區,0,1,0,6,1,5,50,14,7,1,4,4,5,7,4,4,5,5,5,2,17,16,2,9,1,1,C03,7,9,1,10,2,11,,16,16,1,22,9,C03,120.660599,24.132947,2
2022,4,19,16,0,臺中市,大里區,0,0,0,6,,,50,,,,,,,,,,,,,,,12,,,,,B03,,,1,,2,,,12,12,1,22,,B03,120.688769,24.116714,3
2022,4,19,16,0,臺中市,太平區,0,0,0,8,,,50,,,,,,,,,,,,,,,23,,,,,B03,,,1,,2,,,23,23,1,9,,B03,120.712659,24.145964,3
2022,4,19,16,5,臺中市,北區,0,0,0,8,,,50,,,,,,,,,,,,,,,9,,,,,B03,,,1,,2,,,9,9,1,22,,B03,120.687223,24.149206,3
2022,4,19,16,8,臺中市,后里區,0,0,0,6,,,50,,,,,,,,,,,,,,,23,,,,,B12,,,1,,2,,,23,23,1,22,,B12,120.707331,24.306369,3
2022,4,19,16,16,臺中市,南屯區,0,1,0,6,1,5,50,4,2,1,4,4,5,7,1,1,5,5,5,2,16,44,3,10,1,1,C03,7,9,1,10,2,13,,44,44,1,22,8,C03,120.653038,24.141008,2
2022,4,19,16,20,臺中市,霧峰區,0,0,0,6,1,5,40,14,9,1,4,4,5,7,4,4,5,5,5,1,17,42,,,,,A11,,,1,,11,,,42,42,1,10,,A11,120.709967,24.074273,3
2022,4,19,16,33,臺中市,北屯區,0,2,0,6,1,5,50,4,1,1,4,4,5,7,2,1,10,5,5,2,13,16,2,8,1,1,C03,7,9,1,10,2,11,,16,16,1,4,8,C03,120.694305,24.165049,2
2022,4,19,16,35,臺中市,南屯區,0,1,0,6,1,5,50,3,1,1,4,4,5,7,4,4,5,5,5,2,18,43,2,9,1,1,C03,7,5,1,10,2,12,,43,43,1,22,8,C03,120.647285,24.134794,2
2022,4,19,16,43,臺中市,北區,0,0,0,,,,50,,,,,,,,,,,,,,,23,,,,,B03,,,1,,,,,23,23,1,5,,B03,120.668434,24.167203,3
2022,4,19,16,43,臺中市,北區,0,1,0,6,1,5,40,14,7,1,4,4,3,7,4,4,3,5,4,2,17,19,3,10,1,1,B03,7,1,1,8,2,4,,19,19,1,22,9,B03,120.687764,24.154367,2
2022,4,19,16,48,臺中市,南屯區,0,1,0,7,2,5,50,14,9,1,4,4,5,7,4,4,5,2,5,2,17,26,3,10,1,1,B03,7,8,1,8,2,15,,26,26,1,20,8,B03,120.653136,24.142509,2
2022,4,19,16,48,臺中市,北屯區,0,0,0,8,,,50,,,,,,,,,,,,,,,23,,,,,B03,,,1,,9,,,23,23,2,21,,B03,120.67622,24.184445,3
2022,4,19,16,50,臺中市,西區,0,0,0,8,3,5,50,14,9,1,5,4,5,7,4,4,5,5,5,2,14,12,,,,,C03,,,1,,,,,38,12,1,21,,C03,120.663024,24.16034,3
2022,4,19,16,51,臺中市,西區,0,1,0,7,1,5,50,14,9,1,4,4,5,7,4,4,5,4,5,2,12,7,3,10,1,1,B03,7,8,1,8,2,2,,7,7,1,22,9,B03,120.66526,24.144471,2
2022,4,19,16,54,臺中市,清水區,0,1,0,6,1,5,30,5,1,1,4,4,5,7,3,1,1,4,5,1,16,6,3,10,1,1,B03,7,5,1,8,2,8,,6,6,1,5,5,B03,120.553881,24.279888,2
2022,4,19,16,54,臺中市,大甲區,0,1,0,6,1,5,50,14,9,1,4,4,5,7,4,4,10,5,5,1,19,23,2,3,1,1,B03,7,9,1,8,2,1,3,23,23,1,9,1,B03,120.630482,24.3771,2
2022,4,19,17,7,臺中市,大里區,0,1,0,6,1,5,50,14,9,1,4,4,5,7,4,4,5,5,5,1,17,23,2,9,1,1,C03,7,9,1,10,2,12,,23,23,1,22,8,C03,120.679965,24.10528,2
2022,4,19,17,12,臺中市,北屯區,0,1,0,7,2,5,40,14,8,1,4,4,5,7,4,4,2,4,4,2,17,23,2,9,1,1,C03,7,9,1,10,2,12,,23,23,1,5,8,C03,120.691453,24.162756,2
2022,4,19,17,12,臺中市,太平區,0,0,0,8,,,80,,,,,,,,,,,,,,,23,,,,,B03,,,1,,2,,,23,23,1,20,,B03,120.710725,24.141557,3
2022,4,19,17,13,臺中市,西屯區,0,0,0,8,,,50,,,,,,,,,,,,,,,26,,,,,A11,,,1,,1,,,26,26,1,10,,A11,120.61971,24.186329,3
2022,4,19,17,13,臺中市,梧棲區,0,0,0,6,,,50,,,,,,,,,,,,,,,7,,,,,B03,,,1,,2,,,7,7,1,12,,B03,120.524722,24.223374,3
2022,4,19,17,17,臺中市,西屯區,0,0,0,,,,50,,,,,,,,,,,,,,,10,,,,,B03,,,1,,2,,,10,10,1,22,,B03,120.639405,24.159536,3
2022,4,19,17,20,臺中市,大雅區,0,1,0,7,1,5,30,14,9,1,4,4,5,7,4,4,3,4,4,1,16,19,3,10,1,1,B03,7,1,1,8,2,1,,19,19,1,22,9,B03,120.66363,24.218759,2
2022,4,19,17,20,臺中市,大里區,0,2,0,8,1,5,50,14,9,1,5,4,5,7,4,4,3,4,5,1,17,42,2,7,1,1,C03,7,15,1,10,2,14,,42,42,1,22,8,C03,120.680046,24.109081,2
2022,4,19,17,20,臺中市,神岡區,0,1,0,7,1,5,50,3,2,1,4,4,5,7,4,4,5,5,5,1,17,16,2,9,3,4,C03,7,12,1,10,2,12,,16,16,1,22,9,C03,120.693316,24.237561,2
2022,4,19,17,21,臺中市,龍井區,0,3,0,6,1,5,40,3,2,1,4,4,5,7,4,4,1,4,1,1,2,23,2,8,1,1,C03,7,9,1,10,2,12,,23,23,1,18,8,C03,120.589773,24.184266,2
2022,4,19,17,26,臺中市,霧峰區,0,0,0,8,,,40,,,,,,,,,,,,,,,6,,,,,A41,,,1,,2,,,6,6,1,10,,A41,120.673564,24.033557,3
2022,4,19,17,27,臺中市,豐原區,0,1,0,6,1,5,30,14,9,1,4,4,5,7,4,4,10,5,5,2,16,42,2,7,1,1,C03,7,9,1,10,2,12,,42,42,1,21,8,C03,120.712227,24.251874,2
2022,4,19,17,33,臺中市,北區,0,1,0,6,1,5,50,5,1,1,4,4,5,7,1,1,10,5,5,2,29,23,2,9,3,4,C03,7,9,1,10,2,12,,23,23,1,5,8,C03,120.686252,24.15482,2
2022,4,19,17,37,臺中市,大里區,0,0,0,8,,,50,,,,,,,,,,,,,,,19,,,,,B03,,,1,,2,,,19,19,1,22,,B03,120.692515,24.0904,3
2022,4,19,17,37,臺中市,太平區,0,0,0,6,,,50,,,,,,,,,,,,,,,23,,,,,C03,,,1,,2,,,23,23,1,21,,C03,120.771791,24.122928,3
2022,4,19,17,40,臺中市,大里區,0,0,0,6,,,50,,,,,,,,,,,,,,,42,,,,,B03,,,1,,2,,,42,42,1,22,,B03,120.684316,24.119093,3
2022,4,19,17,40,臺中市,沙鹿區,0,1,0,6,2,5,30,14,9,1,4,4,5,7,4,4,10,5,5,2,18,13,2,9,1,1,C03,7,9,1,10,2,14,,13,13,1,3,5,C03,120.585467,24.237793,2
2022,4,19,17,42,臺中市,南屯區,0,0,0,6,,,50,,,,,,,,,,,,,,,7,,,,,B03,,,1,,2,,,7,7,1,21,,B03,120.619638,24.153071,3
2022,4,19,17,42,臺中市,梧棲區,0,0,0,6,,,40,,,,,,,,,,,,,,,25,,,,,C03,,,1,,2,,,25,25,1,12,,C03,120.5498,24.239209,3
2022,4,19,17,44,臺中市,北屯區,0,0,0,6,,,50,,,,,,,,,,,,,,,12,,,,,B03,,,1,,1,,,12,12,1,22,,B03,120.684166,24.18613,3
2022,4,19,17,45,臺中市,西屯區,0,1,0,6,2,5,30,14,9,1,4,4,5,7,4,4,10,5,5,2,16,6,2,8,1,1,C03,7,5,1,10,2,14,,6,6,1,4,8,C03,120.645299,24.181817,2
2022,4,19,17,51,臺中市,西區,0,1,0,7,2,5,50,14,9,1,4,4,5,7,4,4,10,5,5,2,2,23,3,10,1,1,B03,7,9,1,8,1,4,,23,23,1,22,9,B03,120.673843,24.1404,2
2022,4,19,18,0,臺中市,西區,0,0,0,6,,,50,,,,,,,,,,,,,,,67,,,,,B03,,,,,,,,67,67,1,22,,B03,120.669678,24.150839,3
2022,4,19,18,0,臺中市,北區,0,0,0,6,,,50,,,,,,,,,,,,,,,6,,,,,B03,,,1,,2,,,6,6,1,22,,B03,120.668072,24.159227,3
2022,4,19,18,5,臺中市,烏日區,0,0,0,6,,,60,,,,,,,,,,,,,,,26,,,,,B03,,,1,,,,,26,26,1,21,,B03,120.627249,24.104037,3
2022,4,19,18,6,臺中市,北屯區,0,0,0,6,,,80,,,,,,,,,,,,,,,16,,,,,C02,,,1,,1,,,16,16,1,21,,C02,120.722306,24.187481,3
2022,4,19,18,20,臺中市,北屯區,0,2,0,6,3,5,50,4,1,1,4,4,5,7,2,1,10,5,5,2,13,26,3,10,1,1,B02,7,14,1,8,2,15,,26,26,1,5,8,B02,120.69973,24.165126,2
2022,4,19,18,21,臺中市,南區,0,1,0,6,3,5,50,14,8,1,4,4,5,7,4,4,5,2,4,2,18,23,2,9,1,1,C03,7,9,1,10,2,15,,23,23,1,22,8,C03,120.684475,24.127041,2
2022,4,19,18,21,臺中市,西屯區,0,0,0,8,,,30,,,,,,,,,,,,,,,12,,,,,A11,,,1,,1,,,12,12,1,21,,A11,120.651701,24.164405,3
2022,4,19,18,23,臺中市,北屯區,0,0,0,6,,,80,,,,,,,,,,,,,,,16,,,,,B03,,,1,,1,,,16,16,1,21,,B03,120.722222,24.186758,3
2022,4,19,18,24,臺中市,西區,0,2,0,6,3,5,50,14,8,1,4,4,5,7,4,4,1,4,4,2,13,23,2,9,1,1,C03,7,9,1,10,9,12,,23,23,1,2,9,C03,120.67453,24.148743,2
2022,4,19,18,25,臺中市,大里區,0,0,0,8,,,80,,,,,,,,,,,,,,,44,,,,,B12,,,1,,9,,,44,44,1,22,,B12,120.70027,24.115595,3
2022,4,19,18,28,臺中市,北屯區,0,1,0,6,3,5,30,5,1,1,4,4,5,7,1,1,10,5,5,2,16,25,3,10,1,1,C03,7,6,1,10,2,11,,25,25,1,22,8,C03,120.686236,24.188702,2
2022,4,19,18,33,臺中市,西區,0,0,0,6,,,50,,,,,,,,,,,,,,,6,,,,,B12,,,1,8,1,,,6,6,1,22,,B12,120.676126,24.135716,3
2022,4,19,18,34,臺中市,南屯區,0,1,0,6,3,5,30,4,1,1,4,4,5,7,4,4,10,5,5,2,16,6,2,9,1,1,C03,7,5,1,10,2,11,,6,6,1,22,8,C03,120.645457,24.139593,2
2022,4,19,18,39,臺中市,大里區,0,2,0,6,3,5,50,5,1,1,4,4,5,7,1,1,10,5,5,2,13,23,2,9,1,1,C03,7,6,1,10,2,11,,23,23,1,11,8,C03,120.702398,24.087105,2
2022,4,19,18,44,臺中市,西區,0,0,0,6,,,50,,,,,,,,,,,,,,,16,,,,,B03,,,1,,1,,,16,16,1,22,,B03,120.657487,24.139024,3
2022,4,19,18,48,臺中市,北區,0,0,0,6,,,30,,,,,,,,,,,,,,,23,,,,,B03,,,1,,2,,,23,23,1,22,,B03,120.680615,24.16696,3
2022,4,19,18,50,臺中市,大里區,0,0,0,6,,,40,,,,,,,,,,,,,,,17,,,,,B12,,,1,,2,,,17,17,1,22,,B12,120.691611,24.119156,3
2022,4,19,18,50,臺中市,后里區,0,1,0,6,3,5,30,3,1,1,4,4,5,3,4,4,10,5,5,2,16,6,3,10,1,1,B03,7,5,1,8,2,1,,6,6,1,4,5,B03,120.725997,24.308774,2
2022,4,19,18,57,臺中市,中區,0,2,0,6,3,5,50,5,1,1,4,4,5,7,1,1,10,5,5,2,16,42,2,9,1,1,C03,7,5,1,10,2,13,,42,42,1,22,9,C03,120.678056,24.146465,2
2022,4,19,19,4,臺中市,西區,0,0,0,6,,,50,,,,,,,,,,,,,,,23,,,,,B03,,,1,,1,,,23,23,1,22,,B03,120.663059,24.131887,3
2022,4,19,19,5,臺中市,大雅區,0,1,0,6,1,5,50,3,1,1,4,4,5,7,1,1,3,4,4,1,16,6,3,10,1,1,B03,7,5,1,8,2,1,,6,6,1,22,9,B03,120.614017,24.21521,2
2022,4,19,19,7,臺中市,南屯區,0,0,0,6,,,50,,,,,,,,,,,,,,,25,,,,,C03,,,1,,2,,,25,25,2,22,,C03,120.649763,24.152339,3
2022,4,19,19,17,臺中市,南屯區,0,1,0,6,3,5,50,4,1,1,4,4,5,7,1,1,5,5,5,2,18,42,2,9,1,1,C03,7,9,1,10,2,15,,42,42,1,22,8,C03,120.626152,24.140608,2
2022,4,19,19,19,臺中市,南屯區,0,1,0,6,3,5,50,4,9,1,4,4,5,7,4,4,1,4,5,2,18,23,2,9,1,1,C03,7,9,1,10,2,14,,23,23,1,5,8,C03,120.64634,24.132081,2
2022,4,19,19,19,臺中市,龍井區,0,1,0,6,3,5,40,3,1,1,4,4,5,7,1,1,10,5,5,2,18,42,2,9,1,4,C03,7,9,1,10,2,12,,42,42,1,22,8,C03,120.57973,24.192266,2
2022,4,19,19,23,臺中市,南屯區,0,1,0,6,3,5,50,4,1,1,4,4,4,7,1,1,5,5,5,2,17,23,2,9,1,1,C03,7,9,1,10,2,11,,23,23,1,22,8,C03,120.626152,24.140608,2
2022,4,19,19,26,臺中市,南屯區,0,0,0,,,,50,,,,,,,,,,,,,,,23,,,,,B03,,,1,,1,,,23,23,1,22,,B03,120.625105,24.140636,3
2022,4,19,19,30,臺中市,潭子區,0,1,0,6,3,5,30,3,2,1,4,4,5,7,4,4,10,5,5,1,17,6,3,10,4,1,G03,7,5,7,19,2,15,,6,6,1,22,9,G03,120.701297,24.224306,2
2022,4,19,19,30,臺中市,大里區,0,1,0,6,3,5,50,14,9,1,4,4,5,7,1,1,5,5,5,1,16,6,3,10,1,1,C03,7,5,1,10,2,12,,6,6,1,22,8,C03,120.699198,24.110195,2
2022,4,19,19,30,臺中市,太平區,0,0,0,6,,,40,,,,,,,,,,,,,,,16,,,,,B03,,,1,,1,,,16,16,1,9,,B03,120.715215,24.151586,3
2022,4,19,19,36,臺中市,豐原區,0,0,0,6,,,50,,,,,,,,,,,,,,,6,,,,,B03,,,1,,2,,,6,6,1,22,,B03,120.719915,24.252733,3
2022,4,19,19,39,臺中市,豐原區,0,0,0,8,,,50,,,,,,,,,,,,,,,16,,,,,B03,,,1,,9,,,16,16,2,22,,B03,120.726522,24.252039,3
2022,4,19,19,44,臺中市,豐原區,0,0,0,6,,,30,,,,,,,,,,,,,,,43,,,,,,,,,,,,,43,43,1,,,,120.726208,24.222383,3
2022,4,19,19,46,臺中市,大甲區,0,1,0,6,3,5,50,3,1,1,4,4,5,7,4,4,10,5,5,2,17,23,3,10,1,1,B03,7,5,1,8,2,8,,23,23,1,22,1,B03,120.658155,24.39837,2
2022,4,19,19,48,臺中市,南屯區,0,1,0,6,3,5,40,3,1,1,4,4,5,7,4,4,3,5,5,2,17,42,2,9,1,1,C03,7,6,1,10,2,14,,42,42,1,22,8,C03,120.613291,24.149031,2
2022,4,19,19,50,臺中市,西區,0,1,0,8,3,5,50,14,10,1,5,4,5,7,4,4,3,2,1,2,9,42,3,10,3,4,A02,7,1,1,2,2,6,,42,42,1,10,4,A02,120.671795,24.149166,2
2022,4,19,19,50,臺中市,西屯區,0,2,0,8,2,5,50,3,1,1,4,4,5,7,4,4,5,4,5,2,16,10,2,8,3,1,C03,7,11,1,10,2,14,,10,10,1,22,8,C03,120.623405,24.185774,2
2022,4,19,19,51,臺中市,南屯區,0,1,0,8,3,5,50,4,2,1,5,4,5,7,4,4,5,5,5,2,16,26,3,10,1,1,B03,7,11,1,8,2,2,,26,26,1,22,8,B03,120.648198,24.12951,2
2022,4,19,20,2,臺中市,太平區,0,0,0,6,,,30,,,,,,,,,,,,,,,12,,,,,B03,,,1,,2,,,12,12,1,21,,B03,120.738197,24.147151,3
2022,4,19,20,6,臺中市,豐原區,0,2,0,6,1,5,50,4,9,1,4,4,5,7,4,4,5,5,5,2,16,19,3,10,3,4,B03,7,1,1,8,2,8,,19,19,1,22,8,B03,120.710608,24.24569,2
2022,4,19,20,15,臺中市,豐原區,0,1,0,6,3,5,50,4,2,1,4,4,5,7,1,1,3,5,5,1,16,6,3,10,3,4,B03,7,6,1,8,6,2,,6,6,1,22,9,B03,120.74222,24.263626,2
2022,4,19,20,18,臺中市,南屯區,0,1,0,6,3,5,40,14,12,1,4,4,5,7,4,4,5,5,4,2,17,40,3,10,1,1,B03,7,14,1,8,2,4,,40,40,1,22,8,B03,120.635375,24.151607,2
2022,4,19,20,23,臺中市,大里區,0,0,0,8,,,50,,,,,,,,,,,,,,,17,,,,,B03,,,1,,2,,,17,17,1,22,,B03,120.681393,24.114306,3
2022,4,19,20,24,臺中市,南屯區,0,0,0,6,,,50,,,,,,,,,,,,,,,4,,,,,B03,,,1,,1,,,4,4,1,22,,B03,120.628378,24.13664,3
2022,4,19,20,27,臺中市,大里區,0,0,0,6,3,5,50,14,9,1,4,4,5,7,1,1,5,5,5,1,17,42,,,,,B03,,,1,,2,,,42,42,1,11,,B03,120.68699,24.087723,3
2022,4,19,20,28,臺中市,大里區,0,1,0,6,3,5,50,14,9,1,4,4,5,7,1,1,1,4,5,1,16,25,2,9,1,1,C03,7,5,1,10,2,12,,25,25,1,22,8,C03,120.689625,24.096476,2
2022,4,19,20,29,臺中市,大里區,0,0,0,6,,,50,,,,,,,,,,,,,,,12,,,,,B03,,,1,,2,,,12,12,1,22,,B03,120.686085,24.106851,3
2022,4,19,20,30,臺中市,大里區,0,2,0,6,3,5,50,14,9,1,4,4,5,7,4,4,5,4,5,1,16,8,3,10,1,1,B03,7,5,1,8,2,4,,8,8,1,22,8,B03,120.688801,24.103786,2
2022,4,19,20,35,臺中市,北區,0,1,0,6,3,5,30,4,2,4,4,4,5,7,2,1,10,5,5,2,18,13,2,9,1,1,C03,7,9,1,10,2,14,,13,13,1,22,9,C03,120.66809,24.156526,2
2022,4,19,20,40,臺中市,南屯區,0,0,0,,,,50,,,,,,,,,,,,,,,44,,,,,B03,,,1,,2,,,44,44,1,22,,B03,120.600716,24.14343,3
2022,4,19,20,42,臺中市,豐原區,0,0,0,6,,,50,,,,,,,,,,,,,,,19,,,,,B03,,,1,,2,,,19,19,1,22,,B03,120.720698,24.267626,3
2022,4,19,20,44,臺中市,南區,0,1,0,6,3,5,50,4,1,1,4,4,5,7,2,1,10,5,5,2,13,23,3,10,3,4,B03,7,6,1,8,2,7,,44,23,1,5,8,B03,120.650203,24.120948,2
2022,4,19,20,50,臺中市,大雅區,0,3,0,6,3,5,50,14,9,1,4,4,5,7,4,4,5,4,5,1,17,16,2,9,1,1,C03,7,9,1,10,2,11,,16,16,1,22,9,C03,120.635665,24.215651,2
2022,4,19,20,51,臺中市,中區,0,1,0,6,3,5,50,4,18,1,4,4,5,7,1,1,10,5,5,2,9,15,3,10,1,1,B03,7,9,1,8,2,5,,15,15,1,5,7,B03,120.675078,24.143592,2
2022,4,19,20,55,臺中市,大里區,0,1,0,6,3,5,50,14,8,1,4,4,5,7,4,4,5,5,4,1,17,42,3,10,1,1,C03,7,15,1,10,2,15,,42,42,1,22,8,C03,120.688261,24.115321,2