年,月,日,時,分,縣市,區,死,受傷,2-30,天候,光線,道路類別,速限,道路型態,事故位置,路面鋪裝,路面狀態,路面缺陷,障礙物,視距,號誌種類,號誌動作,分向設施,快車道或一般車道間,快慢車道間,路面邊線,事故類型及型態,主要肇因,受傷程度,主要傷處,保護裝備,行動電話,當事者區分,車輛用途,當事者行動狀態,駕駛資格情形,駕駛執照種類,飲酒情形,車輛撞擊部位最初,車輛撞擊部位其他,肇事因素個別,肇事因素主要,肇事逃逸,職業,旅次目的,車種,GPS緯度,GPS經度,事故類別
2022,4,19,20,56,臺中市,北屯區,0,0,0,6,,,50,,,,,,,,,,,,,,,6,,,,,B03,,,1,,1,,,6,6,1,22,,B03,120.688475,24.17858,3
2022,4,19,20,57,臺中市,太平區,0,1,0,6,3,5,50,3,1,1,4,4,5,7,1,1,10,5,5,2,24,23,3,10,1,1,B03,7,9,1,8,9,1,,23,23,1,19,8,B03,120.719788,24.149007,2
2022,4,19,21,0,臺中市,北屯區,0,1,0,6,3,5,50,4,1,1,4,4,5,7,2,1,10,5,5,2,16,6,3,10,1,1,B03,7,6,1,8,2,6,2,6,6,1,4,8,B03,120.686311,24.185546,2
2022,4,19,21,5,臺中市,北區,0,0,0,6,3,5,50,4,1,1,4,4,5,7,2,1,10,5,5,2,12,7,,,,,B03,,,1,,2,,,7,7,1,22,,B03,120.685265,24.146093,3
2022,4,19,21,10,臺中市,清水區,0,0,0,6,3,5,40,14,8,1,4,4,5,7,4,4,1,4,4,2,12,19,3,10,1,1,B03,7,1,1,8,2,5,,19,19,1,5,5,B03,120.569748,24.274071,3
2022,4,19,21,10,臺中市,大甲區,0,0,0,6,,,30,,,,,,,,,,,,,,,6,,,,,C03,,,1,,2,,,6,6,1,21,,C03,120.615768,24.347493,3
2022,4,19,21,13,臺中市,北屯區,0,1,0,6,3,5,50,14,7,1,4,4,5,7,4,4,5,4,4,2,13,23,2,9,1,1,C03,7,9,1,10,2,11,,23,23,1,5,8,C03,120.703236,24.159754,2
2022,4,19,21,25,臺中市,西區,0,0,0,6,,,50,,,,,,,,,,,,,,,42,,,,,C03,,,1,,1,,,42,42,1,22,,C03,120.657262,24.140026,3
2022,4,19,21,30,臺中市,南屯區,0,2,0,6,3,5,40,14,8,1,4,4,5,7,4,4,1,4,1,2,2,23,2,9,1,1,C03,7,9,1,10,2,11,,23,23,1,22,8,C03,120.586508,24.162956,2
2022,4,19,21,30,臺中市,西屯區,0,1,0,6,3,5,50,14,9,1,4,4,5,7,4,4,1,4,5,2,18,42,2,9,1,1,C03,7,9,1,10,2,12,,42,42,1,22,8,C03,120.659573,24.171075,2
2022,4,19,22,0,臺中市,西屯區,0,0,0,6,,,40,,,,,,,,,,,,,,,23,,,,,B03,,,1,,9,,,23,23,1,22,,B03,120.644659,24.171499,3
2022,4,19,22,10,臺中市,西區,0,0,0,6,,,50,,,,,,,,,,,,,,,26,,,,,B03,,,1,8,1,,,26,26,1,22,,B03,120.659727,24.157289,3
2022,4,19,22,12,臺中市,大雅區,0,1,0,6,3,5,50,4,1,1,4,4,5,7,4,4,5,5,5,1,16,6,3,10,1,1,B03,7,9,1,8,2,2,,6,6,1,22,9,B03,120.647223,24.225727,2
2022,4,19,22,14,臺中市,北屯區,0,1,0,6,3,5,50,4,1,1,4,4,5,7,2,1,5,2,5,2,12,6,3,10,1,1,A04,7,6,1,2,2,2,,6,6,1,10,8,A04,120.704808,24.169497,2
2022,4,19,22,20,臺中市,北屯區,0,1,0,6,3,5,50,3,1,1,4,4,5,7,4,4,10,5,5,2,16,19,3,10,1,1,B03,7,1,1,4,2,7,,19,19,1,4,8,B03,120.712053,24.172603,2
2022,4,19,22,21,臺中市,南屯區,0,1,0,6,3,5,50,14,9,1,4,4,5,7,4,4,5,3,5,2,13,16,2,9,3,4,C03,7,9,1,10,2,11,,16,16,1,22,8,C03,120.646889,24.129553,2
2022,4,19,22,26,臺中市,南屯區,0,1,0,6,3,5,50,4,1,1,4,4,5,7,2,1,10,5,5,2,13,16,3,10,1,1,C03,7,9,1,10,2,11,,16,16,1,22,8,C03,120.646343,24.135933,2
2022,4,19,22,32,臺中市,烏日區,0,0,0,6,,,60,,,,,,,,,,,,,,,9,,,,,B12,,,1,,2,,,9,9,1,19,,B12,120.640508,24.108588,3
2022,4,19,22,56,臺中市,北區,0,1,0,6,3,5,50,4,1,1,4,4,5,7,1,1,10,5,5,2,17,25,3,10,1,1,C03,7,5,1,10,2,15,,25,25,1,22,9,C03,120.691041,24.158738,2
2022,4,19,22,56,臺中市,大肚區,0,2,0,6,3,5,30,14,8,1,4,4,5,7,4,4,10,5,5,2,17,23,3,10,1,1,B03,7,9,1,8,2,15,,23,23,1,5,8,B03,120.578721,24.118205,2
2022,4,19,22,59,臺中市,南屯區,0,1,0,6,4,5,50,4,1,1,4,4,5,7,1,1,10,5,5,2,16,25,2,9,3,4,C04,7,9,1,8,2,11,,25,25,1,22,8,C04,120.64995,24.129494,2
2022,4,19,23,30,臺中市,潭子區,0,1,0,6,3,5,50,4,1,1,4,4,5,7,3,1,10,5,5,2,17,6,3,10,1,1,C03,7,5,1,10,2,15,,6,6,1,22,8,C03,120.693148,24.216023,2
2022,4,19,23,30,臺中市,龍井區,0,1,0,6,3,5,50,14,9,1,4,4,5,7,4,4,5,5,5,2,27,42,2,9,1,4,C03,7,9,1,10,2,14,,42,42,1,22,8,C03,120.595059,24.186031,2
2022,4,19,23,54,臺中市,北屯區,0,1,0,6,3,5,50,4,18,1,4,4,5,7,1,1,10,5,5,2,3,15,3,10,3,4,B03,7,5,1,8,2,5,,15,15,1,21,8,B03,120.694166,24.171184,2
2022,4,20,0,48,臺中市,南區,0,0,0,6,,,50,,,,,,,,,,,,,,,23,,,,,B03,,,1,8,,,,43,23,1,5,,B03,120.649863,24.11139,3
2022,4,20,0,53,臺中市,大里區,0,1,0,6,3,5,50,14,9,1,4,4,5,7,3,1,5,5,5,1,17,19,3,10,1,1,C03,7,1,1,10,2,15,,19,19,1,5,8,C03,120.701238,24.110446,2
2022,4,20,0,58,臺中市,北屯區,0,1,0,6,3,5,50,3,1,1,4,4,5,7,4,4,10,5,5,2,17,10,3,10,1,1,B03,7,11,1,8,2,15,,10,10,1,21,8,B03,120.692771,24.164884,2
2022,4,20,5,0,臺中市,南屯區,0,0,0,6,,,30,,,,,,,,,,,,,,,6,,,,,B03,,,1,8,2,,,6,6,1,12,,B03,120.639306,24.137679,3
2022,4,20,6,25,臺中市,西屯區,0,0,0,6,,,80,,,,,,,,,,,,,,,7,,,,,B03,,,1,,1,,,7,7,1,22,,B03,120.647435,24.195843,3
2022,4,20,6,30,臺中市,西屯區,0,0,0,6,,,50,,,,,,,,,,,,,,,23,,,,,B03,,,8,,10,,,23,23,1,22,,B03,120.626587,24.184457,3
2022,4,20,6,35,臺中市,北屯區,0,0,0,6,,,50,,,,,,,,,,,,,,,23,,,,,B12,,,1,8,2,1,,23,23,1,21,8,B12,120.720867,24.16992,3
2022,4,20,6,40,臺中市,龍井區,0,1,0,7,1,5,50,3,2,1,4,4,5,7,4,4,5,5,4,2,17,14,2,9,1,4,C03,7,12,1,9,2,14,,14,14,1,22,8,C03,120.58784,24.18079,2
2022,4,20,6,48,臺中市,北屯區,0,1,0,6,1,5,30,14,9,1,4,4,5,7,1,1,1,4,5,2,13,23,3,10,3,4,B03,7,9,1,8,2,1,,23,23,1,21,8,B03,120.678133,24.200716,2
2022,4,20,6,53,臺中市,西屯區,0,1,0,7,1,5,50,14,9,1,4,4,5,7,4,4,5,4,5,2,17,6,3,10,3,4,B03,7,6,1,8,2,5,,6,6,1,22,8,B03,120.64738,24.195853,2
2022,4,20,6,54,臺中市,大里區,0,1,0,8,1,5,50,14,8,1,5,4,5,7,4,4,1,4,4,1,17,38,3,10,1,1,B03,7,14,1,8,2,2,,38,38,1,5,8,B03,120.681045,24.105121,2
2022,4,20,7,4,臺中市,大甲區,0,2,0,8,1,5,40,11,8,1,5,4,5,7,4,4,5,5,4,1,16,19,2,7,1,1,C03,7,1,1,10,2,14,11,19,19,1,4,1,C03,120.635482,24.343676,2
2022,4,20,7,6,臺中市,北屯區,0,0,0,8,,,4,,,,,,,,,,,,,,,16,,,,,C03,,,1,,1,,,16,16,1,5,,C03,120.69404,24.164063,3
2022,4,20,7,15,臺中市,梧棲區,0,2,0,8,1,5,50,4,2,1,5,4,5,7,2,1,10,5,5,2,16,26,2,9,1,1,C03,7,11,1,10,2,14,,26,26,1,11,1,C03,120.532843,24.242869,2
2022,4,20,7,15,臺中市,神岡區,0,1,0,8,1,5,50,14,9,1,5,4,5,7,4,4,10,5,5,2,13,16,2,8,3,4,C03,7,9,1,10,2,14,,16,16,1,22,9,C03,120.702845,24.258393,2
2022,4,20,7,17,臺中市,豐原區,0,1,0,7,1,5,50,14,9,1,4,4,5,7,4,4,1,5,5,2,16,19,2,1,3,4,B03,7,1,1,8,2,7,,19,19,1,19,8,B03,120.730343,24.247788,2
2022,4,20,7,20,臺中市,南區,0,0,0,8,,,50,,,,,,,,,,,,,,,67,,,,,,,,,,,,,67,67,1,,,,120.663497,24.125031,3
2022,4,20,7,26,臺中市,清水區,0,0,0,8,,,50,,,,,,,,,,,,,,,12,,,,,B03,,,1,,2,,,12,12,1,21,,B03,120.556108,24.279569,3
2022,4,20,7,28,臺中市,北屯區,0,1,0,8,1,5,50,14,7,1,5,4,5,7,4,4,5,4,4,2,12,19,3,10,1,1,C03,7,1,1,10,2,14,,19,19,1,5,1,C03,120.696477,24.176024,2
2022,4,20,7,29,臺中市,豐原區,0,0,0,8,,,60,,,,,,,,,,,,,,,16,,,,,B03,,,1,,2,,,16,16,1,4,,B03,120.712172,24.236997,3
2022,4,20,7,30,臺中市,大里區,0,1,0,8,1,5,30,4,1,1,5,4,5,7,4,4,10,5,5,2,15,6,2,9,3,4,C03,7,9,1,10,2,11,,6,6,1,22,8,C03,120.69295,24.093001,2
2022,4,20,7,36,臺中市,北屯區,0,0,0,8,,,50,,,,,,,,,,,,,,,23,,,,,C03,,,1,,2,,,23,23,1,21,,C03,120.687534,24.181835,3
2022,4,20,7,39,臺中市,大甲區,0,1,0,8,1,5,50,14,8,1,5,4,5,7,4,4,5,5,4,2,16,19,3,10,1,1,B03,7,1,1,8,2,8,,19,19,1,4,1,B03,120.630945,24.354385,2
2022,4,20,7,40,臺中市,大里區,0,0,0,8,,,50,,,,,,,,,,,,,,,23,,,,,B12,,,1,,2,,,23,23,1,21,,B12,120.702572,24.088046,3
2022,4,20,7,40,臺中市,豐原區,0,0,0,8,,,50,,,,,,,,,,,,,,,41,,,,,B03,,,1,,2,,,41,41,1,21,,B03,120.728466,24.244518,3
2022,4,20,7,44,臺中市,北屯區,0,1,0,8,1,5,50,4,1,1,5,4,5,7,3,1,10,5,5,2,16,6,2,1,1,1,C03,7,5,1,10,2,14,,6,6,1,22,1,C03,120.716932,24.178215,2
2022,4,20,7,45,臺中市,太平區,0,1,0,8,1,5,50,4,1,1,5,4,5,7,1,1,10,5,5,2,18,23,2,9,1,1,C03,7,9,1,10,2,12,,23,23,1,22,5,C03,120.700547,24.147973,2
2022,4,20,7,48,臺中市,豐原區,0,0,0,8,,,60,,,,,,,,,,,,,,,23,,,,,B03,,,1,,2,,,23,23,1,21,,B03,120.70327,24.247333,3
2022,4,20,7,49,臺中市,南屯區,0,1,0,8,1,5,50,4,2,1,5,4,5,7,2,1,1,2,1,2,18,43,2,9,3,4,C03,7,9,1,10,2,12,,43,43,1,22,9,C03,120.623201,24.140433,2
2022,4,20,7,53,臺中市,豐原區,0,1,0,7,1,5,50,4,2,1,4,4,5,7,1,1,3,3,3,1,17,43,3,10,3,4,C03,7,9,1,10,2,15,,43,43,1,22,8,C03,120.719063,24.257605,2
2022,4,20,8,0,臺中市,大雅區,0,0,0,8,,,30,,,,,,,,,,,,,,,6,,,,,B12,,,1,,2,,,6,6,1,22,,B12,120.638613,24.210255,3
2022,4,20,8,0,臺中市,大雅區,0,5,0,8,1,5,30,14,9,1,5,4,5,7,4,4,10,5,5,2,14,12,3,10,1,1,A12,7,2,1,3,2,3,,12,12,1,22,9,A12,120.638776,24.225446,2
2022,4,20,8,0,臺中市,北屯區,0,0,0,8,,,50,,,,,,,,,,,,,,,23,,,,,B03,,,1,,9,,,23,23,2,5,,B03,120.706543,24.167018,3
2022,4,20,8,4,臺中市,北屯區,0,0,0,8,,,80,,,,,,,,,,,,,,,16,,,,,B03,,,1,,1,,,16,16,1,22,,B03,120.674463,24.201086,3
2022,4,20,8,10,臺中市,霧峰區,0,0,0,,,,40,,,,,,,,,,,,,,,7,,,,,B03,,,1,,2,,,7,7,1,21,,B03,120.662004,24.068885,3
2022,4,20,8,16,臺中市,大甲區,0,0,0,,,,40,,,,,,,,,,,,,,,23,,,,,B03,,,1,,2,,,23,23,1,21,,B03,120.625506,24.364623,3
2022,4,20,8,17,臺中市,南屯區,0,1,0,8,1,5,40,4,1,1,5,4,5,7,1,1,10,5,5,2,16,7,3,10,1,1,C03,7,7,1,10,2,12,,7,7,1,22,8,C03,120.6408,24.147058,2
2022,4,20,8,20,臺中市,烏日區,0,0,0,8,,,30,,,,,,,,,,,,,,,17,,,,,B03,,,1,,,,,17,17,1,21,,B03,120.64329,24.077028,3
2022,4,20,8,21,臺中市,北屯區,0,0,0,8,,,50,,,,,,,,,,,,,,,16,,,,,B03,,,1,,1,,,16,16,1,5,,B03,120.68734,24.181888,3
2022,4,20,8,24,臺中市,北屯區,0,1,0,8,1,5,30,4,1,1,5,4,5,7,4,4,10,5,5,2,15,6,2,9,1,1,C03,7,9,1,10,2,14,,6,6,1,21,8,C03,120.680364,24.179335,2
2022,4,20,8,24,臺中市,后里區,0,2,0,7,1,5,60,3,1,1,5,4,5,7,1,1,1,3,4,1,15,25,2,9,1,1,C03,7,9,1,10,2,11,,25,25,1,22,8,C03,120.723683,24.294684,2
2022,4,20,8,28,臺中市,南屯區,0,1,0,8,1,5,50,4,1,1,5,4,5,7,1,1,10,5,5,2,11,6,3,10,1,1,B03,7,5,1,8,2,1,,6,6,1,22,9,B03,120.611042,24.145954,2
2022,4,20,8,31,臺中市,北屯區,0,0,0,8,,,50,,,,,,,,,,,,,,,23,,,,,C03,,,4,,2,,,23,23,1,21,,C03,120.680934,24.172916,3
2022,4,20,8,36,臺中市,南屯區,0,0,0,,,,50,,,,,,,,,,,,,,,23,,,,,C03,,,1,,1,,,23,23,1,22,,C03,120.647119,24.139908,3
2022,4,20,8,37,臺中市,北屯區,0,2,0,8,1,5,50,14,9,1,5,4,5,7,4,4,1,4,5,2,16,1,2,9,1,1,C03,7,4,1,10,2,11,,1,1,1,22,8,C03,120.700995,24.179464,2
2022,4,20,8,38,臺中市,西區,0,0,0,8,,,50,,,,,,,,,,,,,,,23,,,,,B03,,,1,,1,,,23,23,1,21,,B03,120.667037,24.129243,3
2022,4,20,8,39,臺中市,清水區,0,1,0,7,1,5,50,14,9,1,5,4,5,7,1,1,5,5,4,2,12,6,3,10,1,1,B03,7,6,1,8,2,5,,6,6,1,4,8,B03,120.558406,24.273195,2
2022,4,20,8,41,臺中市,北屯區,0,2,0,8,1,5,50,4,1,1,5,4,5,7,2,1,10,5,5,2,15,25,3,10,1,1,B03,7,9,1,8,2,5,,25,25,1,5,8,B03,120.694458,24.165905,2
2022,4,20,8,45,臺中市,太平區,0,1,0,8,1,5,30,11,9,1,5,4,5,7,4,4,10,5,5,2,11,23,3,10,1,1,C03,7,9,1,10,2,14,,23,23,1,20,8,C03,120.7175,24.1325,2
2022,4,20,8,51,臺中市,東區,0,2,0,8,1,5,40,5,1,1,5,4,5,7,2,1,5,4,4,2,16,25,2,9,1,4,C03,7,9,1,10,2,11,,25,25,1,21,8,C03,120.696951,24.142767,2
2022,4,20,8,53,臺中市,西區,0,0,0,,,,50,,,,,,,,,,,,,,,7,,,,,B03,,,1,,1,,,7,7,1,20,,B03,120.661673,24.150865,3
2022,4,20,8,53,臺中市,北屯區,0,1,0,8,1,5,50,4,1,1,5,4,5,7,2,1,10,5,5,2,12,6,3,10,1,1,B03,7,6,1,8,2,2,,6,6,1,5,8,B03,120.676079,24.195407,2
2022,4,20,9,6,臺中市,北屯區,0,1,0,8,1,5,50,3,1,1,5,4,5,7,4,4,10,5,5,2,16,6,3,10,1,1,B03,7,5,1,8,2,8,,6,6,1,21,8,B03,120.702529,24.171825,2
2022,4,20,9,13,臺中市,中區,0,3,0,8,1,5,50,4,1,1,5,4,5,7,1,1,5,5,5,2,16,25,2,9,3,4,B03,7,9,1,8,2,2,,25,25,1,10,8,B03,120.677296,24.140204,2
2022,4,20,9,13,臺中市,神岡區,0,0,0,8,,,30,,,,,,,,,,,,,,,17,,,,,B03,,,1,,2,,,17,17,1,22,,B03,120.646024,24.250003,3
2022,4,20,9,16,臺中市,南區,0,0,0,8,1,5,50,5,4,1,5,4,5,7,1,1,10,5,5,2,13,23,3,10,1,1,C03,7,9,1,10,2,14,,23,23,1,5,8,C03,120.670209,24.124429,3
2022,4,20,9,27,臺中市,南區,0,1,0,8,1,5,40,14,8,1,5,4,5,7,4,4,3,4,4,2,17,23,2,9,1,1,C03,7,9,1,10,2,11,,23,23,1,5,8,C03,120.66438,24.125641,2
2022,4,20,9,37,臺中市,大里區,0,0,0,8,,,60,,,,,,,,,,,,,,,16,,,,,B03,,,1,,2,,,16,16,1,22,,B03,120.680028,24.104217,3
2022,4,20,9,39,臺中市,南屯區,0,2,0,8,1,5,50,14,9,1,5,4,5,7,4,4,5,5,5,1,17,19,2,9,1,1,C03,7,1,1,10,2,14,,19,19,1,22,9,C03,120.575941,24.146698,2
2022,4,20,9,40,臺中市,潭子區,0,0,0,8,1,5,50,5,2,1,5,4,5,7,2,1,1,3,4,1,17,17,3,10,1,1,B03,7,5,1,8,1,7,,17,17,1,22,8,B03,120.702514,24.193999,3
2022,4,20,9,42,臺中市,霧峰區,0,1,0,8,1,5,60,3,1,1,5,4,5,7,1,1,10,5,5,2,17,8,2,9,1,1,C03,7,5,1,10,2,14,,8,8,1,19,5,C03,120.696533,24.029944,2
2022,4,20,9,43,臺中市,梧棲區,0,0,0,8,,,80,,,,,,,,,,,,,,,6,,,,,B03,,,1,,1,,,6,6,1,5,,B03,120.539753,24.25808,3
2022,4,20,9,50,臺中市,清水區,0,0,0,8,,,30,,,,,,,,,,,,,,,12,,,,,B11,,,1,,1,,,12,12,1,21,,B11,120.566449,24.292029,3
2022,4,20,9,54,臺中市,北區,0,0,0,8,,,50,,,,,,,,,,,,,,,16,,,,,C03,,,1,,1,,,16,16,1,22,,C03,120.673438,24.165561,3
2022,4,20,9,57,臺中市,太平區,0,1,0,8,1,5,50,4,1,1,5,4,5,7,4,4,10,5,5,2,15,6,2,9,1,1,C03,7,9,1,10,2,11,,6,6,1,22,5,C03,120.709414,24.160191,2
2022,4,20,10,0,臺中市,大甲區,0,0,0,8,,,50,,,,,,,,,,,,,,,12,,,,,B12,,,1,,1,,,12,12,1,4,,B12,120.613218,24.333043,3
2022,4,20,10,8,臺中市,外埔區,0,1,0,8,1,5,50,14,8,1,5,4,5,7,4,4,9,4,4,2,17,42,2,9,1,1,C03,7,9,1,8,2,11,,42,42,1,22,8,C03,120.652727,24.329628,2
2022,4,20,10,12,臺中市,南屯區,0,0,0,8,,,50,,,,,,,,,,,,,,,23,,,,,B03,,,1,,1,,,23,23,1,22,,B03,120.622296,24.145106,3
2022,4,20,10,29,臺中市,豐原區,0,3,0,8,1,5,50,14,7,1,5,4,5,7,4,4,5,5,4,2,16,42,3,10,1,1,C03,7,9,4,8,2,15,,42,42,1,5,8,C03,120.720016,24.251516,2
2022,4,20,10,35,臺中市,西屯區,0,3,0,8,1,5,50,14,9,1,5,4,5,7,4,4,1,4,5,2,13,23,2,9,1,1,B03,7,9,1,8,3,5,,23,23,1,21,8,B03,120.634967,24.171707,2
2022,4,20,10,50,臺中市,梧棲區,0,2,0,8,1,5,50,4,1,1,5,4,5,7,2,1,10,5,5,2,16,6,2,9,1,1,C03,7,5,1,10,2,14,,6,6,1,5,8,C03,120.530094,24.253785,2
2022,4,20,10,53,臺中市,大里區,0,2,0,8,1,5,50,4,2,1,5,4,5,7,1,1,5,4,4,1,16,19,2,9,3,4,C03,7,1,1,10,2,14,,19,19,1,22,9,C03,120.68861,24.10657,2
2022,4,20,11,8,臺中市,東勢區,0,0,0,8,,,50,,,,,,,,,,,,,,,12,,,,,B03,,,1,,2,,,12,12,1,20,,B03,120.8336,24.25112,3
2022,4,20,11,14,臺中市,南屯區,0,0,0,8,,,50,,,,,,,,,,,,,,,2,,,,,A11,,,1,,2,,,2,2,1,22,,A11,120.609736,24.155313,3
2022,4,20,11,19,臺中市,西區,0,1,0,8,1,5,50,14,7,1,5,4,5,7,4,4,5,4,4,1,16,7,2,9,1,1,C03,7,7,1,10,2,11,,7,7,1,21,8,C03,120.659617,24.136771,2
2022,4,20,11,25,臺中市,大肚區,0,1,0,8,1,5,30,14,9,1,5,4,5,7,4,4,10,5,5,2,26,23,2,8,1,1,B03,7,9,1,8,2,5,,23,23,1,21,8,B03,120.576306,24.120748,2
2022,4,20,11,30,臺中市,霧峰區,0,0,0,8,,,50,,,,,,,,,,,,,,,12,,,,,B03,,,1,,,,,12,12,1,22,,B03,120.69706,24.063166,3
2022,4,20,11,34,臺中市,北屯區,0,0,0,8,,,40,,,,,,,,,,,,,,,16,,,,,B03,,,1,,1,,,16,16,1,5,,B03,120.6799,24.17427,3
2022,4,20,11,34,臺中市,清水區,0,0,0,8,1,5,30,14,9,1,5,4,5,7,4,4,1,4,5,1,16,17,3,10,1,1,A41,7,6,1,1,2,2,,17,17,1,4,1,A41,120.552533,24.294823,3
2022,4,20,11,44,臺中市,北屯區,0,1,0,8,1,5,30,4,1,1,5,4,5,7,4,4,10,5,5,2,16,6,2,9,1,1,C03,7,6,3,18,2,14,,6,6,1,22,8,C03,120.716036,24.172325,2
2022,4,20,11,45,臺中市,東區,0,0,0,8,,,50,,,,,,,,,,,,,,,12,,,,,B03,,,1,,1,,,12,12,1,22,,B03,120.701456,24.138879,3
2022,4,20,11,46,臺中市,豐原區,0,1,0,8,1,5,50,3,1,1,5,4,5,7,1,1,10,5,5,2,16,8,3,10,1,1,C03,7,5,1,10,2,13,,8,8,1,21,8,C03,120.724136,24.221799,2
2022,4,20,11,55,臺中市,西區,0,0,0,8,1,5,50,14,9,1,5,4,5,7,4,4,5,5,5,2,13,23,,,,,B03,,,1,,,,,23,23,1,21,,B03,120.668385,24.133409,3
2022,4,20,12,0,臺中市,西區,0,0,0,8,,,50,,,,,,,,,,,,,,,6,,,,,B03,,,1,,2,,,6,6,1,22,,B03,120.674357,24.141319,3
2022,4,20,12,2,臺中市,大肚區,0,1,0,8,1,5,50,4,1,1,5,4,5,7,1,1,9,4,5,1,12,42,2,8,1,1,C03,7,15,1,10,2,14,,42,42,1,22,8,C03,120.580553,24.173245,2
2022,4,20,12,3,臺中市,西屯區,0,0,0,8,,,50,,,,,,,,,,,,,,,7,,,,,B03,,,1,,1,,,7,7,1,21,,B03,120.656234,24.200142,3
2022,4,20,12,8,臺中市,西區,0,2,0,8,1,5,50,14,9,1,5,4,5,7,4,4,5,4,5,2,13,23,2,9,1,1,C03,7,9,1,10,2,12,,23,23,1,21,8,C03,120.679284,24.138263,2
2022,4,20,12,8,臺中市,梧棲區,0,0,0,8,,,50,,,,,,,,,,,,,,,6,,,,,B12,,,1,,2,,,6,6,1,5,,B12,120.522312,24.228044,3
2022,4,20,12,10,臺中市,南屯區,0,0,0,8,,,50,,,,,,,,,,,,,,,18,,,,,B03,,,1,,2,,,18,18,1,22,,B03,120.641291,24.133158,3
2022,4,20,12,15,臺中市,大甲區,0,0,0,8,,,50,,,,,,,,,,,,,,,18,,,,,B12,,,1,,2,,,18,18,1,22,,B12,120.627411,24.345827,3
2022,4,20,12,17,臺中市,南屯區,0,1,0,8,1,5,50,4,2,1,5,4,5,7,2,1,1,4,5,2,13,23,2,7,1,1,B03,7,9,1,8,2,1,,23,23,1,22,8,B03,120.646632,24.143832,2
2022,4,20,12,18,臺中市,北屯區,0,0,0,8,,,30,,,,,,,,,,,,,,,42,,,,,B12,,,1,,2,,,42,42,1,5,,B12,120.706656,24.167616,3
2022,4,20,12,27,臺中市,北屯區,0,1,0,8,1,5,50,14,7,1,5,4,5,7,4,4,1,4,4,1,18,43,2,9,1,1,C03,7,9,1,10,11,12,,43,43,1,21,8,C03,120.713742,24.164237,2
2022,4,20,12,37,臺中市,梧棲區,0,2,0,8,1,5,30,4,1,1,5,4,5,7,4,4,10,5,5,2,15,6,2,9,1,1,C03,7,9,1,10,2,13,,6,6,1,5,8,C03,120.550816,24.260048,2
2022,4,20,12,50,臺中市,清水區,0,1,0,8,1,5,50,5,1,1,5,4,5,7,3,1,5,4,4,1,16,6,3,10,1,1,B03,7,9,1,8,2,8,,6,6,1,5,5,B03,120.547205,24.263983,2
2022,4,20,13,1,臺中市,北區,0,0,0,8,,,40,,,,,,,,,,,,,,,17,,,,,B12,,,1,,1,,,17,17,1,22,,B12,120.670506,24.159216,3
2022,4,20,13,19,臺中市,西屯區,0,0,0,8,,,0,,,,,,,,,,,,,,,12,,,,,B12,,,1,,11,,,12,12,2,21,,B12,120.635616,24.181005,3
2022,4,20,13,21,臺中市,西屯區,0,0,0,8,,,50,,,,,,,,,,,,,,,23,,,,,B03,,,1,,9,,,23,23,1,22,,B03,120.637796,24.185841,3
2022,4,20,13,24,臺中市,北屯區,0,1,0,8,1,5,50,14,9,1,5,4,5,7,4,4,1,4,5,2,17,23,2,9,1,1,C03,7,9,1,9,2,11,12,23,23,1,5,8,C03,120.765383,24.181026,2
2022,4,20,13,26,臺中市,北屯區,0,2,0,8,1,5,50,4,1,1,5,4,5,7,2,1,10,5,5,2,15,25,2,9,1,1,C03,7,9,1,10,2,14,,25,25,1,21,8,C03,120.694977,24.179862,2
2022,4,20,13,37,臺中市,龍井區,0,0,0,8,,,50,,,,,,,,,,,,,,,35,,,,,A11,,,1,,2,,,35,35,1,10,,A11,120.521616,24.188201,3
2022,4,20,13,38,臺中市,東區,0,0,0,8,,,50,,,,,,,,,,,,,,,42,,,,,B12,,,1,,1,,,42,42,1,22,,B12,120.709023,24.140124,3
2022,4,20,13,40,臺中市,西屯區,0,0,0,8,,,50,,,,,,,,,,,,,,,23,,,,,B03,,,1,,1,,,23,23,1,21,,B03,120.647599,24.171,3
2022,4,20,13,44,臺中市,梧棲區,0,0,0,8,,,50,,,,,,,,,,,,,,,7,,,,,A31,,,1,,2,,,7,7,1,10,,A31,120.522466,24.223921,3
2022,4,20,13,44,臺中市,大甲區,0,1,0,8,1,5,50,14,9,1,5,4,5,7,4,4,9,5,5,2,13,23,2,9,1,1,C03,7,9,1,10,2,11,,23,23,1,22,1,C03,120.636196,24.36509,2
2022,4,20,13,47,臺中市,南屯區,0,1,0,8,1,5,50,4,1,1,5,4,5,7,1,1,10,5,5,2,12,6,2,9,1,1,C03,7,5,1,10,2,14,,6,6,1,22,9,C03,120.652995,24.152334,2
2022,4,20,13,49,臺中市,梧棲區,0,2,0,8,1,5,50,4,1,1,5,4,5,7,4,4,10,5,5,2,15,6,2,9,1,1,C03,7,9,1,10,2,12,,6,6,1,5,8,C03,120.557882,24.241837,2
2022,4,20,13,50,臺中市,大甲區,0,1,0,8,1,5,50,4,1,1,5,4,5,7,3,1,10,5,5,1,15,6,2,9,1,1,C03,7,9,1,10,2,11,,6,6,1,22,8,C03,120.626939,24.349169,2