年,月,日,時,分,縣市,區,死,受傷,2-30,天候,光線,道路類別,速限,道路型態,事故位置,路面鋪裝,路面狀態,路面缺陷,障礙物,視距,號誌種類,號誌動作,分向設施,快車道或一般車道間,快慢車道間,路面邊線,事故類型及型態,主要肇因,受傷程度,主要傷處,保護裝備,行動電話,當事者區分,車輛用途,當事者行動狀態,駕駛資格情形,駕駛執照種類,飲酒情形,車輛撞擊部位最初,車輛撞擊部位其他,肇事因素個別,肇事因素主要,肇事逃逸,職業,旅次目的,車種,GPS緯度,GPS經度,事故類別
2022,4,20,13,51,臺中市,霧峰區,0,0,0,8,,,30,,,,,,,,,,,,,,,12,,,,,B03,,,1,,,,,12,12,1,21,,B03,120.661826,24.069947,3
2022,4,20,13,54,臺中市,北屯區,0,2,0,8,1,5,50,3,1,1,5,4,5,7,3,1,10,5,5,2,16,10,3,10,1,1,B03,7,11,1,8,2,8,,10,10,1,21,8,B03,120.733286,24.168905,2
2022,4,20,13,55,臺中市,清水區,0,1,0,8,1,5,50,4,1,1,5,4,5,7,1,1,1,4,4,1,17,25,3,10,1,1,B03,7,5,1,8,2,1,,25,25,1,22,8,B03,120.561101,24.267621,2
2022,4,20,13,58,臺中市,大甲區,0,2,0,8,1,5,60,3,1,1,5,4,5,7,4,4,10,5,5,2,17,6,2,9,1,1,C03,7,5,1,10,2,12,,6,6,1,22,8,C03,120.616032,24.350027,2
2022,4,20,14,0,臺中市,大雅區,0,1,0,8,1,5,60,5,1,1,5,4,5,7,1,1,3,4,4,1,12,6,3,10,1,1,B12,7,6,1,8,2,5,,6,6,1,22,9,B12,120.63029,24.241047,2
2022,4,20,14,4,臺中市,西屯區,0,0,0,8,,,40,,,,,,,,,,,,,,,42,,,,,A31,,,1,,2,,,42,42,1,22,,A31,120.659185,24.175348,3
2022,4,20,14,6,臺中市,北屯區,0,2,0,8,1,5,50,14,7,1,5,4,5,7,4,4,5,4,4,2,13,16,2,9,1,1,C03,7,9,1,10,2,11,,16,16,1,21,8,C03,120.688263,24.173164,2
2022,4,20,14,15,臺中市,西區,0,2,0,8,1,5,50,4,1,1,5,4,5,7,1,1,1,4,4,2,16,26,3,10,1,1,B03,7,7,1,8,2,4,,26,26,1,20,8,B03,120.666406,24.133589,2
2022,4,20,14,23,臺中市,南屯區,0,0,0,8,,,50,,,,,,,,,,,,,,,26,,,,,B03,,,1,,1,,,26,26,1,22,,B03,120.653068,24.14014,3
2022,4,20,14,25,臺中市,南屯區,0,2,0,8,1,5,50,3,1,1,5,4,5,7,4,4,10,5,5,2,13,16,2,8,1,1,F03,7,6,8,20,2,16,,16,16,1,5,7,F03,120.648056,24.144927,2
2022,4,20,14,30,臺中市,霧峰區,0,0,0,8,,,60,,,,,,,,,,,,,,,12,,,,,B03,,,1,,,,,12,12,1,22,,B03,120.693378,24.048036,3
2022,4,20,14,35,臺中市,南區,0,2,0,8,1,5,50,4,2,1,5,4,5,7,1,1,1,2,5,2,12,42,2,6,1,1,B03,7,9,1,8,2,1,,42,42,1,21,8,B03,120.670191,24.116072,2
2022,4,20,14,36,臺中市,北屯區,0,0,0,8,,,50,,,,,,,,,,,,,,,7,,,,,B03,,,1,,1,,,7,7,1,21,,B03,120.697991,24.170436,3
2022,4,20,14,40,臺中市,清水區,0,1,0,8,1,5,40,14,7,1,5,4,5,7,4,4,9,4,4,2,16,19,3,10,1,1,B03,7,1,1,8,2,1,,19,19,1,5,5,B03,120.571604,24.27464,2
2022,4,20,14,43,臺中市,西屯區,0,1,0,8,1,5,40,3,1,1,5,4,5,7,4,4,10,5,5,2,17,10,3,10,1,4,B01,7,11,1,4,2,8,,10,10,1,22,8,B01,120.654687,24.158471,2
2022,4,20,14,46,臺中市,東區,0,0,0,8,,,50,,,,,,,,,,,,,,,23,,,,,B03,,,1,,2,,,23,23,1,22,,B03,120.699298,24.148378,3
2022,4,20,14,49,臺中市,北屯區,0,1,0,8,1,5,50,4,4,1,5,4,5,7,1,1,5,4,5,2,13,16,3,10,1,1,B03,7,9,1,8,2,1,,16,16,1,18,8,B03,120.721811,24.181854,2
2022,4,20,14,52,臺中市,西屯區,0,2,0,8,1,5,50,4,1,1,5,4,5,7,1,1,5,2,4,2,16,25,2,9,3,4,C03,7,5,1,10,2,11,,25,25,1,22,8,C03,120.649105,24.174851,2
2022,4,20,14,53,臺中市,神岡區,0,0,0,8,,,30,,,,,,,,,,,,,,,12,,,,,B12,,,3,,2,,,12,12,1,22,,B12,120.698418,24.260867,3
2022,4,20,15,0,臺中市,烏日區,0,1,0,8,1,5,50,14,9,1,5,4,5,7,4,4,5,4,5,1,17,23,2,9,1,1,C03,7,9,1,10,2,11,,23,23,1,21,8,C03,120.624463,24.106441,2
2022,4,20,15,0,臺中市,東勢區,0,1,0,8,1,5,50,3,9,1,5,4,5,7,4,4,5,5,5,1,17,1,2,9,1,4,C03,7,4,1,10,2,12,,1,1,1,22,8,C03,120.82788,24.258203,2
2022,4,20,15,0,臺中市,豐原區,0,0,0,8,,,50,,,,,,,,,,,,,,,23,,,,,B12,,,1,,2,,,23,23,1,21,,B12,120.712041,24.23991,3
2022,4,20,15,7,臺中市,東區,0,1,0,8,1,5,50,4,1,1,5,4,5,7,4,4,10,5,5,2,15,6,3,10,1,1,B03,7,9,1,8,2,7,,6,6,1,5,8,B03,120.693593,24.14798,2
2022,4,20,15,11,臺中市,西區,0,2,0,8,1,5,50,14,9,1,5,4,5,7,4,4,5,2,5,2,26,23,2,9,1,1,C03,7,9,1,10,2,11,,23,23,1,22,9,C03,120.673839,24.14706,2
2022,4,20,15,15,臺中市,龍井區,0,0,0,8,,,50,,,,,,,,,,,,,,,23,,,,,C03,,,7,,11,,,23,23,1,18,,C03,120.592371,24.181435,3
2022,4,20,15,29,臺中市,西屯區,0,1,0,8,1,5,50,14,9,1,5,4,5,7,4,4,1,4,5,2,18,43,2,9,1,1,C03,7,9,1,10,2,14,,43,43,1,22,8,C03,120.623007,24.173773,2
2022,4,20,15,38,臺中市,西區,0,2,0,7,1,5,40,14,8,1,5,4,5,7,4,4,5,4,4,2,13,41,2,9,1,2,C03,7,9,1,10,2,11,,41,41,1,22,8,C03,120.67173,24.145068,2
2022,4,20,15,40,臺中市,外埔區,0,0,0,8,1,5,50,3,2,1,5,4,5,7,4,4,5,5,5,1,17,26,3,10,1,1,B12,7,5,1,8,2,7,,26,26,1,21,8,B12,120.65206,24.347586,3
2022,4,20,15,40,臺中市,豐原區,0,1,0,8,1,5,50,14,9,1,5,4,5,7,4,4,1,3,5,2,13,16,3,10,1,1,B01,7,9,1,4,2,1,,16,16,1,19,3,B01,120.700416,24.249155,2
2022,4,20,15,52,臺中市,豐原區,0,1,0,8,1,5,30,4,1,1,5,4,5,7,1,1,10,5,5,2,16,8,3,10,1,1,C03,7,5,1,10,2,13,,8,8,1,21,8,C03,120.721531,24.246738,2
2022,4,20,15,57,臺中市,西區,0,0,0,,,,50,,,,,,,,,,,,,,,38,,,,,B03,,,1,,1,,,38,38,1,20,,B03,120.668285,24.142527,3
2022,4,20,16,1,臺中市,東勢區,0,1,0,8,1,5,30,11,9,1,5,4,5,7,4,4,10,5,5,1,13,23,2,9,3,4,C03,7,9,1,10,7,11,,23,23,1,22,8,C03,120.855374,24.235813,2
2022,4,20,16,20,臺中市,西屯區,0,0,0,,,,50,,,,,,,,,,,,,,,17,,,,,B12,,,1,,1,,,17,17,1,22,,B12,120.644563,24.171613,3
2022,4,20,16,24,臺中市,梧棲區,0,1,0,8,1,5,50,4,1,1,5,4,5,7,1,1,10,5,5,2,15,25,2,9,1,1,C03,7,9,1,10,2,11,,25,25,1,20,8,C03,120.537114,24.242342,2
2022,4,20,16,39,臺中市,南屯區,0,0,0,8,,,40,,,,,,,,,,,,,,,26,,,,,B12,,,1,,1,,,26,26,1,22,,B12,120.637271,24.145338,3
2022,4,20,16,57,臺中市,豐原區,0,0,0,8,,,60,,,,,,,,,,,,,,,23,,,,,B03,,,1,,2,,,23,23,1,21,,B03,120.728019,24.23998,4
2022,4,20,16,59,臺中市,北屯區,0,1,0,8,1,5,50,14,8,1,5,4,5,7,4,4,5,5,4,2,12,23,3,10,1,1,C03,7,9,1,10,1,15,,23,23,1,22,8,C03,120.683707,24.178649,2
2022,4,20,17,0,臺中市,西區,0,0,0,,,,,,,,,,,,,,,,,,,67,,,,,B03,,,1,,9,,,44,67,1,5,,B03,120.657485,24.15233,3
2022,4,20,17,2,臺中市,清水區,0,0,0,8,,,50,,,,,,,,,,,,,,,23,,,,,B03,,,6,,7,,,23,23,1,5,,B03,120.558365,24.271847,3
2022,4,20,17,6,臺中市,東勢區,0,1,0,8,1,5,70,3,1,1,5,4,5,7,3,1,1,4,4,1,16,6,3,10,1,1,B03,7,9,1,8,2,1,,6,6,1,22,8,B03,120.803572,24.267947,2
2022,4,20,17,11,臺中市,西屯區,0,0,0,8,,,30,,,,,,,,,,,,,,,43,,,,,,,,,,,,,43,43,1,,,,120.64738,24.182815,3
2022,4,20,17,11,臺中市,豐原區,0,1,0,8,1,5,60,4,1,1,5,4,5,7,1,1,1,5,5,2,16,26,3,10,3,4,B12,7,5,1,8,2,8,,26,26,1,9,8,B12,120.726801,24.238768,2
2022,4,20,17,17,臺中市,北區,0,0,0,,,,40,,,,,,,,,,,,,,,23,,,,,B03,,,1,,1,,,23,23,1,5,,B03,120.684574,24.16383,3
2022,4,20,17,20,臺中市,大甲區,0,1,0,8,1,5,50,14,9,1,5,4,5,7,4,4,5,4,5,1,16,19,3,10,1,1,B12,7,1,5,18,2,4,,19,19,1,9,3,B12,120.622406,24.353289,2
2022,4,20,17,22,臺中市,霧峰區,0,0,0,8,,,50,,,,,,,,,,,,,,,12,,,,,B03,,,1,,2,,,12,12,1,3,,B03,120.698441,24.062434,3
2022,4,20,17,25,臺中市,北屯區,0,1,0,8,2,5,50,5,1,1,5,4,5,7,1,1,10,5,5,2,13,16,2,7,1,1,C03,7,9,1,10,2,11,12,16,16,1,5,8,C03,120.718956,24.174468,2
2022,4,20,17,26,臺中市,西屯區,0,1,0,8,2,5,30,14,9,1,5,4,5,7,4,4,1,5,5,2,12,23,3,10,1,1,B03,7,9,3,18,11,2,,23,23,1,5,7,B03,120.64268,24.17569,2
2022,4,20,17,30,臺中市,南屯區,0,0,0,,,,80,,,,,,,,,,,,,,,35,,,,,B03,,,1,,2,,,44,35,1,22,,B03,120.623033,24.140267,3
2022,4,20,17,30,臺中市,大肚區,0,0,0,,,,70,,,,,,,,,,,,,,,23,,,,,B03,,,1,,2,,,23,23,1,22,,B03,120.559142,24.126881,3
2022,4,20,17,30,臺中市,外埔區,0,0,0,8,1,5,50,14,9,1,5,4,5,7,4,4,1,4,5,1,13,23,3,10,1,1,B03,7,9,1,8,2,1,,23,23,1,21,8,B03,120.640526,24.339768,3
2022,4,20,17,36,臺中市,大里區,0,2,0,8,2,5,50,3,1,1,5,4,5,7,4,4,10,5,5,1,16,1,2,3,1,1,C03,7,4,1,10,2,11,,1,1,1,3,8,C03,120.700991,24.088746,2
2022,4,20,17,42,臺中市,北屯區,0,0,0,8,,,50,,,,,,,,,,,,,,,23,,,,,B03,,,1,,10,,,44,23,1,22,,B03,120.704454,24.171107,3
2022,4,20,17,44,臺中市,梧棲區,0,0,0,8,,,50,,,,,,,,,,,,,,,12,,,,,B03,,,1,,1,,,12,12,1,8,,B03,120.535025,24.25317,3
2022,4,20,17,48,臺中市,霧峰區,0,0,0,8,,,60,,,,,,,,,,,,,,,23,,,,,B12,,,1,,2,,,23,23,1,22,,B12,120.66285,24.083354,3
2022,4,20,17,49,臺中市,西屯區,0,2,0,8,2,5,50,3,1,1,5,4,5,7,2,1,10,5,5,2,11,6,2,8,1,1,C03,7,5,1,10,1,11,,6,6,1,22,8,C03,120.649034,24.173162,2
2022,4,20,18,1,臺中市,南屯區,0,0,0,8,1,5,40,14,8,1,5,4,5,7,4,4,5,5,4,2,14,18,3,10,1,1,B03,7,2,1,8,2,3,,18,18,1,22,8,B03,120.607109,24.138174,3
2022,4,20,18,4,臺中市,豐原區,0,1,0,8,2,5,60,4,2,1,5,4,5,7,2,1,1,3,4,2,17,7,3,10,1,1,B03,7,8,1,8,2,6,,7,7,1,4,1,B03,120.703186,24.241383,2
2022,4,20,18,6,臺中市,南屯區,0,2,0,8,1,5,50,4,1,1,5,4,5,7,1,1,3,4,5,2,17,6,2,9,1,1,C03,7,6,1,10,2,12,,6,6,1,22,8,C03,120.646585,24.13497,2
2022,4,20,18,10,臺中市,豐原區,0,1,0,8,2,5,50,3,1,1,5,4,5,7,1,1,10,5,5,2,17,18,3,10,1,1,B03,7,3,1,8,2,2,,18,18,1,21,8,B03,120.727968,24.244771,2
2022,4,20,18,15,臺中市,西區,0,0,0,8,,,50,,,,,,,,,,,,,,,12,,,,,B03,,,1,8,1,,,12,12,1,22,,B03,120.668166,24.153297,3
2022,4,20,18,16,臺中市,豐原區,0,1,0,8,1,5,50,14,7,1,5,4,5,7,3,1,1,4,4,1,17,10,2,9,3,4,C03,7,11,7,19,9,13,,10,10,2,22,9,C03,120.720057,24.258513,2
2022,4,20,18,18,臺中市,潭子區,0,0,0,8,,,80,,,,,,,,,,,,,,,16,,,,,B03,,,1,,2,,,16,16,1,22,,B03,120.696555,24.201,3
2022,4,20,18,18,臺中市,大里區,0,0,0,8,,,40,,,,,,,,,,,,,,,23,,,,,C03,,,1,,2,,,23,23,1,22,,C03,120.692601,24.100335,3
2022,4,20,18,20,臺中市,南區,0,0,0,8,,,40,,,,,,,,,,,,,,,43,,,,,,,,,,,,,43,43,1,,,,120.662205,24.121628,3
2022,4,20,18,21,臺中市,西區,0,1,0,8,3,5,50,4,1,1,5,4,5,7,1,1,10,5,5,2,18,44,2,9,1,1,C03,7,9,1,10,2,12,,44,44,1,21,8,C03,120.674129,24.147149,2
2022,4,20,18,22,臺中市,大里區,0,0,0,8,,,60,,,,,,,,,,,,,,,7,,,,,B01,,,1,,2,,,7,7,1,10,,B01,120.674906,24.10276,3
2022,4,20,18,28,臺中市,北屯區,0,1,0,8,3,5,50,4,1,1,5,4,5,7,1,1,10,5,5,2,13,23,2,8,1,1,C03,7,9,1,10,2,11,,23,23,1,21,8,C03,120.719623,24.163125,2
2022,4,20,18,32,臺中市,南區,0,1,0,8,3,5,50,3,1,1,5,4,5,7,2,1,1,4,4,2,15,25,3,10,1,1,C03,7,9,1,10,2,11,,25,25,1,22,8,C03,120.66821,24.119211,2
2022,4,20,18,32,臺中市,西屯區,0,0,0,8,,,40,,,,,,,,,,,,,,,7,,,,,B01,,,1,,1,,,7,7,1,10,,B01,120.641745,24.157348,3
2022,4,20,18,35,臺中市,豐原區,0,0,0,8,,,60,,,,,,,,,,,,,,,16,,,,,B03,,,1,,2,,,16,16,1,21,,B03,120.703139,24.241201,3
2022,4,20,18,41,臺中市,南屯區,0,0,0,,,,40,,,,,,,,,,,,,,,19,,,,,B03,,,1,,1,,,19,19,1,22,,B03,120.634298,24.156485,3
2022,4,20,18,44,臺中市,南屯區,0,0,0,8,3,5,50,14,7,1,5,4,5,7,4,4,9,5,4,2,13,23,3,10,1,1,B03,7,9,1,8,1,1,,23,23,1,1,8,B03,120.635263,24.148366,3
2022,4,20,18,45,臺中市,南區,0,0,0,8,,,,,,,,,,,,,,,,,,67,,,,,,,,,,,,,67,67,1,,,,120.681743,24.126476,3
2022,4,20,18,50,臺中市,東區,0,1,0,8,3,5,50,14,9,1,5,4,5,7,4,4,5,4,5,2,16,10,3,10,1,1,B03,7,11,1,8,2,8,,10,10,1,22,8,B03,120.696736,24.147976,2
2022,4,20,18,52,臺中市,北屯區,0,3,0,8,3,5,50,14,9,1,5,4,5,7,4,4,5,4,5,2,3,52,2,9,4,5,H01,8,16,8,20,10,16,,52,52,1,5,8,H01,120.725855,24.17629,2
2022,4,20,18,53,臺中市,大里區,0,0,0,8,,,30,,,,,,,,,,,,,,,12,,,,,B03,,,1,,2,,,12,12,1,3,,B03,120.700438,24.091566,3
2022,4,20,18,55,臺中市,北屯區,0,1,0,8,3,5,50,4,1,1,5,4,5,7,4,4,5,5,5,2,16,6,3,10,1,1,B03,7,5,1,8,2,8,,6,6,1,22,8,B03,120.673422,24.175077,2
2022,4,20,19,5,臺中市,潭子區,0,2,0,8,3,5,50,3,7,1,5,4,5,7,4,4,5,4,4,2,3,23,2,9,1,1,C03,7,9,1,10,2,11,,23,23,1,22,8,C03,120.71028,24.229868,2
2022,4,20,19,5,臺中市,豐原區,0,2,0,8,3,5,50,3,2,1,5,4,5,7,3,1,5,5,5,2,17,23,2,9,1,1,C03,7,9,2,18,2,11,,23,23,1,22,8,C03,120.717232,24.260887,2
2022,4,20,19,8,臺中市,潭子區,0,0,0,8,3,5,80,14,7,1,5,4,5,7,4,4,1,3,5,1,13,16,3,10,1,1,B03,7,9,1,8,2,1,,16,16,1,22,8,B03,120.7194,24.196462,3
2022,4,20,19,12,臺中市,潭子區,0,0,0,8,,,80,,,,,,,,,,,,,,,16,,,,,B03,,,1,,2,,,16,16,1,22,,B03,120.696555,24.201,3
2022,4,20,19,12,臺中市,豐原區,0,2,0,8,3,5,50,4,9,1,5,4,5,7,2,1,3,5,5,2,17,25,2,9,3,4,C03,7,5,1,10,2,11,,25,25,1,22,8,C03,120.72298,24.264072,2
2022,4,20,19,14,臺中市,西屯區,0,2,0,8,3,5,50,14,7,1,5,4,5,7,4,4,5,4,4,2,12,42,2,8,1,1,C03,7,15,4,8,2,12,,42,42,1,22,8,C03,120.609815,24.185458,2
2022,4,20,19,14,臺中市,神岡區,0,0,0,8,,,50,,,,,,,,,,,,,,,16,,,,,B03,,,1,,1,,,16,16,1,22,,B03,120.701212,24.251321,3
2022,4,20,19,26,臺中市,豐原區,0,1,0,8,3,5,60,4,1,1,5,4,5,7,1,1,3,5,5,1,16,6,2,7,3,4,C03,7,5,1,10,2,14,,6,6,1,22,9,C03,120.71015,24.236978,2
2022,4,20,19,27,臺中市,南屯區,0,1,0,8,1,5,50,14,9,1,5,4,5,7,4,4,1,4,5,2,12,17,3,10,1,1,B03,7,9,1,8,2,2,,17,17,1,22,8,B03,120.640001,24.141329,2
2022,4,20,19,34,臺中市,北屯區,0,1,0,8,3,5,50,3,1,1,5,4,5,7,1,1,10,5,5,2,16,6,3,10,1,1,B12,7,5,1,8,2,2,,6,6,1,21,8,B12,120.698671,24.17034,2
2022,4,20,19,45,臺中市,西區,0,1,0,8,3,5,50,3,1,1,5,4,5,7,4,4,5,4,5,2,17,23,3,10,1,1,B03,7,9,1,8,2,5,,23,23,1,22,9,B03,120.657827,24.151058,2
2022,4,20,19,56,臺中市,北區,0,0,0,8,,,50,,,,,,,,,,,,,,,23,,,,,B03,,,1,,2,,,23,23,1,22,,B03,120.674905,24.161646,3
2022,4,20,19,57,臺中市,南屯區,0,1,0,8,3,5,40,14,7,1,5,4,5,7,4,4,5,4,4,2,17,26,3,10,1,1,B03,7,11,1,8,2,2,,26,26,1,22,8,B03,120.647435,24.153411,2
2022,4,20,20,4,臺中市,霧峰區,0,2,0,8,3,5,40,14,9,1,5,4,5,7,4,4,5,5,5,1,13,16,2,9,1,1,C03,7,9,1,10,2,11,,16,16,1,11,8,C03,120.688541,24.065914,2
2022,4,20,20,8,臺中市,中區,0,0,0,8,,,50,,,,,,,,,,,,,,,7,,,,,B03,,,1,,2,,,7,7,1,21,,B03,120.68425,24.137055,3
2022,4,20,20,15,臺中市,西屯區,0,0,0,8,,,50,,,,,,,,,,,,,,,67,,,,,,,,,,,,,67,67,1,,,,120.623947,24.18613,3
2022,4,20,20,20,臺中市,大甲區,0,0,0,8,,,50,,,,,,,,,,,,,,,23,,,,,B03,,,1,,1,,,23,23,1,21,,B03,120.621125,24.351258,3
2022,4,20,20,38,臺中市,西區,0,0,0,8,,,50,,,,,,,,,,,,,,,23,,,,,B12,,,1,,1,,,38,23,1,22,,B12,120.669157,24.147165,3
2022,4,20,20,45,臺中市,北區,0,0,0,8,,,50,,,,,,,,,,,,,,,44,,,,,B03,,,1,,1,,,44,44,1,22,,B03,120.688894,24.152943,3
2022,4,20,20,45,臺中市,梧棲區,0,0,0,8,,,30,,,,,,,,,,,,,,,12,,,,,B03,,,1,,1,,,12,12,1,21,,B03,120.534823,24.252996,4
2022,4,20,20,51,臺中市,太平區,0,0,0,8,,,50,,,,,,,,,,,,,,,23,,,,,B12,,,1,,2,,,23,23,1,5,,B12,120.727441,24.134415,3
2022,4,20,20,52,臺中市,大里區,0,0,0,,,,50,,,,,,,,,,,,,,,6,,,,,B03,,,1,,2,,,6,6,1,22,,B03,120.689076,24.101338,3
2022,4,20,20,52,臺中市,豐原區,0,1,0,8,3,5,50,4,1,1,5,4,5,7,1,1,10,5,5,2,17,8,2,9,1,1,C03,7,5,1,10,2,14,,8,8,1,22,8,C03,120.699207,24.248976,2
2022,4,20,21,0,臺中市,南屯區,0,0,0,8,,,50,,,,,,,,,,,,,,,67,,,,,,,,,,,,,67,67,1,,,,120.644007,24.136151,3
2022,4,20,21,5,臺中市,北屯區,0,0,0,,,,50,,,,,,,,,,,,,,,2,,,,,B03,,,1,,1,,,2,2,1,21,,B03,120.719029,24.16291,3
2022,4,20,21,17,臺中市,中區,0,2,0,8,3,5,50,4,2,1,5,4,5,7,1,1,5,4,4,2,13,23,2,9,1,1,C03,7,9,1,10,2,11,,23,23,1,22,9,C03,120.675814,24.144329,2
2022,4,20,21,19,臺中市,大雅區,0,1,0,8,3,5,50,4,1,1,5,4,5,7,1,1,5,5,5,1,16,44,3,10,1,1,B03,7,9,1,8,2,2,,44,44,1,22,9,B03,120.645392,24.221903,2
2022,4,20,21,25,臺中市,東區,0,1,0,8,3,5,50,3,1,1,5,4,5,7,1,1,10,5,5,2,16,25,3,10,1,1,B03,7,9,6,18,2,7,,25,25,1,22,8,B03,120.700517,24.134125,2
2022,4,20,21,25,臺中市,大里區,0,0,0,8,,,50,,,,,,,,,,,,,,,42,,,,,C03,,,1,,2,,,42,42,1,22,,C03,120.676526,24.115005,3
2022,4,20,21,34,臺中市,西屯區,0,1,0,8,3,5,50,14,9,1,5,4,5,7,4,4,9,5,5,2,17,23,2,9,1,1,C03,7,9,1,9,11,12,,23,23,1,5,8,C03,120.662588,24.172946,2
2022,4,20,21,46,臺中市,大雅區,0,1,0,8,3,5,50,3,1,1,5,4,5,7,1,1,10,5,5,2,16,1,2,8,1,1,C03,7,9,1,10,2,11,,1,1,1,22,9,C03,120.647864,24.215923,2
2022,4,20,21,47,臺中市,北屯區,0,0,0,8,,,50,,,,,,,,,,,,,,,2,,,,,B03,,,1,,2,,,2,2,1,5,,B03,120.721928,24.182645,3
2022,4,20,21,56,臺中市,東勢區,0,0,0,8,,,50,,,,,,,,,,,,,,,42,,,,,B03,,,1,,2,,,42,42,1,22,,B03,120.832181,24.246651,3
2022,4,20,21,57,臺中市,北屯區,0,2,0,8,3,5,50,4,1,1,5,4,5,7,1,1,1,2,5,2,12,23,2,9,1,1,C03,7,9,1,10,2,14,,23,23,1,22,8,C03,120.671456,24.17374,2
2022,4,20,22,10,臺中市,北屯區,0,1,0,8,3,5,50,14,9,1,5,4,5,7,4,4,9,5,5,2,17,42,2,9,1,1,C03,7,9,1,10,2,11,,42,42,1,19,8,C03,120.686911,24.186425,2
2022,4,20,22,30,臺中市,南區,0,0,0,8,,,50,,,,,,,,,,,,,,,38,,,,,B03,,,1,,2,,,38,38,1,5,,B03,120.660286,24.123356,3
2022,4,20,22,30,臺中市,太平區,0,0,0,8,,,50,,,,,,,,,,,,,,,42,,,,,B03,,,1,,2,,,42,42,1,21,,B03,120.716323,24.157986,3
2022,4,20,23,3,臺中市,西屯區,0,0,0,8,,,40,,,,,,,,,,,,,,,43,,,,,B03,,,1,,11,,,43,43,1,22,,B03,120.608213,24.19344,3
2022,4,20,23,6,臺中市,太平區,0,1,0,8,3,5,50,3,1,1,5,4,5,7,3,1,10,5,5,2,16,6,3,10,1,1,B03,7,5,1,8,2,8,,6,6,1,21,8,B03,120.728994,24.10459,2
2022,4,20,23,22,臺中市,東區,0,1,0,8,3,5,50,5,1,1,5,4,5,7,2,1,10,5,5,2,16,9,3,10,1,1,B03,7,6,1,8,5,2,5,9,9,1,21,8,B03,120.69269,24.148221,2
2022,4,20,23,30,臺中市,西屯區,0,2,0,8,3,5,50,4,1,1,5,4,5,7,2,1,4,1,4,2,13,23,2,9,1,1,C03,7,9,3,18,2,14,,23,23,1,22,8,C03,120.64898,24.175011,2
2022,4,21,0,22,臺中市,太平區,0,1,0,8,3,5,30,14,9,1,5,4,5,7,4,4,10,5,5,2,17,19,3,10,1,1,B03,7,1,1,8,2,8,,19,19,1,21,8,B03,120.727589,24.152247,2
2022,4,21,1,17,臺中市,大里區,0,0,0,8,,,25,,,,,,,,,,,,,,,16,,,,,B03,,,1,,2,,,16,16,1,5,,B03,120.697228,24.111166,3
2022,4,21,2,25,臺中市,北屯區,0,1,0,8,3,5,50,4,4,1,5,4,5,7,1,1,10,5,5,2,13,23,3,10,1,1,B03,7,9,1,8,2,1,,23,23,1,21,8,B03,120.69551,24.165061,2
2022,4,21,4,53,臺中市,龍井區,0,1,0,8,1,5,40,14,8,1,5,4,5,7,4,4,10,5,1,1,29,23,2,9,3,4,C03,7,9,1,10,7,11,,23,23,1,22,9,C03,120.580853,24.188547,2
2022,4,21,5,27,臺中市,清水區,0,2,0,8,2,5,30,11,9,1,5,4,5,7,4,4,10,5,5,2,10,23,2,9,1,1,C03,7,9,1,10,2,11,,23,23,1,21,8,C03,120.613106,24.291322,2
2022,4,21,5,29,臺中市,西區,0,0,0,8,,,50,,,,,,,,,,,,,,,23,,,,,A12,,,1,,1,,,23,23,1,22,,A12,120.663096,24.146699,3
2022,4,21,6,5,臺中市,潭子區,0,2,0,8,1,5,50,14,9,1,5,4,5,7,4,4,5,4,5,1,17,19,2,8,1,1,C03,7,1,2,18,2,14,,19,19,1,22,8,C03,120.700798,24.214593,2
2022,4,21,6,11,臺中市,大里區,0,1,0,8,1,5,50,4,1,1,5,4,5,7,2,1,5,5,5,1,11,8,3,10,1,1,B03,7,5,1,8,2,8,,8,8,1,5,8,B03,120.69202,24.109838,2
2022,4,21,6,17,臺中市,神岡區,0,1,0,8,1,5,50,15,9,1,5,4,5,7,1,1,5,5,5,1,10,25,2,8,1,1,F03,7,9,8,20,2,16,,25,25,1,22,2,F03,120.6892,24.239065,2
2022,4,21,6,51,臺中市,北屯區,0,0,0,,,,30,,,,,,,,,,,,,,,12,,,,,B03,,,1,,1,,,12,12,1,22,,B03,120.699261,24.168433,3
2022,4,21,7,4,臺中市,大里區,0,1,0,8,1,5,50,11,9,1,5,4,5,7,4,4,5,5,5,1,10,4,3,10,3,4,B03,7,9,1,8,2,1,,4,4,1,21,8,B03,120.703518,24.08804,2
2022,4,21,7,8,臺中市,北屯區,0,1,0,8,1,5,50,14,9,1,5,4,5,7,4,4,5,4,5,2,12,19,3,10,1,1,B03,7,1,1,8,2,8,,19,19,1,22,8,B03,120.709838,24.171678,2
2022,4,21,7,21,臺中市,大雅區,0,1,0,8,1,5,50,3,1,1,5,4,5,7,4,4,5,4,5,1,16,8,2,7,1,1,C03,7,5,1,10,2,12,,8,8,1,22,9,C03,120.649583,24.224102,2
2022,4,21,7,24,臺中市,大雅區,0,1,0,8,1,5,50,5,1,1,5,4,5,7,1,1,3,5,5,1,12,23,2,9,1,1,C03,7,6,1,10,2,12,,23,23,1,22,9,C03,120.667661,24.215685,2
2022,4,21,7,28,臺中市,北屯區,0,0,0,8,,,70,,,,,,,,,,,,,,,7,,,,,B12,,,1,,1,,,7,7,1,5,,B12,120.666082,24.201169,3