年,月,日,時,分,縣市,區,死,受傷,2-30,天候,光線,道路類別,速限,道路型態,事故位置,路面鋪裝,路面狀態,路面缺陷,障礙物,視距,號誌種類,號誌動作,分向設施,快車道或一般車道間,快慢車道間,路面邊線,事故類型及型態,主要肇因,受傷程度,主要傷處,保護裝備,行動電話,當事者區分,車輛用途,當事者行動狀態,駕駛資格情形,駕駛執照種類,飲酒情形,車輛撞擊部位最初,車輛撞擊部位其他,肇事因素個別,肇事因素主要,肇事逃逸,職業,旅次目的,車種,GPS緯度,GPS經度,事故類別
2022,4,21,18,21,臺中市,豐原區,0,1,0,8,3,5,50,4,1,1,5,4,5,7,1,1,1,5,5,2,16,44,2,8,1,1,C03,7,5,1,10,2,11,,44,44,1,8,8,C03,120.700031,24.236708,2
2022,4,21,18,22,臺中市,南屯區,0,1,0,8,3,5,50,4,1,1,5,4,5,7,4,4,10,5,5,2,15,6,2,9,1,1,C03,7,9,1,10,2,11,,6,6,1,5,4,C03,120.613601,24.151975,2
2022,4,21,18,23,臺中市,大肚區,0,2,0,8,1,5,30,3,1,1,5,4,5,7,4,4,9,4,5,1,17,6,2,8,1,1,C03,7,5,1,10,2,14,,6,6,1,22,8,C03,120.581073,24.174038,2
2022,4,21,18,27,臺中市,西區,0,0,0,8,,,30,,,,,,,,,,,,,,,12,,,,,C03,,,1,,1,,,12,12,1,22,,C03,120.655161,24.152004,3
2022,4,21,18,35,臺中市,西區,0,2,0,8,3,5,50,4,1,1,5,4,5,7,1,1,10,5,5,2,16,42,2,9,1,1,C04,7,15,1,10,2,12,,42,42,1,22,8,C04,120.669414,24.138753,2
2022,4,21,18,44,臺中市,南區,0,1,0,8,3,5,50,14,8,1,5,4,5,7,4,4,9,4,5,2,12,23,3,10,1,1,C03,7,9,1,10,2,11,,23,23,1,5,1,C03,120.660628,24.120351,2
2022,4,21,18,55,臺中市,豐原區,0,1,0,8,1,5,50,3,9,1,5,4,5,7,4,4,5,5,5,2,29,23,2,9,1,1,C03,7,15,1,10,2,11,,23,23,1,22,8,C03,120.719174,24.262975,2
2022,4,21,19,0,臺中市,大里區,0,0,0,8,,,50,,,,,,,,,,,,,,,7,,,,,B03,,,1,,2,,,7,7,1,5,,B03,120.689208,24.093427,3
2022,4,21,19,0,臺中市,太平區,0,1,0,8,3,5,50,14,9,1,5,4,5,7,4,4,5,5,5,1,18,42,2,9,2,1,C03,7,9,3,18,2,14,,42,42,1,9,5,C03,120.716755,24.133573,2
2022,4,21,19,0,臺中市,太平區,0,0,0,8,,,50,,,,,,,,,,,,,,,16,,,,,C03,,,1,,1,,,16,16,1,2,,C03,120.712182,24.1259,3
2022,4,21,19,3,臺中市,太平區,0,1,0,8,3,5,50,4,1,1,5,4,5,7,4,4,10,5,5,2,15,6,2,9,1,1,C03,7,9,1,10,2,11,,6,6,1,21,8,C03,120.718392,24.147928,2
2022,4,21,19,9,臺中市,西區,0,1,0,8,3,5,50,14,9,1,5,4,5,7,4,4,5,4,5,2,17,26,3,10,1,1,B03,7,11,1,8,2,4,,26,26,1,21,8,B03,120.661856,24.15277,2
2022,4,21,19,11,臺中市,西區,0,1,0,8,3,5,50,4,1,1,5,4,5,7,1,1,10,5,5,2,16,9,3,10,1,1,B03,7,6,1,8,2,5,,9,9,1,21,8,B03,120.657365,24.146713,2
2022,4,21,19,11,臺中市,北屯區,0,1,0,8,3,5,50,4,1,1,5,4,5,7,1,1,10,5,5,2,16,6,3,10,1,1,B03,7,5,1,8,2,1,,6,6,1,21,8,B03,120.71263,24.172831,2
2022,4,21,19,23,臺中市,潭子區,0,1,0,8,3,5,30,11,9,1,5,4,5,7,4,4,10,5,5,1,17,43,,,,,,,,,,,,,43,43,2,,,,120.712252,24.195292,2
2022,4,21,19,24,臺中市,烏日區,0,1,0,8,1,5,50,8,13,1,5,4,5,7,4,4,5,5,5,1,2,23,3,10,1,1,C03,7,9,1,10,2,12,,23,23,1,21,8,C03,120.636487,24.048194,2
2022,4,21,19,25,臺中市,霧峰區,0,1,0,8,4,5,40,4,1,1,5,4,5,7,4,4,10,5,5,2,16,6,2,9,1,1,C03,7,9,1,10,2,11,,6,6,1,18,8,C03,120.69784,24.064686,2
2022,4,21,19,25,臺中市,霧峰區,0,1,0,8,3,5,30,14,9,1,5,4,5,7,4,4,5,5,5,1,18,13,2,9,1,4,C03,7,9,1,9,2,15,,13,13,1,5,8,C03,120.672133,24.078821,2
2022,4,21,19,34,臺中市,清水區,0,0,0,8,,,70,,,,,,,,,,,,,,,23,,,,,B03,,,1,,1,,,23,23,1,21,,B03,120.534121,24.276191,3
2022,4,21,19,40,臺中市,烏日區,0,1,0,8,3,5,50,4,1,1,5,4,5,7,2,1,10,4,1,1,17,25,2,9,1,1,C03,7,11,1,10,2,14,,25,25,1,21,8,C03,120.624607,24.104165,2
2022,4,21,19,46,臺中市,清水區,0,1,0,8,3,5,50,4,2,1,5,4,5,7,4,4,5,5,4,2,16,6,2,9,1,1,C03,7,6,5,10,2,13,,6,6,1,5,5,C03,120.550206,24.269508,2
2022,4,21,19,54,臺中市,太平區,0,0,0,8,,,50,,,,,,,,,,,,,,,23,,,,,C03,,,1,,2,,,23,23,1,22,,C03,120.734941,24.125559,3
2022,4,21,19,55,臺中市,北屯區,0,1,0,8,3,5,50,4,1,1,5,4,5,7,1,1,10,5,5,2,3,15,3,10,1,1,B03,7,5,1,8,2,1,,15,15,1,21,8,B03,120.660718,24.191572,2
2022,4,21,19,57,臺中市,太平區,0,0,0,8,,,30,,,,,,,,,,,,,,,23,,,,,B03,,,1,,11,,,23,23,1,21,,B03,120.718587,24.114698,3
2022,4,21,19,58,臺中市,大雅區,0,0,0,8,,,50,,,,,,,,,,,,,,,25,,,,,C03,,,1,,2,,,44,25,1,22,,C03,120.644516,24.234967,3
2022,4,21,19,59,臺中市,大里區,0,0,0,8,,,60,,,,,,,,,,,,,,,19,,,,,B03,,,1,,2,,,19,19,1,22,,B03,120.686991,24.102365,3
2022,4,21,20,0,臺中市,西區,0,3,0,8,3,5,50,4,1,1,5,4,5,7,4,4,10,5,5,2,16,26,2,8,1,1,C03,7,5,1,10,2,12,14,26,26,1,22,9,C03,120.664301,24.149044,2
2022,4,21,20,0,臺中市,梧棲區,0,2,0,8,3,5,50,4,1,1,5,4,5,7,4,4,10,5,5,2,15,6,2,9,1,1,C03,7,9,1,10,2,11,,6,6,1,22,8,C03,120.529791,24.239535,2
2022,4,21,20,21,臺中市,太平區,0,1,0,8,3,5,40,14,9,1,5,4,5,7,4,4,9,5,5,1,12,17,3,10,1,1,B03,7,4,5,8,2,5,,17,17,1,5,1,B03,120.73159,24.127539,2
2022,4,21,20,42,臺中市,北屯區,0,0,0,8,,,50,,,,,,,,,,,,,,,17,,,,,B03,,,1,,2,,,17,17,1,20,,B03,120.704776,24.169428,3
2022,4,21,20,45,臺中市,北屯區,0,1,0,8,3,5,50,14,9,1,5,4,5,7,4,4,5,4,5,2,13,43,2,8,1,1,C03,7,9,1,10,2,12,,43,43,1,5,8,C03,120.704955,24.169506,2
2022,4,21,20,50,臺中市,大雅區,0,1,0,8,3,5,50,14,9,1,5,4,5,7,4,4,1,4,5,1,16,16,2,9,1,1,C03,7,9,1,10,2,12,,16,16,1,22,9,C03,120.646064,24.223603,2
2022,4,21,21,4,臺中市,神岡區,0,1,0,8,3,5,50,14,7,1,5,4,5,7,4,4,5,4,4,2,16,10,3,10,1,1,B03,7,11,1,8,2,8,,10,10,1,21,8,B03,120.68039,24.248001,2
2022,4,21,21,24,臺中市,北屯區,0,1,0,8,3,5,50,4,1,1,5,4,5,7,1,1,10,5,5,2,15,25,2,9,1,1,C03,7,9,1,10,2,11,,25,25,1,21,8,C03,120.71564,24.170283,2
2022,4,21,21,44,臺中市,西屯區,0,0,0,8,,,50,,,,,,,,,,,,,,,23,,,,,B12,,,1,,1,,,23,23,1,22,,B12,120.636379,24.170307,3
2022,4,21,21,47,臺中市,南區,0,0,0,8,,,50,,,,,,,,,,,,,,,10,,,,,C03,,,1,,2,,,23,10,1,5,,C03,120.666025,24.12326,3
2022,4,21,21,56,臺中市,大里區,0,1,0,8,3,5,50,4,1,1,5,4,5,7,1,1,5,4,5,1,15,25,3,10,1,1,B03,7,9,1,8,2,1,,25,25,1,22,8,B03,120.689148,24.119358,2
2022,4,21,22,0,臺中市,大里區,0,0,0,8,,,50,,,,,,,,,,,,,,,19,,,,,B03,,,1,,2,,,19,19,1,12,,B03,120.703166,24.090488,3
2022,4,21,22,11,臺中市,神岡區,0,1,0,8,3,5,30,14,9,1,5,4,5,7,4,4,10,5,5,1,10,6,3,10,1,1,B03,7,9,1,8,2,5,,6,6,1,22,8,B03,120.64375,24.247695,2
2022,4,21,22,42,臺中市,霧峰區,0,0,0,8,,,40,,,,,,,,,,,,,,,26,,,,,C03,,,1,,2,,,26,26,1,12,,C03,120.663161,24.072543,4
2022,4,21,22,54,臺中市,東區,0,0,0,,,,50,,,,,,,,,,,,,,,23,,,,,B03,,,1,,2,,,23,23,1,22,,B03,120.688451,24.135392,3
2022,4,21,22,54,臺中市,西屯區,0,0,0,8,,,50,,,,,,,,,,,,,,,7,,,,,B01,,,1,,2,,,7,7,1,10,,B01,120.637298,24.170338,3
2022,4,21,23,10,臺中市,神岡區,0,1,0,8,3,5,50,14,9,1,5,4,5,7,4,4,9,5,5,1,27,23,2,9,1,1,C03,7,9,1,10,2,11,,23,23,1,21,1,C03,120.666918,24.262635,2
2022,4,21,23,38,臺中市,太平區,0,1,0,8,1,5,50,4,1,1,5,4,5,7,3,1,10,5,5,2,15,6,2,7,1,1,C03,7,9,1,10,1,11,,6,6,1,5,8,C03,120.71514,24.159046,2
2022,4,22,1,2,臺中市,潭子區,0,1,0,8,3,5,60,4,1,1,5,4,5,7,2,1,3,4,5,1,16,25,2,9,1,1,C03,7,9,1,10,2,11,,25,25,1,22,8,C03,120.705352,24.211636,2
2022,4,22,2,19,臺中市,北屯區,0,0,0,8,,,50,,,,,,,,,,,,,,,23,,,,,B02,,,1,,2,,,23,23,1,22,,B02,120.688918,24.17282,3
2022,4,22,2,30,臺中市,西屯區,0,0,0,8,,,50,,,,,,,,,,,,,,,17,,,,,B03,,,1,,11,,,38,17,1,22,,B03,120.647883,24.173155,3
2022,4,22,2,53,臺中市,潭子區,0,2,0,8,3,5,50,4,2,1,5,4,5,7,4,4,5,4,5,1,16,6,2,8,1,1,C03,7,6,1,10,2,13,,6,6,1,22,8,C03,120.707419,24.202152,2
2022,4,22,3,48,臺中市,大雅區,0,1,0,8,3,5,30,4,1,1,5,4,5,7,3,1,10,5,5,2,15,6,2,9,1,1,C03,7,9,1,10,2,12,,6,6,1,22,9,C03,120.64454,24.23491,2
2022,4,22,5,55,臺中市,霧峰區,0,0,0,8,,,50,,,,,,,,,,,,,,,23,,,,,B12,,,1,,11,,,23,23,1,20,,B12,120.700411,24.065473,3
2022,4,22,6,47,臺中市,大肚區,0,1,0,8,1,5,50,14,9,1,5,4,5,7,4,4,9,5,5,1,17,23,2,8,3,4,C03,7,9,1,10,2,15,,23,23,1,22,9,C03,120.578181,24.167094,2
2022,4,22,6,59,臺中市,石岡區,0,1,0,8,1,5,70,14,7,1,5,4,5,7,4,4,1,4,4,1,13,16,3,10,1,1,B12,7,9,1,8,2,1,,16,16,1,21,8,B12,120.765955,24.2765,2
2022,4,22,7,2,臺中市,南屯區,0,0,0,8,,,50,,,,,,,,,,,,,,,23,,,,,B03,,,1,,1,,,23,23,1,4,,B03,120.646399,24.126119,3
2022,4,22,7,10,臺中市,大雅區,0,2,0,8,1,5,30,3,1,1,5,4,5,7,4,4,10,5,5,2,17,6,2,8,1,1,C03,7,5,1,10,2,11,,6,6,1,22,9,C03,120.652422,24.226582,2
2022,4,22,7,10,臺中市,神岡區,0,1,0,8,1,5,50,14,9,1,5,4,5,7,4,4,9,5,5,1,13,23,3,10,1,1,C03,7,9,1,10,2,11,,23,23,1,22,9,C03,120.686181,24.2717,2
2022,4,22,7,12,臺中市,北屯區,0,1,0,8,1,5,60,14,7,1,5,4,5,7,4,4,1,4,4,2,13,16,3,10,1,1,C03,7,8,3,18,2,11,,16,16,1,22,8,C03,120.717818,24.163563,2
2022,4,22,7,14,臺中市,西屯區,0,1,0,8,1,5,40,14,8,1,5,4,5,7,4,4,1,4,3,2,17,43,2,9,1,1,C03,7,9,1,10,2,15,,43,43,1,22,1,C03,120.635727,24.160126,2
2022,4,22,7,20,臺中市,大里區,0,2,0,8,1,5,50,3,1,1,5,4,5,7,4,4,10,5,5,2,16,6,3,10,1,1,B03,7,5,1,8,2,5,,6,6,1,20,8,B03,120.681862,24.105864,2
2022,4,22,7,20,臺中市,清水區,0,0,0,8,,,30,,,,,,,,,,,,,,,67,,,,,,,,,,,,,67,67,1,,,,120.545818,24.263398,3
2022,4,22,7,20,臺中市,大甲區,0,0,0,8,,,50,,,,,,,,,,,,,,,12,,,,,B03,,,1,,2,,,12,12,1,4,,B03,120.625535,24.353698,3
2022,4,22,7,28,臺中市,大甲區,0,1,0,8,1,5,50,3,2,1,5,4,5,7,4,4,10,5,5,2,18,23,2,9,1,1,C03,7,9,1,10,2,12,,23,23,1,22,9,C03,120.655212,24.388711,2
2022,4,22,7,29,臺中市,北屯區,0,1,0,8,1,5,30,4,1,1,5,4,5,7,4,4,10,5,5,2,16,44,2,9,1,1,C03,7,9,1,10,2,12,11,16,44,1,5,8,C03,120.675548,24.178698,2
2022,4,22,7,35,臺中市,大雅區,0,1,0,8,1,5,50,14,9,1,5,4,5,7,4,4,1,4,5,1,13,16,2,9,1,1,C03,7,9,1,10,2,11,,16,16,1,22,9,C03,120.662988,24.219334,2
2022,4,22,7,42,臺中市,烏日區,0,2,0,8,1,5,70,3,1,1,5,4,5,7,2,1,10,5,5,2,16,6,3,10,1,1,B03,7,6,1,8,2,5,,6,6,1,20,8,B03,120.598333,24.111309,2
2022,4,22,7,49,臺中市,中區,0,1,0,8,1,5,50,4,1,1,5,4,5,7,2,1,10,5,5,2,18,43,2,8,1,1,C03,7,9,1,10,2,12,,43,43,1,5,1,C03,120.684456,24.142287,2
2022,4,22,7,50,臺中市,神岡區,0,0,0,8,,,50,,,,,,,,,,,,,,,16,,,,,A31,,,1,,1,,,44,16,1,12,,A31,120.658689,24.277369,3
2022,4,22,7,57,臺中市,太平區,0,0,0,8,,,50,,,,,,,,,,,,,,,23,,,,,B12,,,1,,1,,,23,23,1,9,,B12,120.717041,24.158732,3
2022,4,22,8,0,臺中市,南屯區,0,0,0,,,,50,,,,,,,,,,,,,,,23,,,,,C03,,,1,,1,,,23,23,1,4,,C03,120.643965,24.134737,3
2022,4,22,8,2,臺中市,大甲區,0,1,0,8,1,5,50,3,1,1,5,4,5,7,4,4,10,5,5,2,16,6,3,10,1,1,B12,7,5,1,8,2,5,,6,6,1,22,9,B12,120.619191,24.340357,2
2022,4,22,8,6,臺中市,東區,0,2,0,8,1,5,50,14,9,1,5,4,5,7,4,4,9,4,5,2,16,8,2,9,1,1,F03,7,5,8,20,2,16,,8,8,1,5,8,F03,120.692859,24.133425,2
2022,4,22,8,8,臺中市,南屯區,0,1,0,8,1,5,50,4,1,1,5,4,5,7,1,1,5,5,5,2,16,25,3,10,1,1,B03,7,5,1,8,2,1,,25,25,1,22,8,B03,120.60182,24.139314,2
2022,4,22,8,10,臺中市,南屯區,0,2,0,8,1,5,40,14,7,1,5,4,5,7,4,4,5,4,4,2,16,19,2,9,1,1,B12,7,1,1,7,2,1,,19,19,1,22,8,B12,120.61051,24.145199,2
2022,4,22,8,10,臺中市,北屯區,0,0,0,8,,,50,,,,,,,,,,,,,,,19,,,,,B03,,,1,,2,,,19,19,1,22,,B03,120.668496,24.178275,3
2022,4,22,8,23,臺中市,豐原區,0,1,0,8,1,5,50,14,7,1,5,4,5,7,4,4,5,5,4,2,16,26,3,10,3,4,B12,7,11,1,8,2,3,,26,26,1,22,8,B12,120.709488,24.246047,2
2022,4,22,8,25,臺中市,大里區,0,1,0,8,1,5,50,4,1,1,5,4,5,7,3,1,10,5,5,2,16,6,2,8,1,1,C03,7,9,1,10,2,12,,6,6,1,4,8,C03,120.695771,24.102444,2
2022,4,22,8,30,臺中市,大雅區,0,1,0,8,1,5,30,3,1,1,5,4,5,7,4,4,10,5,5,2,17,6,3,10,1,1,B12,7,5,1,8,2,1,,6,6,1,22,9,B12,120.644379,24.204973,2
2022,4,22,8,35,臺中市,西屯區,0,1,0,8,1,5,50,4,2,1,5,4,5,7,2,1,8,4,5,1,12,6,3,10,1,1,B03,7,6,1,8,2,5,,6,6,1,22,8,B03,120.652323,24.165993,2
2022,4,22,8,39,臺中市,太平區,0,0,0,8,,,50,,,,,,,,,,,,,,,17,,,,,B12,,,1,,2,,,17,17,1,22,,B12,120.735708,24.133478,3
2022,4,22,8,42,臺中市,后里區,0,0,0,8,1,5,50,4,1,1,5,4,5,7,1,1,10,5,5,2,12,6,,,,,B03,,,1,,2,,,6,6,1,4,,B03,120.71831,24.316156,3
2022,4,22,8,43,臺中市,大肚區,0,0,0,,,,50,,,,,,,,,,,,,,,9,,,,,B03,,,1,,2,,,9,9,1,21,,B03,120.53238,24.159037,3
2022,4,22,8,44,臺中市,北屯區,0,1,0,8,1,5,50,3,1,1,5,4,5,7,4,4,10,5,5,2,16,6,3,10,1,1,B03,7,5,1,8,2,6,,6,6,1,21,8,B03,120.720483,24.16103,2
2022,4,22,8,46,臺中市,西區,0,0,0,,,,40,,,,,,,,,,,,,,,23,,,,,C03,,,1,,1,,,23,23,1,5,,C03,120.659727,24.157289,3
2022,4,22,8,50,臺中市,清水區,0,1,0,8,1,5,40,4,1,1,5,4,5,7,1,1,1,4,1,1,16,26,2,9,1,1,C03,7,5,1,10,2,14,,26,26,1,22,8,C03,120.564558,24.271081,2
2022,4,22,8,51,臺中市,北屯區,0,1,0,8,1,5,50,4,2,1,5,4,5,7,1,1,10,5,5,2,13,23,3,10,1,1,B03,7,9,1,8,2,5,,23,23,1,22,8,B03,120.681786,24.181706,2
2022,4,22,8,51,臺中市,北屯區,0,0,0,8,,,50,,,,,,,,,,,,,,,42,,,,,B03,,,1,,1,,,42,42,1,22,,B03,120.68491,24.174548,3
2022,4,22,8,55,臺中市,西區,0,2,0,8,1,5,50,4,7,1,5,4,5,7,4,4,5,5,5,1,16,11,2,9,1,1,F01,7,11,8,20,2,15,,11,11,1,20,8,F01,120.659926,24.150993,2
2022,4,22,9,0,臺中市,太平區,0,1,0,8,1,5,50,14,9,1,5,4,5,7,4,4,5,5,5,1,17,19,3,10,3,4,B12,7,1,1,8,2,8,,19,19,1,9,8,B12,120.728366,24.114085,2
2022,4,22,9,1,臺中市,烏日區,0,1,0,8,1,5,50,3,1,1,5,4,5,7,1,1,10,5,5,2,16,9,3,10,1,1,B03,7,6,1,10,2,2,,9,9,1,2,8,B03,120.626193,24.108893,2
2022,4,22,9,2,臺中市,南屯區,0,1,0,8,1,5,50,4,2,1,5,4,5,7,1,1,10,5,5,2,17,42,2,8,4,1,F02,7,9,8,20,2,16,,42,42,1,22,9,F02,120.649841,24.148834,2
2022,4,22,9,5,臺中市,大肚區,0,0,0,,,,30,,,,,,,,,,,,,,,17,,,,,B03,,,1,,2,,,17,17,1,22,,B03,120.582285,24.121091,3
2022,4,22,9,7,臺中市,西屯區,0,1,0,8,1,5,50,4,1,1,5,4,5,7,4,4,5,4,5,2,15,6,2,3,1,1,C03,7,9,1,10,2,11,,6,6,1,22,8,C03,120.636827,24.177592,2
2022,4,22,9,17,臺中市,南屯區,0,1,0,8,1,5,50,14,9,1,5,4,5,7,4,4,1,4,5,2,13,16,2,9,1,1,C03,7,9,1,10,2,11,,16,16,1,5,1,C03,120.64634,24.138415,2
2022,4,22,9,17,臺中市,南屯區,0,0,0,8,,,50,,,,,,,,,,,,,,,16,,,,,C03,,,1,,2,,,16,16,1,4,,C03,120.64635,24.139294,3
2022,4,22,9,18,臺中市,神岡區,0,0,0,8,,,30,,,,,,,,,,,,,,,12,,,,,B11,,,1,,2,,,12,12,1,22,,B11,120.674316,24.24988,3
2022,4,22,9,20,臺中市,大雅區,0,1,0,8,1,5,50,4,1,1,5,4,5,7,1,1,9,4,4,1,17,25,3,10,1,1,C03,7,9,1,10,2,12,,25,25,1,22,9,C03,120.645263,24.225553,2
2022,4,22,9,32,臺中市,北屯區,0,0,0,8,,,50,,,,,,,,,,,,,,,16,,,,,A12,,,1,,2,,,16,16,1,5,,A12,120.689796,24.200931,3
2022,4,22,9,35,臺中市,西區,0,1,0,8,1,5,40,14,8,1,5,4,5,7,4,4,1,4,1,2,18,42,2,9,1,1,C03,7,9,1,10,2,14,,42,42,1,18,7,C03,120.661198,24.155876,2
2022,4,22,9,43,臺中市,南區,0,1,0,8,1,5,50,4,1,1,5,4,1,7,2,1,10,5,5,2,16,26,3,10,1,1,B12,7,6,1,3,2,5,,26,26,1,5,8,B12,120.676747,24.131799,2
2022,4,22,9,46,臺中市,北區,0,0,0,8,,,30,,,,,,,,,,,,,,,6,,,,,C03,,,1,,2,,,6,6,1,20,,C03,120.691013,24.14994,3
2022,4,22,9,50,臺中市,北區,0,0,0,8,,,50,,,,,,,,,,,,,,,38,,,,,B03,,,8,,10,,,38,38,1,22,,B03,120.68138,24.154309,3
2022,4,22,9,51,臺中市,大里區,0,2,0,8,1,5,50,4,1,1,5,4,5,7,1,1,10,5,5,2,15,19,2,9,1,1,C03,7,1,3,18,2,14,,19,19,1,22,8,C03,120.70189,24.08599,2
2022,4,22,9,53,臺中市,北屯區,0,1,0,8,1,5,50,5,1,1,5,4,5,7,2,1,10,5,5,2,16,26,3,10,1,1,B03,7,6,1,8,2,5,,26,26,1,18,8,B03,120.686375,24.188508,2
2022,4,22,9,55,臺中市,東勢區,0,1,0,8,1,5,60,14,8,1,5,4,5,7,4,4,5,5,4,1,12,7,3,10,1,1,B03,7,8,6,8,2,2,,7,7,2,20,8,B03,120.813215,24.280955,2
2022,4,22,9,57,臺中市,中區,0,0,0,8,,,50,,,,,,,,,,,,,,,7,,,,,C03,,,1,,1,,,7,7,1,21,,C03,120.678054,24.140699,3
2022,4,22,9,58,臺中市,潭子區,0,0,0,8,,,50,,,,,,,,,,,,,,,23,,,,,B03,,,1,,2,,,23,23,1,22,,B03,120.705863,24.218111,3
2022,4,22,9,58,臺中市,西屯區,0,1,0,8,1,5,0,14,20,1,5,4,5,7,4,4,10,5,5,2,16,6,3,10,1,1,C03,7,5,4,8,1,14,,6,6,1,22,8,C03,120.611948,24.184293,2
2022,4,22,10,1,臺中市,北屯區,0,1,0,8,1,5,50,14,9,1,5,4,5,7,2,1,3,4,5,2,18,23,3,10,1,1,C03,7,10,1,10,2,15,,7,23,1,22,9,C03,120.694642,24.165523,2
2022,4,22,10,15,臺中市,南屯區,0,1,0,8,1,5,50,14,9,1,5,4,5,7,4,4,5,4,5,2,13,7,3,10,1,1,B03,7,8,1,8,2,3,,7,7,1,22,8,B03,120.612183,24.154592,2
2022,4,22,10,17,臺中市,大肚區,0,2,0,8,1,5,30,5,9,1,5,4,5,7,2,1,10,5,5,1,12,17,2,7,1,1,C03,7,4,1,10,2,12,,17,17,1,2,8,C03,120.563042,24.123974,2
2022,4,22,10,19,臺中市,北區,0,0,0,,,,50,,,,,,,,,,,,,,,6,,,,,C03,,,1,,11,,,6,6,1,22,,C03,120.676559,24.145004,3
2022,4,22,10,20,臺中市,大里區,0,1,0,8,1,5,50,14,5,1,5,4,5,7,3,1,1,4,5,1,13,16,2,9,1,1,C03,7,9,1,9,2,11,,16,16,1,22,9,C03,120.680613,24.10735,2
2022,4,22,10,24,臺中市,南屯區,0,2,0,8,1,5,50,3,1,1,5,4,5,7,1,1,10,5,5,2,16,42,3,10,1,1,B03,7,6,1,8,2,2,,42,42,1,20,8,B03,120.64008,24.11693,2
2022,4,22,10,34,臺中市,梧棲區,0,0,0,8,,,50,,,,,,,,,,,,,,,18,,,,,B03,,,1,,2,,,18,18,1,20,,B03,120.535773,24.253839,3
2022,4,22,10,35,臺中市,大甲區,0,0,0,8,,,50,,,,,,,,,,,,,,,23,,,,,B03,,,1,,2,,,23,23,1,22,,B03,120.622159,24.344587,3
2022,4,22,10,37,臺中市,神岡區,0,1,0,8,1,5,50,5,1,1,5,4,5,7,1,1,5,4,4,2,17,23,3,10,1,1,B03,7,9,1,8,2,1,,23,23,1,12,8,B03,120.694618,24.232781,2
2022,4,22,10,38,臺中市,神岡區,0,1,0,8,1,5,50,4,1,1,5,4,5,7,3,1,10,5,5,2,15,6,2,6,1,1,B12,7,9,1,7,1,5,,6,6,1,22,9,B12,120.653058,24.27861,2
2022,4,22,10,41,臺中市,西區,0,0,0,8,,,50,,,,,,,,,,,,,,,44,,,,,B03,,,1,,1,,,44,44,1,5,,B03,120.656862,24.156441,3
2022,4,22,10,41,臺中市,豐原區,0,2,0,8,1,5,30,14,9,1,5,4,5,7,4,4,10,5,5,2,10,23,2,9,1,1,C04,7,9,1,11,2,11,,23,23,1,20,8,C04,120.728153,24.2423,2
2022,4,22,10,45,臺中市,大雅區,0,1,0,8,1,5,50,3,1,1,5,4,5,7,1,1,10,4,5,1,17,7,2,9,1,1,C03,7,7,1,10,2,13,,7,7,1,22,9,C03,120.657699,24.230953,2
2022,4,22,10,45,臺中市,清水區,0,1,0,8,1,5,50,4,1,1,5,4,5,7,3,1,10,5,5,2,15,6,3,10,1,1,B03,7,9,1,8,2,5,,6,6,1,5,5,B03,120.575183,24.2719,2
2022,4,22,10,46,臺中市,南屯區,0,0,0,8,,,60,,,,,,,,,,,,,,,17,,,,,B03,,,1,,2,,,17,17,1,22,,B03,120.622993,24.14055,3
2022,4,22,10,46,臺中市,西屯區,0,0,0,8,,,50,,,,,,,,,,,,,,,16,,,,,C03,,,1,,1,,,16,16,1,22,,C03,120.646132,24.171551,3
2022,4,22,10,48,臺中市,西區,0,2,0,8,1,5,50,4,1,1,5,4,5,7,2,1,10,5,5,2,16,42,2,9,1,1,C03,7,15,1,10,2,14,,42,42,1,5,5,C03,120.663096,24.146699,2
2022,4,22,10,49,臺中市,西屯區,0,0,0,8,,,50,,,,,,,,,,,,,,,12,,,,,A11,,,1,,1,,,12,12,1,22,,A11,120.636144,24.175369,3
2022,4,22,11,9,臺中市,霧峰區,0,1,0,8,1,5,50,3,1,1,5,4,5,7,4,4,10,5,5,2,16,6,3,10,3,4,B12,7,5,1,8,2,1,,6,6,1,12,8,B12,120.67026,24.041952,2
2022,4,22,11,17,臺中市,豐原區,0,0,0,8,,,50,,,,,,,,,,,,,,,12,,,,,B03,,,1,,2,,,12,12,1,4,,B03,120.714461,24.251416,3
2022,4,22,11,20,臺中市,南屯區,0,0,0,8,,,50,,,,,,,,,,,,,,,1,,,,,B12,,,1,,1,,,1,1,1,21,,B12,120.614472,24.153453,3
2022,4,22,11,22,臺中市,中區,0,0,0,8,,,50,,,,,,,,,,,,,,,23,,,,,B03,,,1,,2,,,23,23,1,21,,B03,120.680093,24.145467,4
2022,4,22,11,25,臺中市,南屯區,0,0,0,,,,50,,,,,,,,,,,,,,,6,,,,,B03,,,1,,1,,,6,6,1,4,,B03,120.647803,24.147741,3
2022,4,22,11,40,臺中市,東勢區,0,0,0,8,,,50,,,,,,,,,,,,,,,6,,,,,B03,,,1,,2,,,6,6,1,5,,B03,120.831408,24.246836,3
2022,4,22,11,45,臺中市,豐原區,0,1,0,8,1,5,50,5,1,1,5,4,5,7,2,1,5,5,4,2,16,26,3,10,1,1,B03,7,5,1,8,2,5,,26,26,1,19,8,B03,120.707269,24.244169,2