年,月,日,時,分,縣市,區,死,受傷,2-30,天候,光線,道路類別,速限,道路型態,事故位置,路面鋪裝,路面狀態,路面缺陷,障礙物,視距,號誌種類,號誌動作,分向設施,快車道或一般車道間,快慢車道間,路面邊線,事故類型及型態,主要肇因,受傷程度,主要傷處,保護裝備,行動電話,當事者區分,車輛用途,當事者行動狀態,駕駛資格情形,駕駛執照種類,飲酒情形,車輛撞擊部位最初,車輛撞擊部位其他,肇事因素個別,肇事因素主要,肇事逃逸,職業,旅次目的,車種,GPS緯度,GPS經度,事故類別
2022,4,25,6,34,臺中市,太平區,0,1,0,8,1,5,50,14,7,1,5,4,5,7,4,4,5,5,4,1,3,51,2,9,4,5,H01,8,16,8,20,10,16,,51,51,1,22,8,H01,120.730277,24.150277,2
2022,4,25,6,41,臺中市,神岡區,0,2,0,8,1,5,30,3,1,1,5,4,5,7,4,4,10,5,5,2,17,6,2,9,3,4,C03,7,5,1,10,2,11,,6,6,1,22,9,C03,120.690571,24.25301,2
2022,4,25,6,50,臺中市,烏日區,0,2,0,8,1,5,70,3,1,1,5,4,5,7,2,1,1,4,4,1,15,25,2,9,1,1,C03,7,9,1,10,1,14,,25,25,1,21,8,C03,120.611197,24.10757,2
2022,4,25,6,55,臺中市,南區,0,2,0,8,3,5,40,7,8,1,5,4,5,7,4,4,1,2,3,2,12,13,2,9,1,1,C03,7,4,1,10,2,12,,13,13,1,16,8,C03,120.671034,24.119158,2
2022,4,25,6,55,臺中市,烏日區,0,1,0,8,1,5,40,10,8,1,5,4,5,7,4,4,1,4,4,2,20,42,2,9,1,1,C03,7,9,1,10,2,12,,42,42,1,21,8,C03,120.586459,24.111602,2
2022,4,25,6,56,臺中市,南屯區,0,0,0,8,,,40,,,,,,,,,,,,,,,23,,,,,C03,,,1,,1,,,23,23,1,22,,C03,120.614827,24.139618,3
2022,4,25,6,58,臺中市,北區,0,1,0,8,1,5,30,11,9,1,5,4,5,7,4,4,10,5,5,2,18,42,2,9,1,1,C03,7,6,1,10,8,14,,42,42,1,22,8,C03,120.687645,24.152598,2
2022,4,25,7,7,臺中市,豐原區,0,1,0,8,1,5,50,14,9,1,5,4,5,7,4,4,1,3,5,1,14,12,3,10,1,1,B03,7,2,1,8,2,3,,12,12,1,4,8,B03,120.709275,24.249608,2
2022,4,25,7,14,臺中市,北屯區,0,1,0,8,1,5,50,14,9,1,5,4,5,7,4,4,5,5,5,2,16,19,3,10,1,1,B03,7,1,1,8,2,1,,19,19,1,21,8,B03,120.676836,24.173936,2
2022,4,25,7,14,臺中市,大里區,0,0,0,8,,,40,,,,,,,,,,,,,,,19,,,,,B03,,,1,,2,,,19,19,1,3,,B03,120.703993,24.09773,3
2022,4,25,7,15,臺中市,南區,0,2,0,8,1,5,40,7,8,1,5,4,5,7,4,4,9,4,5,1,12,23,2,7,1,1,C03,7,9,1,10,2,11,12,23,23,1,5,1,C03,120.679105,24.11881,2
2022,4,25,7,19,臺中市,梧棲區,0,0,0,8,,,40,,,,,,,,,,,,,,,23,,,,,C03,,,1,,2,,,23,23,1,22,,C03,120.558469,24.25681,3
2022,4,25,7,21,臺中市,烏日區,0,0,0,8,,,50,,,,,,,,,,,,,,,7,,,,,B03,,,1,,2,,,7,7,1,21,,B03,120.58763,24.11322,3
2022,4,25,7,23,臺中市,南屯區,0,1,0,8,1,5,50,14,9,1,5,4,5,7,4,4,1,4,5,2,18,42,2,9,1,1,C03,7,7,1,10,2,15,,42,42,1,22,8,C03,120.614416,24.153713,2
2022,4,25,7,23,臺中市,梧棲區,0,1,0,8,1,5,50,4,1,1,5,4,5,7,4,4,10,5,5,2,17,6,2,9,1,1,C03,7,9,3,18,2,12,,6,6,1,22,8,C03,120.535635,24.255922,2
2022,4,25,7,25,臺中市,南區,0,0,0,8,,,50,,,,,,,,,,,,,,,12,,,,,B03,,,2,,2,,,12,12,1,22,,B03,120.668238,24.114474,3
2022,4,25,7,28,臺中市,太平區,0,0,0,,,,30,,,,,,,,,,,,,,,12,,,,,B12,,,1,,2,7,,12,12,1,22,,B12,120.71951,24.101588,3
2022,4,25,7,30,臺中市,北屯區,0,1,0,8,1,5,50,4,1,1,5,4,5,7,4,4,10,5,5,2,16,6,2,9,1,1,C03,7,9,1,10,2,12,,6,6,1,22,8,C03,120.687011,24.189506,2
2022,4,25,7,30,臺中市,龍井區,0,1,0,8,1,5,50,4,2,1,5,4,5,7,2,1,5,5,5,2,17,23,2,8,3,4,C03,7,14,1,10,2,13,,44,23,1,22,9,C03,120.584115,24.182046,2
2022,4,25,7,32,臺中市,潭子區,0,2,0,8,1,5,50,5,1,1,5,4,5,7,1,1,5,4,4,1,16,23,2,9,1,1,C03,7,5,1,10,2,14,,23,23,1,22,8,C03,120.710365,24.210461,2
2022,4,25,7,40,臺中市,北屯區,0,0,0,8,,,60,,,,,,,,,,,,,,,16,,,,,B03,,,1,,1,,,16,16,1,5,,B03,120.715311,24.163993,3
2022,4,25,7,40,臺中市,新社區,0,0,0,8,,,30,,,,,,,,,,,,,,,10,,,,,C03,,,1,,2,,,10,10,1,22,,C03,120.812608,24.1939,3
2022,4,25,7,45,臺中市,大里區,0,1,0,8,1,5,50,4,1,1,5,4,5,7,1,1,10,5,5,2,16,25,2,9,1,1,C03,7,5,1,10,2,11,,25,25,1,3,8,C03,120.715726,24.099169,2
2022,4,25,7,47,臺中市,北區,0,1,0,8,1,5,50,4,1,1,5,4,5,7,4,4,10,5,5,2,15,6,3,10,1,1,F02,7,9,8,20,2,16,,6,6,1,22,9,F02,120.678471,24.159729,2
2022,4,25,7,47,臺中市,南屯區,0,0,0,,,,50,,,,,,,,,,,,,,,23,,,,,B03,,,1,,1,,,23,23,1,22,,B03,120.613572,24.149305,3
2022,4,25,7,49,臺中市,南屯區,0,1,0,8,1,5,40,3,1,1,5,4,5,7,4,4,1,2,5,2,13,8,2,9,1,1,C03,7,5,1,10,2,13,,8,8,1,22,8,C03,120.599486,24.150913,2
2022,4,25,7,52,臺中市,西區,0,1,0,8,1,5,40,14,8,1,5,4,5,7,4,4,3,4,4,2,13,16,3,10,1,1,C03,7,9,1,10,2,11,,16,16,1,21,8,C03,120.657589,24.15302,2
2022,4,25,7,54,臺中市,南屯區,0,0,0,8,,,50,,,,,,,,,,,,,,,16,,,,,C03,,,1,,2,,,16,16,1,22,,C03,120.646781,24.154185,3
2022,4,25,7,55,臺中市,北屯區,0,1,0,8,1,5,50,14,9,1,5,4,5,7,4,4,10,5,5,2,18,23,2,9,1,1,C03,7,9,1,10,2,14,,23,23,1,22,8,C03,120.686953,24.188933,2
2022,4,25,7,59,臺中市,北區,0,2,0,8,1,5,50,3,1,1,5,4,5,7,2,1,10,5,5,2,17,19,2,8,1,1,C03,7,1,1,10,2,11,,19,19,1,22,9,C03,120.680638,24.165183,2
2022,4,25,8,0,臺中市,北區,0,1,0,8,1,5,40,14,8,1,5,4,5,7,4,4,3,4,4,2,16,23,2,9,1,1,C03,7,9,6,10,2,11,,23,23,1,22,8,C03,120.678771,24.151809,2
2022,4,25,8,0,臺中市,龍井區,0,1,0,8,1,5,50,14,8,1,5,4,5,7,4,4,1,4,4,2,12,7,2,9,2,4,F01,7,8,8,20,2,16,,7,7,1,20,8,F01,120.545808,24.191401,2
2022,4,25,8,12,臺中市,中區,0,1,0,8,1,5,50,4,1,1,5,4,5,7,1,1,10,5,5,2,15,25,3,10,1,1,B03,7,9,6,8,2,8,,25,25,1,22,9,B03,120.679547,24.142469,2
2022,4,25,8,14,臺中市,太平區,0,0,0,8,,,50,,,,,,,,,,,,,,,12,,,,,B12,,,1,,2,,,12,12,1,21,,B12,120.725578,24.141919,3
2022,4,25,8,20,臺中市,北區,0,1,0,8,1,5,50,4,1,1,5,4,5,7,2,1,10,5,5,2,3,15,3,10,1,1,B03,7,5,1,8,1,8,,15,15,1,22,9,B03,120.686662,24.16309,2
2022,4,25,8,20,臺中市,豐原區,0,0,0,8,,,60,,,,,,,,,,,,,,,12,,,,,A12,,,1,,2,,,12,12,1,21,,A12,120.715225,24.236944,3
2022,4,25,8,35,臺中市,東區,0,0,0,8,1,5,50,14,9,1,5,4,5,7,4,4,10,5,5,2,29,67,3,10,3,4,B03,7,13,1,8,1,8,,43,67,1,21,8,B03,120.707516,24.146579,3
2022,4,25,8,36,臺中市,北區,0,0,0,8,,,50,,,,,,,,,,,,,,,10,,,,,C03,,,1,,2,,,10,10,1,22,,C03,120.681016,24.160698,3
2022,4,25,8,36,臺中市,東區,0,0,0,8,,,50,,,,,,,,,,,,,,,23,,,,,C03,,,4,11,2,,,23,23,1,5,,C03,120.696775,24.133305,3
2022,4,25,8,41,臺中市,北屯區,0,3,0,8,1,5,50,5,1,1,5,4,5,7,2,1,10,5,5,2,15,23,2,8,1,1,C03,7,1,1,10,2,12,,23,23,1,22,8,C03,120.686193,24.18876,2
2022,4,25,8,41,臺中市,北屯區,0,1,0,8,1,5,50,4,1,1,5,4,5,7,4,4,10,5,5,2,15,6,3,10,1,1,B03,7,9,1,8,2,2,,6,6,1,21,8,B03,120.715878,24.170899,2
2022,4,25,8,48,臺中市,南區,0,0,0,8,,,50,,,,,,,,,,,,,,,23,,,,,C03,,,1,,1,,,23,23,1,5,,C03,120.679381,24.123518,3
2022,4,25,8,52,臺中市,豐原區,0,0,0,8,,,30,,,,,,,,,,,,,,,6,,,,,B03,,,1,,2,,,6,6,1,22,,B03,120.742013,24.257376,3
2022,4,25,8,54,臺中市,西區,0,2,0,8,1,5,50,14,9,1,5,4,5,7,4,4,10,5,5,2,16,19,2,9,1,1,C03,7,1,1,10,1,15,,19,19,1,22,9,C03,120.672834,24.146365,2
2022,4,25,8,58,臺中市,西區,0,2,0,8,1,5,50,14,9,1,5,4,5,7,4,4,9,5,5,2,13,16,2,9,1,1,C03,7,9,1,10,2,11,,16,16,1,21,8,C03,120.661829,24.132656,2
2022,4,25,9,0,臺中市,北區,0,0,0,8,,,50,,,,,,,,,,,,,,,23,,,,,A12,,,1,,2,,,23,23,1,10,,A12,120.673889,24.17383,3
2022,4,25,9,4,臺中市,東區,0,0,0,8,,,50,,,,,,,,,,,,,,,23,,,,,B03,,,1,,2,,,23,23,1,22,,B03,120.696954,24.142755,3
2022,4,25,9,10,臺中市,南屯區,0,1,0,8,1,5,50,14,9,1,5,4,5,7,4,4,5,4,5,2,13,16,2,9,1,1,C03,7,9,1,10,2,11,,16,16,1,22,8,C03,120.646513,24.131697,2
2022,4,25,9,11,臺中市,太平區,0,1,0,8,1,5,50,14,9,1,5,4,5,7,4,4,5,5,5,1,13,16,3,10,1,1,C03,7,9,1,10,2,11,,16,16,1,19,5,C03,120.725248,24.131916,2
2022,4,25,9,15,臺中市,南區,0,0,0,8,,,50,,,,,,,,,,,,,,,23,,,,,A12,,,1,3,2,,,23,23,1,5,,A12,120.648496,24.122848,3
2022,4,25,9,15,臺中市,梧棲區,0,1,0,8,1,5,60,4,1,1,5,4,5,7,1,1,10,5,5,2,16,25,3,10,1,1,B03,7,9,1,8,2,1,,25,25,1,5,8,B03,120.534861,24.246301,2
2022,4,25,9,17,臺中市,北屯區,0,0,0,8,,,50,,,,,,,,,,,,,,,16,,,,,B03,,,1,,1,,,16,16,1,22,,B03,120.685985,24.175781,3
2022,4,25,9,18,臺中市,東區,0,1,0,8,1,5,50,5,1,1,5,4,5,7,1,1,10,5,5,2,17,25,3,10,1,1,C03,7,9,3,18,2,13,,25,25,1,22,8,C03,120.691315,24.133514,2
2022,4,25,9,20,臺中市,豐原區,0,0,0,8,,,50,,,,,,,,,,,,,,,44,,,,,B12,,,1,,2,,,44,44,1,22,,B12,120.731247,24.24985,3
2022,4,25,9,25,臺中市,清水區,0,0,0,8,,,50,,,,,,,,,,,,,,,10,,,,,B03,,,1,,2,,,10,10,1,5,,B03,120.558803,24.274625,3
2022,4,25,9,31,臺中市,北區,0,0,0,8,,,50,,,,,,,,,,,,,,,26,,,,,B03,,,1,,2,,,26,26,1,22,,B03,120.681405,24.144293,3
2022,4,25,9,34,臺中市,北屯區,0,1,0,8,1,5,50,4,1,1,5,4,5,7,2,1,10,5,5,2,12,19,3,10,1,1,B03,7,1,1,8,2,8,,19,19,1,5,8,B03,120.699908,24.16472,2
2022,4,25,9,40,臺中市,北屯區,0,1,0,8,1,5,50,4,2,1,5,4,5,7,2,1,5,5,4,2,18,23,2,9,1,1,C03,7,9,1,10,2,14,,23,23,1,21,8,C03,120.711057,24.180109,2
2022,4,25,9,43,臺中市,西屯區,0,0,0,8,,,30,,,,,,,,,,,,,,,12,,,,,B11,,,1,,1,,,12,12,1,22,,B11,120.635087,24.170717,3
2022,4,25,9,48,臺中市,東區,0,1,0,8,1,5,50,4,1,1,5,4,5,7,1,1,9,4,5,2,12,23,3,10,1,1,B03,7,9,1,8,2,1,,23,23,1,5,1,B03,120.696716,24.133238,2
2022,4,25,9,48,臺中市,神岡區,0,0,0,8,,,50,,,,,,,,,,,,,,,16,,,,,B03,,,1,,1,,,16,16,1,22,,B03,120.685927,24.24671,3
2022,4,25,9,49,臺中市,西區,0,0,0,8,,,50,,,,,,,,,,,,,,,23,,,,,B03,,,1,,2,,,23,23,1,22,,B03,120.671257,24.134417,3
2022,4,25,9,51,臺中市,西區,0,2,0,8,1,5,40,14,8,1,5,4,5,7,4,4,5,4,4,2,13,23,2,9,1,1,C03,7,9,1,10,2,11,,23,23,1,22,8,C03,120.673318,24.135395,2
2022,4,25,9,51,臺中市,東區,0,1,0,8,1,5,50,4,1,1,5,4,5,7,1,1,10,5,5,2,16,8,2,9,1,1,C03,7,5,1,10,2,14,,8,8,1,22,8,C03,120.689027,24.134084,2
2022,4,25,9,52,臺中市,霧峰區,0,0,0,8,,,30,,,,,,,,,,,,,,,23,,,,,B12,,,1,,2,,,23,23,1,22,,B12,120.653221,24.072039,3
2022,4,25,9,52,臺中市,豐原區,0,1,0,8,1,5,30,13,9,1,5,4,5,7,4,4,10,5,5,2,18,42,2,9,1,1,C03,7,9,3,18,2,11,,42,42,1,20,5,C03,120.709938,24.243502,2
2022,4,25,10,5,臺中市,清水區,0,0,0,8,,,0,,,,,,,,,,,,,,,12,,,,,B12,,,1,,2,,,12,12,1,5,,B12,120.55851,24.273719,3
2022,4,25,10,9,臺中市,南區,0,0,0,8,,,30,,,,,,,,,,,,,,,12,,,,,C03,,,1,10,2,,,23,12,1,5,,C03,120.648666,24.112895,3
2022,4,25,10,9,臺中市,南屯區,0,0,0,8,,,50,,,,,,,,,,,,,,,16,,,,,A12,,,1,,2,,,16,16,1,10,,A12,120.623497,24.149515,4
2022,4,25,10,10,臺中市,大里區,0,0,0,8,,,30,,,,,,,,,,,,,,,12,,,,,B03,,,1,,2,,,12,12,1,3,,B03,120.707039,24.085267,3
2022,4,25,10,10,臺中市,清水區,0,0,0,8,,,70,,,,,,,,,,,,,,,7,,,,,B03,,,1,,2,,,7,7,1,22,,B03,120.586681,24.289975,3
2022,4,25,10,16,臺中市,霧峰區,0,0,0,8,,,30,,,,,,,,,,,,,,,16,,,,,C03,,,1,,2,,,16,16,1,3,,C03,120.715614,24.073502,3
2022,4,25,10,17,臺中市,大里區,0,1,0,8,1,5,30,14,9,1,5,4,5,7,4,4,10,5,5,2,16,19,3,10,1,1,B03,7,1,1,8,2,1,,19,19,1,22,9,B03,120.705934,24.096113,2
2022,4,25,10,22,臺中市,中區,0,1,0,8,1,5,50,4,1,1,5,4,5,7,2,1,10,5,5,2,16,26,3,10,1,1,B03,7,6,1,8,2,5,,26,26,1,22,9,B03,120.682211,24.140111,2
2022,4,25,10,24,臺中市,太平區,0,1,0,8,1,5,50,4,1,1,5,4,5,7,1,1,10,5,5,2,15,25,2,9,1,1,C03,7,9,1,10,2,11,,25,25,1,21,8,C03,120.712369,24.13379,2
2022,4,25,10,25,臺中市,東區,0,0,0,8,,,50,,,,,,,,,,,,,,,23,,,,,B03,,,1,,2,,,23,23,1,5,,B03,120.705728,24.139928,3
2022,4,25,10,34,臺中市,豐原區,0,0,0,8,,,60,,,,,,,,,,,,,,,23,,,,,A12,,,1,,1,,,23,23,1,21,,A12,120.721705,24.236665,3
2022,4,25,10,41,臺中市,西區,0,2,0,8,1,5,50,3,1,1,5,4,5,7,1,1,10,5,5,2,16,26,2,6,1,1,C03,7,8,1,10,2,12,,26,26,1,21,8,C03,120.678339,24.139285,2
2022,4,25,10,45,臺中市,豐原區,0,0,0,8,,,50,,,,,,,,,,,,,,,19,,,,,C03,,,1,,2,,,19,19,1,22,,C03,120.713023,24.251856,3
2022,4,25,10,49,臺中市,南屯區,0,0,0,8,,,50,,,,,,,,,,,,,,,17,,,,,B03,,,1,,2,,,17,17,1,19,,B03,120.649901,24.148254,3
2022,4,25,10,52,臺中市,西區,0,1,0,8,1,5,50,4,1,1,5,4,5,7,1,1,10,5,5,2,17,25,2,8,1,1,C03,7,6,3,18,2,14,,25,25,1,22,9,C03,120.655144,24.146707,2
2022,4,25,10,52,臺中市,大里區,0,0,0,8,,,50,,,,,,,,,,,,,,,12,,,,,B12,,,1,,2,,,12,12,1,22,,B12,120.697076,24.083482,3
2022,4,25,10,53,臺中市,西區,0,1,0,8,1,5,50,4,18,1,5,4,5,7,1,1,10,5,5,2,3,15,3,10,1,1,B03,7,5,1,8,2,8,,15,15,1,22,8,B03,120.660201,24.135133,2
2022,4,25,10,54,臺中市,豐原區,0,0,0,,,,50,,,,,,,,,,,,,,,23,,,,,B03,,,1,,2,,,23,23,1,22,,B03,120.726486,24.277113,3
2022,4,25,11,0,臺中市,梧棲區,0,0,0,8,,,50,,,,,,,,,,,,,,,6,,,,,B12,,,1,,1,,,6,6,1,10,,B12,120.517336,24.226111,3
2022,4,25,11,4,臺中市,太平區,0,0,0,8,,,50,,,,,,,,,,,,,,,17,,,,,B12,,,1,,2,,,17,17,1,22,,B12,120.726294,24.141783,3
2022,4,25,11,5,臺中市,豐原區,0,1,0,8,1,5,60,4,1,1,5,4,5,7,1,1,10,5,5,2,5,25,3,10,1,1,B03,7,6,1,8,2,1,,25,25,1,20,8,B03,120.728921,24.276518,2
2022,4,25,11,7,臺中市,梧棲區,0,1,0,8,1,5,50,4,1,1,5,4,5,7,1,1,10,5,5,2,16,43,2,8,1,1,C03,7,9,1,10,2,11,,43,43,1,20,8,C03,120.549847,24.241553,2
2022,4,25,11,10,臺中市,大雅區,0,2,0,8,1,5,50,4,1,1,5,4,5,7,1,1,10,4,5,1,15,25,2,9,1,1,C03,7,9,1,10,2,12,,25,25,1,22,9,C03,120.629044,24.206074,2
2022,4,25,11,12,臺中市,北屯區,0,1,0,8,1,5,50,4,1,1,5,4,5,7,4,4,10,5,5,2,15,6,3,10,1,1,B03,7,9,1,8,2,2,,6,6,1,21,8,B03,120.702685,24.174647,2
2022,4,25,11,12,臺中市,大里區,0,1,0,8,1,5,50,14,9,1,5,4,5,7,1,1,5,5,4,1,17,19,2,5,1,1,C03,7,1,1,10,2,14,,19,19,1,22,8,C03,120.686185,24.1105,2
2022,4,25,11,15,臺中市,神岡區,0,0,0,8,,,30,,,,,,,,,,,,,,,23,,,,,B03,,,1,,2,,,23,23,1,21,,B03,120.69394,24.236566,3
2022,4,25,11,17,臺中市,南屯區,0,2,0,8,1,5,50,14,9,1,5,4,5,7,4,4,9,5,5,2,17,6,2,9,1,1,C04,7,5,1,10,2,14,,6,6,1,22,8,C04,120.609843,24.140111,2
2022,4,25,11,17,臺中市,太平區,0,1,0,8,1,5,50,14,7,1,5,4,5,7,4,4,5,4,4,1,13,23,3,10,1,1,B12,7,9,1,1,2,1,,23,23,1,22,8,B12,120.704265,24.155304,2
2022,4,25,11,18,臺中市,南屯區,0,0,0,8,,,50,,,,,,,,,,,,,,,37,,,,,C03,,,1,,2,,,37,37,1,4,,C03,120.653025,24.138904,3
2022,4,25,11,19,臺中市,烏日區,0,1,0,8,1,5,70,4,2,1,5,4,5,7,2,1,1,4,1,2,13,16,3,10,1,1,A11,7,9,1,3,2,1,,16,16,1,10,1,A11,120.614085,24.106776,2
2022,4,25,11,19,臺中市,神岡區,0,1,0,8,1,5,60,3,1,1,5,4,5,7,1,1,1,4,4,1,16,25,3,10,1,1,A31,7,5,1,1,2,6,,25,25,1,22,8,A31,120.674204,24.282454,2
2022,4,25,11,20,臺中市,后里區,0,0,0,8,,,30,,,,,,,,,,,,,,,43,,,,,B03,,,7,,1,,,43,43,1,22,,B03,120.726312,24.308177,3
2022,4,25,11,21,臺中市,龍井區,0,1,0,8,1,5,70,4,1,1,5,4,1,7,2,1,10,5,5,2,17,7,2,9,3,4,C03,7,7,1,10,2,13,,7,7,1,20,9,C03,120.54244,24.218786,2
2022,4,25,11,22,臺中市,南區,0,0,0,8,,,50,,,,,,,,,,,,,,,26,,,,,B03,,,1,,2,,,26,26,1,22,,B03,120.668511,24.129407,3
2022,4,25,11,30,臺中市,梧棲區,0,0,0,8,,,50,,,,,,,,,,,,,,,9,,,,,A41,,,1,,11,,,9,9,1,21,,A41,120.530172,24.250119,3
2022,4,25,11,30,臺中市,神岡區,0,0,0,8,,,50,,,,,,,,,,,,,,,43,,,,,,,,,,,,,43,43,1,,,,120.661411,24.25907,3
2022,4,25,11,31,臺中市,北屯區,0,0,0,8,,,40,,,,,,,,,,,,,,,16,,,,,B03,,,1,,1,,,16,16,1,22,,B03,120.722533,24.187728,3
2022,4,25,11,35,臺中市,南屯區,0,0,0,8,,,40,,,,,,,,,,,,,,,42,,,,,B03,,,1,,2,,,42,42,1,22,,B03,120.623724,24.149188,3
2022,4,25,11,35,臺中市,沙鹿區,0,1,0,8,1,5,50,4,1,1,5,4,5,7,2,1,10,5,5,2,16,10,3,10,1,1,B03,7,11,1,8,2,2,,10,10,1,20,5,B03,120.561619,24.243507,2
2022,4,25,11,50,臺中市,南屯區,0,0,0,,,,50,,,,,,,,,,,,,,,12,,,,,B03,,,1,,2,,,12,12,1,22,,B03,120.647309,24.150644,3
2022,4,25,11,56,臺中市,西區,0,0,0,8,,,50,,,,,,,,,,,,,,,16,,,,,B03,,,1,8,2,,,16,16,1,5,,B03,120.672782,24.14838,3
2022,4,25,11,57,臺中市,西屯區,0,1,0,8,1,5,50,14,8,1,5,4,5,7,1,1,9,4,4,2,16,43,2,8,1,1,C03,7,5,3,18,11,12,,43,43,1,22,8,C03,120.64569,24.172285,2
2022,4,25,12,0,臺中市,北區,0,0,0,8,,,50,,,,,,,,,,,,,,,23,,,,,B03,,,1,,2,,,23,23,1,22,,B03,120.678916,24.157257,3
2022,4,25,12,9,臺中市,北區,0,1,0,8,1,5,50,4,2,1,5,4,5,7,2,1,5,5,5,2,16,6,3,10,1,1,B01,7,6,1,1,2,1,,6,6,1,22,8,B01,120.671861,24.171433,2
2022,4,25,12,16,臺中市,霧峰區,0,0,0,8,,,40,,,,,,,,,,,,,,,23,,,,,B03,,,1,,2,,,23,23,1,3,,B03,120.672845,24.059451,3
2022,4,25,12,26,臺中市,龍井區,0,1,0,8,1,5,50,4,2,1,5,4,5,7,2,1,5,5,5,1,17,23,2,9,3,4,C03,7,6,1,10,2,11,,23,23,1,22,9,C03,120.584076,24.181995,2
2022,4,25,12,28,臺中市,北屯區,0,0,0,8,,,50,,,,,,,,,,,,,,,23,,,,,B12,,,1,,1,,,23,23,1,22,,B12,120.707017,24.191652,3
2022,4,25,12,30,臺中市,神岡區,0,0,0,8,,,30,,,,,,,,,,,,,,,12,,,,,B12,,,1,,2,,,12,12,1,22,,B12,120.68717,24.245765,3
2022,4,25,12,32,臺中市,西屯區,0,0,0,8,,,50,,,,,,,,,,,,,,,23,,,,,B03,,,1,,1,,,23,23,1,21,,B03,120.651792,24.206518,3
2022,4,25,12,35,臺中市,北屯區,0,0,0,8,,,50,,,,,,,,,,,,,,,7,,,,,B12,,,1,,1,,,23,43,1,21,,B12,120.696069,24.164806,3
2022,4,25,12,35,臺中市,后里區,0,0,0,8,,,50,,,,,,,,,,,,,,,44,,,,,B03,,,1,,2,,,44,44,1,22,,B03,120.696572,24.314522,3
2022,4,25,12,38,臺中市,北屯區,0,1,0,8,1,5,50,3,1,1,5,4,5,7,4,4,10,5,5,2,16,6,3,10,1,1,B03,7,6,1,8,2,2,,6,6,1,22,8,B03,120.658626,24.190285,2
2022,4,25,12,39,臺中市,西區,0,1,0,8,1,5,50,4,1,1,5,4,5,7,1,1,10,5,5,2,16,9,3,10,1,1,B03,7,6,1,8,2,6,,9,9,1,22,9,B03,120.665768,24.13927,2
2022,4,25,12,39,臺中市,大安區,0,2,0,8,1,5,60,5,1,1,5,4,5,7,1,1,10,5,5,2,16,6,3,10,1,1,A42,7,5,1,5,2,5,,6,6,1,22,9,A42,120.593328,24.384919,2
2022,4,25,12,49,臺中市,豐原區,0,1,0,8,1,5,50,4,1,1,5,4,5,7,1,1,10,5,5,2,16,26,3,10,1,1,B03,7,6,1,8,2,6,,26,26,1,22,8,B03,120.72709,24.23837,2
2022,4,25,12,50,臺中市,西區,0,1,0,8,1,5,50,3,18,1,5,4,5,7,1,1,10,5,5,2,3,15,3,10,1,1,C03,7,9,1,10,2,11,,15,15,1,22,8,C03,120.672561,24.137444,2
2022,4,25,12,50,臺中市,大里區,0,1,0,8,1,5,50,14,13,1,5,4,5,7,4,4,5,5,5,1,17,23,2,8,1,1,C03,7,9,1,10,2,11,,23,23,1,22,8,C03,120.68646,24.108006,2
2022,4,25,12,55,臺中市,大里區,0,1,0,8,1,5,50,4,1,1,5,4,5,7,1,1,10,5,5,1,16,6,3,10,1,1,C03,7,6,1,10,2,13,,6,6,1,22,9,C03,120.695624,24.096555,2
2022,4,25,12,56,臺中市,南屯區,0,0,0,8,,,40,,,,,,,,,,,,,,,19,,,,,B03,,,1,,1,,,19,19,1,4,,B03,120.61181,24.14869,3
2022,4,25,12,56,臺中市,龍井區,0,2,0,8,1,5,50,3,1,1,5,4,5,7,4,4,10,5,5,2,17,8,2,7,1,1,C03,7,5,1,10,2,12,,8,8,1,19,7,C03,120.548063,24.203028,2
2022,4,25,13,4,臺中市,大里區,0,2,0,8,1,5,30,4,9,1,5,4,5,7,4,4,10,5,5,2,16,6,2,9,1,1,C03,7,9,1,10,2,11,,6,6,1,3,8,C03,120.695461,24.07902,2
2022,4,25,13,5,臺中市,南區,0,2,0,8,1,5,50,4,1,1,5,4,5,7,4,4,10,5,5,2,16,6,2,8,1,1,C03,7,5,1,10,2,14,,6,6,1,22,8,C03,120.671769,24.116737,2
2022,4,25,13,6,臺中市,太平區,0,0,0,8,,,50,,,,,,,,,,,,,,,23,,,,,B12,,,1,,1,,,23,23,1,21,,B12,120.713892,24.1044,4
2022,4,25,13,10,臺中市,大安區,0,0,0,,,,50,,,,,,,,,,,,,,,22,,,,,B12,,,1,,2,,,22,22,1,9,,B12,120.604107,24.379639,3
2022,4,25,13,15,臺中市,大甲區,0,0,0,8,,,50,,,,,,,,,,,,,,,60,,,,,B03,,,1,,2,,,60,60,1,22,,B03,120.627559,24.351093,3
2022,4,25,13,28,臺中市,神岡區,0,0,0,8,,,50,,,,,,,,,,,,,,,10,,,,,B03,,,1,,1,,,10,10,1,21,,B03,120.654498,24.258623,3
2022,4,25,13,33,臺中市,南屯區,0,0,0,8,,,40,,,,,,,,,,,,,,,12,,,,,B12,,,1,8,1,,,12,12,1,12,,B12,120.633238,24.138945,3
2022,4,25,13,34,臺中市,西區,0,1,0,8,1,5,50,4,1,1,5,4,5,7,4,4,10,5,5,2,15,6,2,9,1,1,C03,7,9,1,10,2,12,,6,6,1,5,8,C03,120.66795,24.134703,2