年,月,日,時,分,縣市,區,死,受傷,2-30,天候,光線,道路類別,速限,道路型態,事故位置,路面鋪裝,路面狀態,路面缺陷,障礙物,視距,號誌種類,號誌動作,分向設施,快車道或一般車道間,快慢車道間,路面邊線,事故類型及型態,主要肇因,受傷程度,主要傷處,保護裝備,行動電話,當事者區分,車輛用途,當事者行動狀態,駕駛資格情形,駕駛執照種類,飲酒情形,車輛撞擊部位最初,車輛撞擊部位其他,肇事因素個別,肇事因素主要,肇事逃逸,職業,旅次目的,車種,GPS緯度,GPS經度,事故類別
2022,4,25,13,34,臺中市,神岡區,0,0,0,8,,,50,,,,,,,,,,,,,,,6,,,,,C03,,,1,,2,,,6,6,1,22,,C03,120.660565,24.269827,3
2022,4,25,13,40,臺中市,北區,0,0,0,8,,,40,,,,,,,,,,,,,,,12,,,,,C03,,,1,,2,,,12,12,1,22,,C03,120.672785,24.171658,3
2022,4,25,13,47,臺中市,潭子區,0,1,0,8,1,5,60,14,8,1,5,4,5,7,4,4,1,4,4,1,17,6,3,10,1,1,B03,7,6,1,8,2,7,,6,6,1,22,8,B03,120.705152,24.210462,2
2022,4,25,13,54,臺中市,北屯區,0,0,0,8,,,50,,,,,,,,,,,,,,,42,,,,,B03,,,1,,1,,,42,42,1,5,,B03,120.698025,24.170808,3
2022,4,25,14,17,臺中市,大甲區,0,1,0,8,1,5,50,14,9,1,5,4,5,7,4,4,10,5,5,2,17,23,2,9,1,1,C03,7,9,1,10,2,12,,23,23,1,22,9,C03,120.622832,24.352976,2
2022,4,25,14,28,臺中市,東區,0,1,0,8,1,5,50,4,1,1,5,4,5,7,2,1,10,5,5,2,16,43,2,9,3,4,C03,7,9,1,10,2,14,,43,43,1,5,8,C03,120.704976,24.13103,2
2022,4,25,14,33,臺中市,清水區,0,0,0,8,1,5,70,15,7,1,5,4,5,7,4,4,1,4,3,2,12,7,3,10,1,1,A41,7,7,1,1,2,4,,7,7,1,4,1,A41,120.581002,24.301469,3
2022,4,25,14,33,臺中市,梧棲區,0,1,0,8,1,5,70,14,9,1,5,4,5,7,4,4,8,3,4,1,16,7,3,10,1,1,A41,7,8,1,8,2,5,,7,7,1,21,8,A41,120.547421,24.233878,2
2022,4,25,14,40,臺中市,大雅區,0,0,0,8,,,30,,,,,,,,,,,,,,,12,,,,,A11,,,1,,2,,,12,12,1,22,,A11,120.61972,24.22377,3
2022,4,25,14,40,臺中市,豐原區,0,1,0,8,1,5,50,3,1,1,5,4,5,7,4,4,10,5,5,2,15,6,2,9,3,4,C03,7,9,6,18,2,12,,6,6,1,22,8,C03,120.709861,24.249599,2
2022,4,25,14,41,臺中市,北區,0,1,0,8,1,5,50,14,9,1,5,4,5,7,4,4,1,4,5,2,13,16,2,8,1,1,C03,7,9,3,18,2,11,,16,16,1,22,9,C03,120.671858,24.172693,2
2022,4,25,14,48,臺中市,大里區,0,0,0,8,,,50,,,,,,,,,,,,,,,23,,,,,B03,,,1,,2,,,23,23,1,22,,B03,120.690068,24.120941,3
2022,4,25,15,0,臺中市,豐原區,0,2,0,8,1,5,30,4,2,1,5,4,5,7,4,4,10,5,5,2,15,6,2,9,1,1,C03,7,9,1,10,2,12,,6,6,1,4,8,C03,120.711713,24.244727,2
2022,4,25,15,2,臺中市,南區,0,2,0,8,1,5,50,4,7,1,5,4,5,7,1,1,3,2,4,2,17,42,3,10,1,1,C03,7,9,1,10,2,15,,42,42,1,22,8,C03,120.656736,24.11387,2
2022,4,25,15,22,臺中市,北區,0,0,0,,,,50,,,,,,,,,,,,,,,23,,,,,B03,,,1,,1,,,23,23,1,21,,B03,120.671025,24.163107,3
2022,4,25,15,22,臺中市,南區,0,1,0,8,1,5,50,14,9,1,5,4,5,7,1,1,9,4,4,2,12,19,3,10,1,1,B03,7,1,1,8,2,8,,19,19,1,1,1,B03,120.661456,24.126911,2
2022,4,25,15,30,臺中市,北屯區,0,2,0,8,1,5,40,4,9,1,5,4,5,7,4,4,10,5,5,2,16,23,2,9,1,1,C03,7,6,1,10,2,11,,23,23,1,22,8,C03,120.683727,24.173981,2
2022,4,25,15,33,臺中市,北區,0,0,0,8,,,50,,,,,,,,,,,,,,,23,,,,,B12,,,1,,2,,,23,23,1,22,,B12,120.66474,24.161292,3
2022,4,25,15,37,臺中市,烏日區,0,1,0,8,1,5,50,14,7,1,5,4,5,7,4,4,5,5,4,2,9,53,3,10,3,5,H01,8,20,8,20,2,16,,53,53,1,20,8,H01,120.625111,24.102275,2
2022,4,25,15,50,臺中市,大甲區,0,0,0,,,,50,,,,,,,,,,,,,,,67,,,,,A02,,,1,,2,,,67,67,1,4,,A02,120.627148,24.355101,3
2022,4,25,15,52,臺中市,南區,0,0,0,8,,,50,,,,,,,,,,,,,,,23,,,,,B03,,,1,,2,,,23,23,1,22,,B03,120.704946,24.137964,3
2022,4,25,15,53,臺中市,西區,0,1,0,8,1,5,50,3,1,1,5,4,5,7,1,1,10,5,5,2,16,6,3,10,1,1,B03,7,5,1,8,2,6,,6,6,1,4,5,B03,120.657698,24.154232,2
2022,4,25,15,59,臺中市,東區,0,0,0,8,,,50,,,,,,,,,,,,,,,19,,,,,B03,,,1,8,2,,,19,19,1,5,,B03,120.684675,24.133736,3
2022,4,25,16,0,臺中市,大里區,0,1,0,8,1,5,50,3,1,1,5,4,5,7,3,1,10,5,5,2,16,8,3,10,1,1,B03,7,5,1,8,2,8,,8,8,1,22,9,B03,120.676981,24.097746,2
2022,4,25,16,4,臺中市,東區,0,1,0,8,1,5,30,14,9,1,5,4,5,7,4,4,5,5,5,2,17,6,3,10,1,1,B12,7,5,1,8,2,1,,6,6,1,22,8,B12,120.699587,24.140008,2
2022,4,25,16,5,臺中市,西區,0,0,0,8,,,50,,,,,,,,,,,,,,,19,,,,,B03,,,1,,1,,,19,19,1,21,,B03,120.663107,24.137973,3
2022,4,25,16,16,臺中市,南區,0,0,0,8,,,50,,,,,,,,,,,,,,,10,,,,,B03,,,1,,2,,,10,10,1,4,,B03,120.682206,24.126411,3
2022,4,25,16,20,臺中市,北區,0,2,0,8,1,5,50,4,1,1,5,4,5,7,1,1,1,5,5,2,16,6,2,9,1,1,C03,7,5,1,10,2,11,,6,6,1,21,8,C03,120.67543,24.165469,2
2022,4,25,16,20,臺中市,南屯區,0,0,0,8,,,50,,,,,,,,,,,,,,,17,,,,,C03,,,6,18,9,,,17,17,1,12,,C03,120.646892,24.143012,3
2022,4,25,16,25,臺中市,潭子區,0,1,0,8,1,5,50,14,8,1,5,4,5,7,4,4,5,4,4,2,17,23,2,8,1,1,C03,7,9,6,18,7,12,,23,23,1,22,8,C03,120.704293,24.210065,2
2022,4,25,16,31,臺中市,大里區,0,1,0,8,1,5,50,3,1,1,5,4,5,7,4,4,5,5,4,2,16,26,3,10,1,1,A12,7,5,1,7,2,1,,26,26,1,22,8,A12,120.719007,24.097012,2
2022,4,25,16,36,臺中市,北區,0,0,0,8,,,50,,,,,,,,,,,,,,,43,,,,,B03,,,1,,2,,,43,43,1,22,,B03,120.675422,24.157522,3
2022,4,25,16,37,臺中市,和平區,0,0,0,8,1,2,30,14,9,1,5,4,5,7,4,4,10,5,5,1,12,23,3,10,1,1,B03,7,21,1,14,2,2,,23,23,1,22,6,B03,121.294697,24.313756,3
2022,4,25,16,40,臺中市,沙鹿區,0,1,0,8,1,5,50,3,1,1,5,4,5,7,4,4,10,5,5,2,16,9,3,10,1,1,B03,7,6,1,6,2,5,,9,9,1,21,8,B03,120.566994,24.238847,2
2022,4,25,16,43,臺中市,大里區,0,0,0,8,,,50,,,,,,,,,,,,,,,10,,,,,B12,,,1,,2,,,10,10,1,22,,B12,120.708345,24.111032,3
2022,4,25,16,43,臺中市,豐原區,0,0,0,8,,,30,,,,,,,,,,,,,,,12,,,,,B03,,,1,,2,,,12,12,1,21,,B03,120.723323,24.257023,3
2022,4,25,16,49,臺中市,北區,0,3,0,8,1,5,5,11,17,1,5,4,5,7,1,1,10,5,5,2,16,19,2,9,3,4,C03,7,1,1,10,2,15,,19,19,1,5,8,C03,120.674175,24.163359,2
2022,4,25,16,49,臺中市,南屯區,0,0,0,,,,50,,,,,,,,,,,,,,,23,,,,,C03,,,1,,2,,,23,23,1,21,,C03,120.646391,24.142271,3
2022,4,25,16,52,臺中市,豐原區,0,1,0,8,1,5,50,15,9,1,5,4,5,7,4,4,5,5,5,1,3,23,3,10,1,1,C03,7,9,1,10,2,11,,23,23,1,22,8,C03,120.73437,24.240067,2
2022,4,25,17,3,臺中市,豐原區,0,2,0,7,1,5,50,4,1,1,5,4,5,7,1,1,10,5,5,2,16,6,2,9,3,4,C03,7,5,1,10,2,11,,6,6,1,22,8,C03,120.709861,24.249599,2
2022,4,25,17,8,臺中市,北區,0,1,0,8,1,5,50,4,1,1,5,4,5,7,1,1,5,5,5,2,16,6,3,10,1,1,B03,7,5,1,8,2,8,,6,6,1,21,8,B03,120.675469,24.160437,2
2022,4,25,17,8,臺中市,東勢區,0,1,0,6,1,5,60,4,2,1,4,4,5,7,1,1,1,4,4,1,16,9,3,10,1,1,B12,7,6,1,8,2,2,,9,9,1,5,8,B12,120.837984,24.226081,2
2022,4,25,17,13,臺中市,大里區,0,2,0,8,1,5,30,4,1,1,5,4,5,7,4,4,10,5,5,2,16,6,2,9,1,1,C03,7,6,3,18,2,11,,6,6,1,22,8,C03,120.701292,24.088112,2
2022,4,25,17,13,臺中市,大甲區,0,1,0,8,1,5,50,3,2,1,5,4,5,7,4,4,10,5,5,1,17,42,2,9,1,1,C03,7,9,1,10,2,11,14,42,42,1,21,8,C03,120.65222,24.37614,2
2022,4,25,17,15,臺中市,大里區,0,1,0,8,1,5,50,3,2,1,5,4,5,7,4,4,5,4,4,2,17,23,2,9,1,1,C03,7,9,1,10,2,11,,23,23,1,21,1,C03,120.698432,24.105759,2
2022,4,25,17,17,臺中市,西區,0,0,0,8,,,40,,,,,,,,,,,,,,,16,,,,,A04,,,1,,1,,,16,16,1,5,,A04,120.664043,24.154839,4
2022,4,25,17,18,臺中市,西區,0,0,0,8,,,50,,,,,,,,,,,,,,,23,,,,,B03,,,1,,1,,,23,23,1,21,,B03,120.66636,24.140798,4
2022,4,25,17,20,臺中市,北區,0,0,0,8,,,50,,,,,,,,,,,,,,,23,,,,,C03,,,1,,1,,,23,23,1,22,,C03,120.663677,24.162339,3
2022,4,25,17,23,臺中市,北屯區,0,1,0,7,2,5,50,3,1,1,5,4,5,7,4,4,10,5,5,2,16,23,3,10,1,1,B03,7,6,1,8,2,5,,23,23,1,21,8,B03,120.700354,24.169328,2
2022,4,25,17,24,臺中市,大肚區,0,0,0,,,,50,,,,,,,,,,,,,,,6,,,,,C03,,,1,,2,,,6,6,1,22,,C03,120.582126,24.168315,3
2022,4,25,17,27,臺中市,大里區,0,0,0,8,,,50,,,,,,,,,,,,,,,23,,,,,C03,,,1,,2,,,23,23,1,22,,C03,120.698658,24.095536,3
2022,4,25,17,30,臺中市,龍井區,0,0,0,8,,,30,,,,,,,,,,,,,,,6,,,,,C03,,,1,,2,,,6,6,1,22,,C03,120.596903,24.188618,3
2022,4,25,17,32,臺中市,北屯區,0,0,0,6,,,50,,,,,,,,,,,,,,,23,,,,,B12,,,1,,11,,,23,23,1,21,,B12,120.701078,24.169636,3
2022,4,25,17,32,臺中市,北屯區,0,0,0,8,,,40,,,,,,,,,,,,,,,23,,,,,B03,,,1,,2,,,23,23,1,4,,B03,120.6957,24.1743,3
2022,4,25,17,33,臺中市,霧峰區,0,0,0,8,,,50,,,,,,,,,,,,,,,12,,,,,B12,,,1,,2,,,12,12,1,22,,B12,120.699243,24.069713,3
2022,4,25,17,37,臺中市,北區,0,0,0,,,,50,,,,,,,,,,,,,,,38,,,,,B03,,,1,,2,,,38,38,1,5,,B03,120.671682,24.166746,3
2022,4,25,17,37,臺中市,烏日區,0,3,0,8,1,5,50,4,1,1,5,4,5,7,2,1,10,5,5,2,15,25,2,9,1,1,C03,7,9,3,18,2,11,,25,25,1,20,8,C03,120.624476,24.104178,2
2022,4,25,17,39,臺中市,豐原區,0,0,0,8,,,50,,,,,,,,,,,,,,,17,,,,,C03,,,1,,11,,,44,17,1,22,,C03,120.704528,24.245045,3
2022,4,25,17,40,臺中市,神岡區,0,0,0,8,,,30,,,,,,,,,,,,,,,12,,,,,B02,,,1,,1,,,12,12,1,21,,B02,120.688211,24.240146,3
2022,4,25,17,41,臺中市,南區,0,0,0,,,,50,,,,,,,,,,,,,,,43,,,,,B03,,,1,,2,,,43,43,1,21,,B03,120.657882,24.11706,3
2022,4,25,17,41,臺中市,沙鹿區,0,1,0,8,1,5,30,4,1,1,5,4,5,7,4,4,10,5,5,2,15,6,2,9,1,1,C03,7,9,1,10,2,11,,6,6,1,22,8,C03,120.568689,24.230564,2
2022,4,25,17,42,臺中市,南屯區,0,1,0,8,1,5,40,4,2,1,4,4,5,7,2,1,1,4,1,2,18,13,2,9,1,1,C03,7,7,1,10,2,14,,13,13,1,22,8,C03,120.623241,24.137107,2
2022,4,25,17,44,臺中市,霧峰區,0,1,0,8,2,5,50,3,1,1,5,4,5,7,4,4,10,5,5,2,16,10,2,8,1,1,C03,7,11,1,10,2,11,,10,10,1,18,8,C03,120.699121,24.068651,2
2022,4,25,17,48,臺中市,北區,0,0,0,,,,50,,,,,,,,,,,,,,,7,,,,,B03,,,1,,1,,,7,7,1,21,,B03,120.670721,24.166998,3
2022,4,25,17,48,臺中市,霧峰區,0,0,0,8,,,50,,,,,,,,,,,,,,,23,,,,,B03,,,1,,2,,,23,23,1,22,,B03,120.678169,24.073465,3
2022,4,25,17,49,臺中市,南屯區,0,0,0,6,1,5,50,4,1,1,4,4,5,7,1,1,5,4,4,2,16,6,,,,,B03,,,1,,1,,,6,6,1,22,,B03,120.636205,24.146723,3
2022,4,25,17,49,臺中市,南屯區,0,1,0,8,1,5,50,14,9,5,4,4,5,7,4,4,10,5,5,2,16,10,3,10,3,4,C03,7,11,1,10,2,12,,10,10,1,12,8,C03,120.643255,24.138454,2
2022,4,25,17,50,臺中市,豐原區,0,1,0,8,2,5,30,7,9,1,5,4,5,7,4,4,10,5,5,1,13,23,2,9,1,1,C03,7,9,1,10,2,11,,23,23,1,21,8,C03,120.710415,24.237047,2
2022,4,25,17,51,臺中市,南區,0,1,0,7,1,5,50,14,9,1,5,4,5,7,4,4,5,5,5,2,16,6,3,10,1,1,B03,7,5,1,8,2,1,,6,6,1,21,8,B03,120.669432,24.1127,2
2022,4,25,17,51,臺中市,南屯區,0,4,0,8,1,5,50,4,1,1,5,4,5,7,2,1,10,5,5,2,16,6,2,9,1,1,C03,7,5,1,10,2,12,,6,6,1,22,8,C03,120.653025,24.138904,2
2022,4,25,17,52,臺中市,南區,0,1,0,8,2,5,50,14,9,1,5,4,5,7,4,4,5,4,5,2,18,23,2,9,1,1,C03,7,9,1,10,2,15,,23,23,1,22,9,C03,120.668055,24.115581,2
2022,4,25,17,55,臺中市,北屯區,0,1,0,8,3,5,50,4,1,1,5,4,5,7,2,1,10,5,5,2,16,26,2,9,1,1,C03,7,9,1,10,2,12,,26,26,1,21,8,C03,120.669726,24.176495,2
2022,4,25,17,56,臺中市,梧棲區,0,1,0,8,1,5,60,4,1,1,5,4,5,7,1,1,10,5,5,2,13,23,2,9,1,1,C03,7,9,1,10,2,11,,23,23,1,16,8,C03,120.536538,24.249965,2
2022,4,25,18,1,臺中市,烏日區,0,2,0,8,1,5,70,3,1,5,5,4,5,7,1,1,10,5,5,2,13,16,2,9,1,1,C03,7,9,1,10,2,11,,16,16,1,18,8,C03,120.611197,24.10757,2
2022,4,25,18,2,臺中市,西區,0,1,0,7,2,5,50,3,2,1,5,4,5,7,1,1,4,2,5,2,12,23,3,10,1,1,C03,7,9,1,10,2,12,,23,23,1,21,8,C03,120.656348,24.134357,2
2022,4,25,18,5,臺中市,大里區,0,2,0,8,1,5,50,3,1,1,5,4,5,7,1,1,9,5,5,1,16,7,3,10,1,1,C03,7,8,3,18,2,12,,7,7,1,22,8,C03,120.709558,24.103748,2
2022,4,25,18,6,臺中市,西屯區,0,0,0,8,,,50,,,,,,,,,,,,,,,12,,,,,B03,,,1,,1,,,12,12,1,22,,B03,120.610375,24.19126,3
2022,4,25,18,13,臺中市,北屯區,0,0,0,6,,,50,,,,,,,,,,,,,,,23,,,,,B03,,,1,8,2,2,,23,23,1,21,8,B03,120.722528,24.178765,3
2022,4,25,18,13,臺中市,神岡區,0,1,0,6,1,5,60,3,1,1,4,4,5,7,4,4,1,4,4,1,16,9,3,10,1,1,B03,7,6,1,8,2,6,,9,9,1,22,8,B03,120.697473,24.234259,2
2022,4,25,18,17,臺中市,清水區,0,1,0,8,3,5,40,14,8,2,5,4,5,7,1,1,1,4,4,1,18,43,2,9,1,1,C03,7,9,1,10,8,14,,43,43,1,5,1,C03,120.595293,24.3006,2
2022,4,25,18,20,臺中市,南區,0,1,0,7,3,5,50,3,1,1,5,4,5,7,4,4,5,5,5,2,16,6,2,9,1,1,C03,7,5,1,10,2,12,,6,6,1,21,8,C03,120.660499,24.113829,2
2022,4,25,18,25,臺中市,清水區,0,0,0,8,1,5,50,4,2,1,5,4,5,7,1,1,1,4,5,1,29,42,3,10,1,1,B03,7,15,1,8,2,8,,42,42,1,5,5,B03,120.548551,24.262459,3
2022,4,25,18,25,臺中市,豐原區,0,1,0,6,3,5,50,5,1,1,4,4,5,7,2,1,10,5,5,2,17,42,2,9,3,4,C03,7,9,1,10,2,12,,42,42,1,22,8,C03,120.717972,24.243544,2
2022,4,25,18,27,臺中市,龍井區,0,1,0,8,1,5,40,14,8,1,5,4,5,7,4,4,10,5,1,2,17,23,3,10,3,4,B03,7,3,1,8,2,7,,44,23,1,22,9,B03,120.586027,24.185836,2
2022,4,25,18,35,臺中市,北屯區,0,1,0,8,2,5,40,3,1,1,5,4,5,7,4,4,10,5,5,2,16,10,3,10,1,1,B03,7,11,1,8,2,8,,10,10,1,4,8,B03,120.7121,24.1782,2
2022,4,25,18,35,臺中市,大甲區,0,2,0,8,1,5,50,3,1,1,5,4,5,7,3,1,10,5,5,2,16,42,2,8,1,1,C03,7,5,1,10,2,14,,42,42,1,21,8,C03,120.61939,24.34551,2
2022,4,25,18,36,臺中市,西區,0,0,0,8,,,50,,,,,,,,,,,,,,,42,,,,,B03,,,1,8,2,,,42,42,1,5,,B03,120.676843,24.137832,3
2022,4,25,18,44,臺中市,梧棲區,0,2,0,8,4,5,30,4,1,1,5,4,5,7,4,4,10,5,5,2,15,6,2,9,1,1,C03,7,9,1,10,2,11,,6,6,1,12,8,C03,120.546164,24.261083,2
2022,4,25,18,53,臺中市,豐原區,0,1,0,8,3,5,50,14,9,1,5,4,5,7,4,4,5,5,5,2,11,4,2,9,1,1,C03,7,9,1,8,2,11,,4,4,1,21,8,C03,120.720711,24.250443,2
2022,4,25,18,58,臺中市,清水區,1,0,0,8,3,5,50,14,9,1,5,4,5,7,4,4,5,5,5,1,12,23,1,9,1,1,C03,7,9,2,18,2,11,,23,23,1,16,8,C03,120.568557,24.281061,1
2022,4,25,19,0,臺中市,神岡區,0,0,0,8,,,30,,,,,,,,,,,,,,,19,,,,,B03,,,1,,1,,,19,19,1,12,,B03,120.652628,24.263811,3
2022,4,25,19,6,臺中市,清水區,0,1,0,8,3,5,50,4,1,1,5,4,5,7,1,1,1,4,4,2,16,6,3,10,1,1,B03,7,5,1,8,2,1,,6,6,1,5,5,B03,120.573435,24.264175,2
2022,4,25,19,12,臺中市,南區,0,1,0,7,3,5,50,14,9,1,5,4,5,7,4,4,5,4,5,2,13,23,2,9,1,1,C03,7,9,1,10,2,11,,23,23,1,22,9,C03,120.661916,24.129826,2
2022,4,25,19,15,臺中市,北屯區,0,1,0,8,3,5,50,14,9,1,5,4,5,7,4,4,5,4,5,2,13,23,3,10,1,1,C03,7,9,1,10,2,11,,23,23,1,5,8,C03,120.698553,24.170421,2
2022,4,25,19,15,臺中市,烏日區,0,1,0,7,3,5,60,8,7,1,5,4,5,7,4,4,1,4,1,1,23,23,2,9,1,1,C01,7,9,1,9,2,12,,23,23,1,21,8,C01,120.62198,24.101484,2
2022,4,25,19,25,臺中市,霧峰區,0,2,0,6,3,5,50,14,8,1,4,4,5,7,4,4,5,5,4,1,17,19,2,8,1,1,C03,7,1,1,10,2,11,,19,19,1,4,8,C03,120.698677,24.065627,2
2022,4,25,19,27,臺中市,太平區,0,1,0,8,1,5,50,3,1,1,5,4,5,7,4,4,5,5,5,2,18,23,2,9,1,1,F02,7,1,8,20,2,16,,23,23,1,21,8,F02,120.710117,24.154703,2
2022,4,25,19,30,臺中市,后里區,0,0,0,8,,,30,,,,,,,,,,,,,,,67,,,,,,,,,,,,,67,67,1,,,,120.683183,24.306203,3
2022,4,25,19,35,臺中市,北區,0,1,0,8,3,5,50,4,1,1,5,4,5,7,1,1,10,5,5,2,16,25,3,10,1,1,C03,7,9,1,10,2,14,,25,25,1,22,8,C03,120.670529,24.162837,2
2022,4,25,19,43,臺中市,大里區,0,0,0,8,,,50,,,,,,,,,,,,,,,42,,,,,B03,,,1,,2,,,42,42,1,22,,B03,120.689705,24.09233,3
2022,4,25,19,49,臺中市,豐原區,0,1,0,7,3,5,50,4,2,1,5,4,5,7,1,1,5,4,4,2,16,6,3,10,1,1,B03,7,5,1,8,2,6,,6,6,1,22,8,B03,120.712731,24.250963,2
2022,4,25,19,53,臺中市,大雅區,0,0,0,8,,,30,,,,,,,,,,,,,,,12,,,,,B03,,,1,,2,,,12,12,1,22,,B03,120.65463,24.227607,3
2022,4,25,20,22,臺中市,大里區,0,0,0,8,,,50,,,,,,,,,,,,,,,16,,,,,C03,,,1,,2,,,16,16,1,22,,C03,120.699686,24.089218,3
2022,4,25,20,35,臺中市,南屯區,0,0,0,,,,50,,,,,,,,,,,,,,,26,,,,,B03,,,1,,2,,,26,26,1,22,,B03,120.623141,24.145201,3
2022,4,25,20,38,臺中市,太平區,0,1,0,8,1,5,50,3,2,1,5,4,5,7,1,1,5,5,5,2,13,16,2,9,1,1,C03,7,9,1,10,2,11,,16,16,1,21,8,C03,120.716274,24.148739,2
2022,4,25,20,45,臺中市,北屯區,0,1,0,8,3,5,50,14,9,1,5,4,5,7,4,4,9,4,5,2,17,10,3,10,1,1,B03,7,11,1,8,2,1,,10,10,1,21,8,B03,120.713148,24.173236,2
2022,4,25,21,7,臺中市,豐原區,0,0,0,8,,,50,,,,,,,,,,,,,,,23,,,,,B03,,,1,,2,,,23,23,1,22,,B03,120.708872,24.250711,3
2022,4,25,21,25,臺中市,北屯區,0,2,0,8,3,5,50,14,7,1,5,4,5,7,4,4,9,5,4,2,16,6,3,10,1,1,C04,7,5,1,8,2,11,,6,6,1,4,8,C04,120.7095,24.1697,2
2022,4,25,22,17,臺中市,霧峰區,0,1,0,6,3,5,30,3,2,1,4,4,5,7,4,4,10,5,5,2,29,67,,,,,,,,,,,,,67,67,1,,,,120.690526,24.026396,2
2022,4,25,22,27,臺中市,北區,0,2,0,8,3,5,30,4,1,1,5,4,5,7,4,4,10,5,5,2,15,6,2,9,1,1,C03,7,9,1,10,2,11,,6,6,1,22,9,C03,120.685933,24.162171,2
2022,4,25,22,36,臺中市,北屯區,0,2,0,8,3,5,50,4,1,1,5,4,5,7,3,1,10,5,5,2,16,6,2,9,1,1,C02,7,5,1,10,2,14,,6,6,1,21,8,C02,120.669169,24.186232,2
2022,4,25,23,5,臺中市,北區,0,2,0,8,3,5,50,4,1,1,5,4,5,7,1,1,10,5,5,2,13,26,2,9,1,1,B03,7,9,1,8,2,8,5,26,26,1,22,8,B03,120.676153,24.173555,2
2022,4,25,23,30,臺中市,西屯區,0,0,0,8,,,40,,,,,,,,,,,,,,,12,,,,,B12,,,1,,2,,,12,12,1,22,,B12,120.610509,24.192333,3
2022,4,26,1,35,臺中市,南屯區,0,0,0,8,,,50,,,,,,,,,,,,,,,6,,,,,C03,,,1,,2,,,6,6,1,22,,C03,120.634833,24.152681,3
2022,4,26,4,0,臺中市,太平區,0,0,0,8,,,50,,,,,,,,,,,,,,,12,,,,,B03,,,1,,2,,,12,12,1,22,,B03,120.710833,24.154444,3
2022,4,26,6,48,臺中市,西屯區,0,0,0,8,,,50,,,,,,,,,,,,,,,23,,,,,C03,,,1,,1,,,23,23,1,5,,C03,120.642406,24.19661,3
2022,4,26,6,51,臺中市,梧棲區,0,1,0,8,1,5,70,3,2,1,5,4,5,7,4,4,1,4,4,2,12,19,3,10,1,1,B03,7,1,1,1,2,8,,19,19,1,22,8,B03,120.548279,24.236285,2
2022,4,26,7,0,臺中市,豐原區,0,2,0,8,1,5,60,14,8,1,5,4,5,7,1,1,1,5,4,2,13,16,2,9,1,1,C03,7,9,1,10,2,11,,16,16,1,16,8,C03,120.735423,24.261215,2
2022,4,26,7,5,臺中市,豐原區,0,0,0,8,,,30,,,,,,,,,,,,,,,12,,,,,B03,,,1,,2,,,12,12,1,3,,B03,120.720636,24.238758,3
2022,4,26,7,7,臺中市,大里區,0,0,0,8,,,50,,,,,,,,,,,,,,,23,,,,,A41,,,1,,2,,,23,23,1,22,,A41,120.692547,24.102836,3
2022,4,26,7,14,臺中市,南屯區,0,1,0,8,1,5,50,14,9,1,5,4,5,7,4,4,3,4,5,2,17,6,3,10,1,1,B03,7,6,1,8,2,2,,6,6,1,22,8,B03,120.604932,24.14923,2
2022,4,26,7,18,臺中市,霧峰區,0,1,0,8,1,5,40,4,2,1,5,4,5,7,1,1,1,4,4,1,17,6,3,10,3,4,B02,7,6,1,8,2,6,,6,6,1,12,8,B02,120.662608,24.07253,2
2022,4,26,7,20,臺中市,大里區,0,0,0,8,,,30,,,,,,,,,,,,,,,23,,,,,C03,,,1,,2,,,6,23,1,3,,C03,120.706193,24.084123,3
2022,4,26,7,24,臺中市,龍井區,0,0,0,8,,,60,,,,,,,,,,,,,,,42,,,,,B12,,,1,,2,,,42,42,1,22,,B12,120.57345,24.186106,3
2022,4,26,7,25,臺中市,北屯區,0,1,0,8,1,5,50,14,7,1,5,4,5,7,4,4,1,4,4,2,12,17,2,9,1,1,C03,7,9,3,18,9,11,,17,17,2,22,8,C03,120.672508,24.174067,2
2022,4,26,7,30,臺中市,北屯區,0,2,0,8,1,5,50,4,1,1,5,4,5,7,2,1,10,5,5,2,13,16,2,9,1,1,C03,7,9,1,10,2,11,,16,16,1,5,8,C03,120.671526,24.17397,2
2022,4,26,7,32,臺中市,梧棲區,0,3,0,8,1,5,50,4,1,1,5,4,5,7,2,1,10,5,5,2,12,23,3,10,1,1,C03,7,9,1,10,2,12,,23,23,1,20,8,C03,120.530094,24.253785,2
2022,4,26,7,33,臺中市,南屯區,0,0,0,8,3,5,50,4,1,1,5,4,5,7,4,4,10,5,5,2,16,6,3,10,1,1,B12,7,5,1,8,1,5,,6,6,1,22,8,B12,120.638113,24.141451,3
2022,4,26,7,34,臺中市,潭子區,0,2,0,8,1,5,50,4,1,1,5,4,5,7,1,1,5,4,4,2,16,6,2,9,1,1,C03,7,5,1,10,2,12,,6,6,1,22,8,C03,120.715354,24.20476,2
2022,4,26,7,34,臺中市,大里區,0,2,0,8,1,5,50,14,9,1,5,4,5,7,1,1,3,4,4,1,16,25,2,9,1,1,C03,7,9,1,10,2,11,,25,25,1,22,8,C03,120.661891,24.109278,2
2022,4,26,7,35,臺中市,南屯區,0,0,0,8,1,5,50,14,9,1,5,4,5,7,4,4,10,5,5,2,16,23,3,10,1,1,B03,7,9,1,8,4,5,,23,23,1,22,1,B03,120.639861,24.137516,3