年,月,日,時,分,縣市,區,死,受傷,2-30,天候,光線,道路類別,速限,道路型態,事故位置,路面鋪裝,路面狀態,路面缺陷,障礙物,視距,號誌種類,號誌動作,分向設施,快車道或一般車道間,快慢車道間,路面邊線,事故類型及型態,主要肇因,受傷程度,主要傷處,保護裝備,行動電話,當事者區分,車輛用途,當事者行動狀態,駕駛資格情形,駕駛執照種類,飲酒情形,車輛撞擊部位最初,車輛撞擊部位其他,肇事因素個別,肇事因素主要,肇事逃逸,職業,旅次目的,車種,GPS緯度,GPS經度,事故類別
2022,4,26,15,15,臺中市,豐原區,0,0,0,8,,,60,,,,,,,,,,,,,,,42,,,,,B03,,,1,,2,,,42,42,1,21,,B03,120.714051,24.236863,3
2022,4,26,15,23,臺中市,南屯區,0,1,0,8,1,5,50,3,1,1,5,4,5,7,4,4,10,5,5,2,16,6,3,10,1,1,B12,7,5,1,8,2,1,,6,6,1,10,8,B12,120.613918,24.142808,2
2022,4,26,15,24,臺中市,烏日區,0,0,0,8,,,50,,,,,,,,,,,,,,,23,,,,,B02,,,1,,2,,,23,23,1,21,,B02,120.610609,24.113735,3
2022,4,26,15,25,臺中市,北屯區,0,0,0,8,,,40,,,,,,,,,,,,,,,16,,,,,B12,,,1,,1,,,16,16,1,5,,B12,120.667441,24.201544,3
2022,4,26,15,29,臺中市,豐原區,0,1,0,8,1,5,50,14,7,1,5,4,1,7,4,4,5,5,4,2,9,23,3,10,3,4,B12,7,9,1,7,2,1,,23,23,1,5,8,B12,120.7268,24.24542,2
2022,4,26,15,31,臺中市,北區,0,0,0,8,,,30,,,,,,,,,,,,,,,23,,,,,A12,,,5,,2,,,23,23,1,10,,A12,120.690341,24.161924,3
2022,4,26,15,35,臺中市,東區,0,2,0,8,1,5,50,3,1,1,5,4,5,7,1,1,10,5,5,2,16,26,2,8,1,1,C03,7,5,1,10,2,12,,26,26,1,5,8,C03,120.702877,24.125416,2
2022,4,26,15,36,臺中市,西區,0,0,0,8,,,50,,,,,,,,,,,,,,,23,,,,,B03,,,1,,11,,,23,23,1,21,,B03,120.669801,24.150724,3
2022,4,26,15,40,臺中市,梧棲區,0,2,0,8,1,5,60,3,1,1,5,4,5,7,4,4,10,5,5,2,16,9,3,10,1,1,B03,7,6,1,7,2,2,,9,9,1,21,8,B03,120.536673,24.251561,2
2022,4,26,15,44,臺中市,北區,0,0,0,8,,,50,,,,,,,,,,,,,,,12,,,,,B03,,,1,,1,,,12,12,1,22,,B03,120.677304,24.161231,3
2022,4,26,15,45,臺中市,清水區,0,0,0,8,,,40,,,,,,,,,,,,,,,19,,,,,B03,,,1,,2,,,19,19,1,22,,B03,120.552129,24.293413,3
2022,4,26,15,54,臺中市,豐原區,0,0,0,8,,,50,,,,,,,,,,,,,,,26,,,,,B03,,,1,,2,,,44,26,1,4,,B03,120.710441,24.237197,3
2022,4,26,16,0,臺中市,外埔區,0,0,0,8,,,30,,,,,,,,,,,,,,,8,,,,,B03,,,1,,2,,,8,8,1,20,,B03,120.634738,24.34432,3
2022,4,26,16,1,臺中市,西區,0,0,0,8,,,50,,,,,,,,,,,,,,,12,,,,,B02,,,1,8,1,,,12,12,1,22,,B02,120.674753,24.149535,3
2022,4,26,16,12,臺中市,南屯區,0,1,0,8,1,5,50,4,1,1,5,4,5,7,2,1,10,5,5,2,16,7,3,10,3,4,B11,7,8,1,8,2,5,,7,7,1,22,8,B11,120.623497,24.149515,2
2022,4,26,16,15,臺中市,清水區,0,0,0,8,,,50,,,,,,,,,,,,,,,23,,,,,C03,,,1,,1,,,23,23,1,21,,C03,120.600721,24.303718,3
2022,4,26,16,16,臺中市,西屯區,0,3,0,8,1,5,40,3,2,1,5,4,5,7,4,4,10,5,5,2,17,43,2,8,1,1,C03,7,1,1,8,2,14,,43,43,1,22,8,C03,120.613098,24.191228,2
2022,4,26,16,16,臺中市,烏日區,0,1,0,8,1,5,30,3,2,1,5,4,5,7,4,4,5,5,5,1,16,8,2,9,1,1,C03,7,5,4,8,2,12,,8,8,1,21,8,C03,120.621866,24.105602,2
2022,4,26,16,24,臺中市,龍井區,0,3,0,8,1,5,40,14,8,1,5,4,5,7,4,4,1,4,1,1,2,23,2,9,1,1,C03,7,9,1,10,11,11,,23,23,1,22,8,C03,120.580568,24.195006,2
2022,4,26,16,26,臺中市,中區,0,0,0,8,,,50,,,,,,,,,,,,,,,16,,,,,B12,,,1,,1,,,16,16,1,22,,B12,120.679194,24.142054,3
2022,4,26,16,26,臺中市,烏日區,0,2,0,8,1,5,30,14,9,1,5,4,5,7,4,4,10,5,5,2,10,23,2,9,1,1,C03,7,9,5,10,2,15,,23,23,1,21,8,C03,120.636148,24.108821,2
2022,4,26,16,29,臺中市,大里區,0,0,0,8,,,50,,,,,,,,,,,,,,,23,,,,,B03,,,1,,2,,,23,23,1,22,,B03,120.688737,24.103579,3
2022,4,26,16,33,臺中市,東區,0,0,0,8,,,50,,,,,,,,,,,,,,,26,,,,,B12,,,1,,2,,,26,26,1,22,,B12,120.700423,24.132224,3
2022,4,26,16,33,臺中市,南區,0,0,0,8,,,50,,,,,,,,,,,,,,,7,,,,,B03,,,1,,2,,,7,7,1,4,,B03,120.669391,24.127575,3
2022,4,26,16,34,臺中市,龍井區,0,1,0,8,1,5,50,4,2,1,5,4,5,7,4,4,10,5,5,2,17,23,2,3,1,1,C03,7,9,1,10,2,15,,23,23,1,20,5,C03,120.561668,24.199434,2
2022,4,26,16,43,臺中市,南屯區,0,1,0,8,1,5,50,14,9,1,5,4,5,7,4,4,1,4,5,2,17,19,3,10,1,1,B03,7,1,1,8,1,15,,19,19,1,22,8,B03,120.647342,24.139861,2
2022,4,26,16,51,臺中市,西屯區,0,0,0,8,,,50,,,,,,,,,,,,,,,23,,,,,B03,,,1,,1,,,23,23,1,22,,B03,120.613555,24.189966,3
2022,4,26,17,0,臺中市,西屯區,0,0,0,8,,,50,,,,,,,,,,,,,,,16,,,,,B03,,,1,,1,,,16,16,1,22,,B03,120.632737,24.180274,3
2022,4,26,17,1,臺中市,南屯區,0,1,0,8,2,5,50,4,1,1,5,4,5,7,1,1,10,5,5,2,16,6,3,10,1,1,B03,7,5,1,8,2,5,,6,6,1,19,8,B03,120.64977,24.1536,2
2022,4,26,17,4,臺中市,霧峰區,0,1,0,8,1,5,30,4,1,1,5,4,5,7,1,1,10,5,5,2,17,26,2,7,1,1,C03,7,5,1,10,2,14,,26,26,1,22,8,C03,120.679955,24.071012,2
2022,4,26,17,8,臺中市,大雅區,0,1,0,8,1,5,50,14,9,1,5,4,5,7,4,4,5,5,5,1,18,23,2,9,1,1,C03,7,9,1,10,2,15,,23,23,1,21,8,C03,120.644752,24.223582,2
2022,4,26,17,8,臺中市,南屯區,0,1,0,8,1,5,40,4,1,1,5,4,5,7,1,1,10,5,5,2,16,26,3,10,3,4,B02,7,6,1,8,2,5,,26,26,1,22,8,B02,120.624073,24.151968,2
2022,4,26,17,8,臺中市,西屯區,0,0,0,8,,,50,,,,,,,,,,,,,,,23,,,,,B03,,,1,,1,,,23,23,1,22,,B03,120.613593,24.191108,3
2022,4,26,17,11,臺中市,南屯區,0,1,0,8,2,5,30,4,1,1,5,4,5,7,4,4,10,5,5,2,15,6,3,10,1,1,B03,7,9,1,8,2,1,,6,6,1,21,8,B03,120.610909,24.1392,2
2022,4,26,17,18,臺中市,大肚區,0,2,0,8,1,5,50,3,1,1,5,4,5,7,2,1,10,5,5,2,12,16,2,9,1,1,C03,7,5,1,10,2,11,,16,16,1,18,1,C03,120.567075,24.122581,2
2022,4,26,17,19,臺中市,南屯區,0,0,0,8,,,50,,,,,,,,,,,,,,,23,,,,,B03,,,1,,2,,,23,23,1,22,,B03,120.643323,24.14033,3
2022,4,26,17,19,臺中市,梧棲區,0,2,0,8,1,5,50,14,9,1,5,4,5,7,4,4,1,4,5,2,12,16,2,9,1,1,C03,7,9,1,10,2,11,,16,16,1,5,8,C03,120.550611,24.254183,2
2022,4,26,17,20,臺中市,霧峰區,0,0,0,8,,,60,,,,,,,,,,,,,,,44,,,,,C03,,,1,,2,,,44,44,1,22,,C03,120.691926,24.042729,3
2022,4,26,17,21,臺中市,大里區,0,0,0,8,,,50,,,,,,,,,,,,,,,23,,,,,B03,,,1,,2,,,23,23,1,21,,B03,120.6956,24.088641,3
2022,4,26,17,24,臺中市,豐原區,0,2,0,8,1,5,30,4,1,1,5,4,5,7,4,4,10,5,5,2,15,6,2,9,1,1,C03,7,9,1,10,2,11,,6,6,1,21,8,C03,120.714918,24.271665,2
2022,4,26,17,25,臺中市,西區,0,0,0,8,,,50,,,,,,,,,,,,,,,23,,,,,B03,,,1,,1,,,23,23,1,21,,B03,120.660304,24.13548,3
2022,4,26,17,27,臺中市,南區,0,0,0,8,,,40,,,,,,,,,,,,,,,23,,,,,B03,,,1,,2,,,23,23,1,3,,B03,120.657454,24.129632,3
2022,4,26,17,31,臺中市,潭子區,0,0,0,8,,,50,,,,,,,,,,,,,,,23,,,,,B03,,,1,,2,,,23,23,1,22,,B03,120.696051,24.204363,3
2022,4,26,17,34,臺中市,神岡區,0,1,0,8,1,5,60,4,2,1,5,4,5,7,1,1,1,4,5,1,17,25,2,7,3,4,C03,7,11,3,18,2,12,,25,25,1,22,9,C03,120.708962,24.259443,2
2022,4,26,17,35,臺中市,潭子區,0,1,0,8,1,5,50,4,1,1,5,4,5,7,1,1,5,2,5,2,12,26,3,10,1,1,B03,7,5,1,8,2,5,,23,26,1,22,9,B03,120.70515,24.215575,2
2022,4,26,17,38,臺中市,太平區,0,1,0,8,2,5,50,3,1,1,5,4,5,7,1,1,10,5,5,2,16,6,3,10,1,1,B03,7,5,1,7,2,6,,6,6,1,5,8,B03,120.704476,24.162505,2
2022,4,26,17,39,臺中市,北區,0,0,0,8,,,50,,,,,,,,,,,,,,,6,,,,,C03,,,1,,2,,,23,6,1,22,,C03,120.680948,24.159108,3
2022,4,26,17,39,臺中市,西屯區,0,0,0,8,,,50,,,,,,,,,,,,,,,23,,,,,B03,,,1,,2,,,23,23,1,22,,B03,120.631836,24.183005,3
2022,4,26,17,40,臺中市,梧棲區,0,1,0,8,1,5,40,4,1,1,5,4,5,7,1,1,10,5,5,2,16,42,3,10,1,1,B03,7,6,1,8,2,6,,42,42,1,5,8,B03,120.529816,24.252415,2
2022,4,26,17,41,臺中市,大里區,0,1,0,8,2,5,50,4,1,1,5,4,5,7,1,1,10,5,5,2,3,15,3,10,1,1,B03,7,5,1,8,2,1,,15,15,1,22,9,B03,120.684306,24.107645,2
2022,4,26,17,42,臺中市,北屯區,0,0,0,6,,,50,,,,,,,,,,,,,,,16,,,,,B03,,,1,8,1,1,,16,16,1,21,8,B03,120.68616,24.184925,3
2022,4,26,17,47,臺中市,豐原區,0,1,0,8,1,5,50,3,1,1,5,4,5,7,3,1,10,5,5,2,16,6,2,9,2,1,F01,7,5,8,20,2,15,,6,6,1,22,8,F01,120.715275,24.24111,2
2022,4,26,17,49,臺中市,北屯區,0,0,0,8,,,40,,,,,,,,,,,,,,,16,,,,,C03,,,1,,11,,,16,16,1,19,,C03,120.6707,24.1786,3
2022,4,26,17,55,臺中市,大甲區,0,1,0,8,1,5,60,4,1,1,5,4,5,7,1,1,10,5,5,2,16,25,3,10,1,1,B03,7,5,1,8,2,2,,25,25,1,9,8,B03,120.615394,24.41103,2
2022,4,26,17,59,臺中市,東區,0,0,0,8,,,40,,,,,,,,,,,,,,,19,,,,,B12,,,1,,2,,,19,19,1,3,,B12,120.689985,24.132089,3
2022,4,26,18,3,臺中市,北區,0,0,0,,,,50,,,,,,,,,,,,,,,19,,,,,B03,,,1,,1,,,19,19,1,21,,B03,120.688382,24.151601,3
2022,4,26,18,6,臺中市,北屯區,0,1,0,8,1,5,50,4,1,1,5,4,5,7,2,1,10,5,5,2,16,6,3,10,1,1,B03,7,6,6,8,2,5,,6,6,1,5,8,B03,120.694693,24.170245,2
2022,4,26,18,7,臺中市,北屯區,0,0,0,8,,,50,,,,,,,,,,,,,,,16,,,,,B03,,,1,,1,,,16,16,1,22,,B03,120.683815,24.176096,3
2022,4,26,18,20,臺中市,豐原區,0,1,0,8,3,5,60,14,7,1,5,4,5,7,4,4,1,4,4,1,17,42,2,9,3,4,C03,7,9,1,10,2,12,,42,42,1,22,8,C03,120.728988,24.244125,2
2022,4,26,18,30,臺中市,北屯區,0,2,0,8,3,5,50,4,1,1,5,4,5,7,3,1,10,5,5,2,16,6,2,9,1,1,C03,7,9,1,10,2,11,,6,6,1,21,8,C03,120.670861,24.185913,2
2022,4,26,18,31,臺中市,龍井區,0,1,0,8,3,5,50,14,9,1,5,4,5,7,4,4,7,5,5,1,16,19,3,10,1,1,B03,7,1,1,8,2,1,,19,19,1,12,1,B03,120.545416,24.182005,2
2022,4,26,18,33,臺中市,西區,0,0,0,8,,,40,,,,,,,,,,,,,,,19,,,,,B03,,,1,,1,,,19,19,1,5,,B03,120.665961,24.131063,3
2022,4,26,18,33,臺中市,大肚區,0,2,0,8,1,5,50,4,1,1,5,4,5,7,1,1,10,5,5,2,15,25,2,7,1,1,C03,7,9,4,11,2,13,,25,25,1,12,8,C03,120.543553,24.154225,2
2022,4,26,18,36,臺中市,西屯區,0,0,0,8,,,60,,,,,,,,,,,,,,,23,,,,,B03,,,1,,1,,,23,23,1,22,,B03,120.654461,24.159895,3
2022,4,26,18,40,臺中市,西屯區,0,0,0,8,,,50,,,,,,,,,,,,,,,16,,,,,C03,,,1,,2,,,16,16,1,22,,C03,120.6151,24.189321,4
2022,4,26,18,43,臺中市,北區,0,3,0,8,3,5,50,3,1,1,5,4,5,7,4,4,10,5,5,2,16,6,3,10,1,1,C03,7,5,1,10,2,11,,6,6,1,22,8,C03,120.666622,24.159222,2
2022,4,26,18,43,臺中市,北屯區,0,0,0,8,,,50,,,,,,,,,,,,,,,7,,,,,B03,,,1,,2,,,7,7,1,21,,B03,120.721281,24.182011,3
2022,4,26,18,43,臺中市,西屯區,0,0,0,8,,,50,,,,,,,,,,,,,,,23,,,,,B03,,,1,,1,,,23,23,1,22,,B03,120.656997,24.197018,3
2022,4,26,18,45,臺中市,北區,0,0,0,,,,50,,,,,,,,,,,,,,,7,,,,,B02,,,1,,1,,,7,7,1,21,,B02,120.675156,24.16698,3
2022,4,26,18,47,臺中市,北區,0,2,0,8,3,5,50,4,1,1,5,4,5,7,1,1,1,2,4,2,16,7,2,9,1,1,C03,7,10,1,10,2,12,,7,7,1,21,8,C03,120.673851,24.164907,2
2022,4,26,18,48,臺中市,南區,0,1,0,8,3,5,50,4,1,1,5,4,5,7,2,1,10,5,5,2,16,6,3,10,1,1,C04,7,6,1,11,2,12,,6,6,1,21,8,C04,120.679191,24.126703,2
2022,4,26,18,50,臺中市,大雅區,0,0,0,8,,,50,,,,,,,,,,,,,,,25,,,,,B03,,,1,,2,,,25,25,1,22,,B03,120.645202,24.225274,3
2022,4,26,19,8,臺中市,西區,0,1,0,8,3,5,40,14,8,1,5,4,5,7,4,4,1,4,4,2,12,19,2,9,1,1,C03,7,1,1,10,2,12,,19,19,1,2,9,C03,120.657409,24.145737,2
2022,4,26,19,20,臺中市,后里區,0,1,0,8,3,5,30,3,1,1,5,4,5,7,4,4,9,5,5,1,16,6,3,10,1,1,B03,7,5,1,2,2,8,,6,6,1,21,8,B03,120.727926,24.306735,2
2022,4,26,19,23,臺中市,南屯區,0,2,0,8,3,5,50,14,9,1,5,4,5,7,4,4,1,4,5,2,12,42,2,9,1,1,C03,7,6,1,10,2,12,,42,42,1,3,8,C03,120.61009,24.14435,2
2022,4,26,19,30,臺中市,太平區,0,1,0,8,3,5,50,3,2,1,5,4,5,7,1,1,5,5,5,2,17,42,2,9,1,1,C03,7,6,1,10,2,13,,42,42,1,19,8,C03,120.716734,24.149533,2
2022,4,26,19,33,臺中市,梧棲區,0,2,0,8,3,5,40,14,12,1,5,4,5,7,4,4,1,4,4,1,17,44,2,9,1,1,C03,7,9,1,10,2,14,,44,44,1,22,8,C03,120.543552,24.222728,2
2022,4,26,19,38,臺中市,清水區,0,1,0,8,3,5,50,14,9,1,5,4,5,7,4,4,5,5,5,1,13,16,2,9,1,1,C03,7,9,1,10,2,11,,16,16,1,5,5,C03,120.557511,24.26665,2
2022,4,26,19,48,臺中市,北屯區,0,0,0,8,,,50,,,,,,,,,,,,,,,16,,,,,C03,,,1,,2,,,16,16,1,5,,C03,120.6861,24.1865,3
2022,4,26,19,55,臺中市,龍井區,0,2,0,8,4,5,60,14,13,1,5,4,5,7,4,4,1,4,4,1,17,23,2,9,1,4,C03,7,9,1,10,2,14,,23,23,1,22,8,C03,120.573245,24.186993,2
2022,4,26,20,20,臺中市,潭子區,0,2,0,8,3,5,50,14,9,1,5,4,5,7,4,4,5,5,5,1,16,7,2,9,3,1,F02,7,7,8,20,2,16,,7,7,1,22,8,F02,120.709805,24.205696,2
2022,4,26,20,36,臺中市,西區,0,0,0,8,,,50,,,,,,,,,,,,,,,23,,,,,B03,,,1,,1,,,23,23,1,21,,B03,120.665119,24.132041,3
2022,4,26,20,36,臺中市,大里區,0,0,0,8,,,50,,,,,,,,,,,,,,,9,,,,,B03,,,1,,2,,,9,9,1,5,,B03,120.690183,24.10925,3
2022,4,26,20,40,臺中市,西屯區,0,0,0,8,,,30,,,,,,,,,,,,,,,23,,,,,B03,,,1,,2,,,23,23,1,22,,B03,120.644169,24.172893,3
2022,4,26,20,49,臺中市,后里區,0,2,0,8,3,5,50,4,2,1,5,4,5,7,1,1,1,3,5,1,12,9,2,9,1,1,C03,7,6,1,10,2,12,,9,9,1,22,8,C03,120.709858,24.305156,2
2022,4,26,20,50,臺中市,大里區,0,0,0,8,,,50,,,,,,,,,,,,,,,16,,,,,C03,,,1,,2,,,16,16,1,22,,C03,120.69425,24.100307,3
2022,4,26,20,53,臺中市,西區,0,1,0,8,3,5,30,4,1,1,5,4,5,7,4,4,10,5,5,2,15,6,2,9,1,1,C03,7,9,1,10,1,12,,6,6,1,5,8,C03,120.660955,24.14729,2
2022,4,26,20,55,臺中市,南屯區,0,1,0,8,3,5,50,4,1,1,5,4,5,7,1,1,10,5,5,2,16,23,2,9,1,4,C03,7,5,1,10,2,14,,44,23,1,22,8,C03,120.612218,24.138463,2
2022,4,26,21,1,臺中市,西區,0,0,0,8,,,50,,,,,,,,,,,,,,,16,,,,,B03,,,1,,1,,,16,16,1,21,,B03,120.663388,24.154795,3
2022,4,26,21,4,臺中市,西區,0,0,0,,,,50,,,,,,,,,,,,,,,17,,,,,B03,,,8,,2,,,38,17,1,20,,B03,120.662495,24.134663,3
2022,4,26,21,4,臺中市,北區,0,2,0,8,3,5,50,3,1,1,5,4,5,7,1,1,10,5,5,2,15,25,2,9,1,1,F03,7,9,8,20,2,16,,25,25,1,5,5,F03,120.694446,24.158399,2
2022,4,26,21,7,臺中市,太平區,0,1,0,8,3,5,50,14,8,1,5,4,5,7,4,4,5,5,4,2,16,7,3,10,3,4,B03,7,8,1,8,2,2,,7,7,1,9,8,B03,120.71434,24.131631,2
2022,4,26,21,16,臺中市,北屯區,0,1,0,8,3,5,50,4,1,1,5,4,5,7,1,1,10,5,5,2,16,6,3,10,3,4,B03,7,5,1,8,2,5,,6,6,1,21,8,B03,120.682341,24.185555,2
2022,4,26,21,28,臺中市,龍井區,0,0,0,8,,,70,,,,,,,,,,,,,,,23,,,,,B03,,,1,,2,,,23,23,1,9,,B03,120.539166,24.206583,3
2022,4,26,21,42,臺中市,南屯區,0,1,0,8,3,5,50,4,1,1,5,4,5,7,4,4,5,5,5,2,15,6,3,10,3,4,B02,7,9,1,8,2,5,,6,6,1,22,9,B02,120.647802,24.142596,2
2022,4,26,22,9,臺中市,豐原區,0,1,0,8,3,5,50,14,8,1,5,4,5,7,4,4,3,5,5,1,18,43,2,9,1,1,C03,7,9,1,10,2,14,,43,43,1,22,9,C03,120.74731,24.266271,2
2022,4,26,22,10,臺中市,北區,0,0,0,8,,,50,,,,,,,,,,,,,,,12,,,,,B03,,,1,,2,,,12,12,1,22,,B03,120.675103,24.158424,3
2022,4,26,22,10,臺中市,北屯區,0,2,0,8,3,5,50,5,1,1,5,4,5,7,2,1,10,5,5,2,16,25,3,10,1,1,C03,7,9,1,10,2,12,,25,25,1,21,8,C03,120.697595,24.170641,2
2022,4,26,22,13,臺中市,霧峰區,0,1,0,8,3,5,50,3,1,1,5,4,5,7,4,4,10,5,5,2,17,10,3,10,1,1,B03,7,11,1,8,2,15,,10,10,1,22,8,B03,120.682948,24.052356,2
2022,4,26,23,12,臺中市,大甲區,0,1,0,8,3,5,50,4,1,1,5,4,5,7,1,1,10,5,5,2,16,6,3,10,1,1,B03,7,5,1,8,2,6,,6,6,1,21,8,B03,120.651326,24.38114,2
2022,4,26,23,26,臺中市,大里區,0,3,0,8,3,5,60,14,9,1,5,4,5,7,4,4,3,4,5,1,16,6,2,9,3,4,C03,7,7,1,10,2,13,,6,6,1,22,8,C03,120.681227,24.105468,2
2022,4,26,23,30,臺中市,中區,0,2,0,8,3,5,50,4,1,1,5,4,5,7,4,4,10,5,5,2,13,23,2,9,1,1,C03,7,9,1,10,2,11,,23,23,1,20,8,C03,120.678074,24.146294,2
2022,4,26,23,43,臺中市,西屯區,0,1,0,8,1,5,40,14,8,1,5,4,5,7,4,4,1,5,5,2,29,42,2,9,1,1,C03,7,9,1,10,2,12,,42,42,1,21,8,C03,120.598532,24.180442,2
2022,4,27,0,29,臺中市,豐原區,0,2,0,8,3,5,50,4,1,1,5,4,5,3,3,1,5,4,4,2,15,6,2,9,1,1,C03,7,9,2,18,2,12,,6,6,1,22,8,C03,120.726833,24.255028,2
2022,4,27,0,34,臺中市,烏日區,0,0,0,8,,,40,,,,,,,,,,,,,,,23,,,,,B03,,,1,,2,,,23,23,1,22,,B03,120.613086,24.102699,3
2022,4,27,4,30,臺中市,北屯區,0,1,0,8,3,5,40,14,8,1,5,4,5,7,4,4,9,5,4,2,17,7,2,9,1,1,C03,7,8,4,8,9,11,,7,7,1,22,8,C03,120.691185,24.174435,2
2022,4,27,4,57,臺中市,大里區,0,0,0,8,,,50,,,,,,,,,,,,,,,12,,,,,B03,,,1,,2,,,12,12,1,22,,B03,120.690777,24.109331,3
2022,4,27,5,24,臺中市,北區,0,0,0,8,,,50,,,,,,,,,,,,,,,12,,,,,B03,,,1,,2,,,12,12,1,5,,B03,120.677473,24.149687,3
2022,4,27,5,45,臺中市,大里區,0,1,0,8,1,5,50,4,1,1,5,4,5,7,1,1,10,5,5,2,3,23,3,10,3,4,B03,7,5,1,8,2,5,,23,23,1,21,8,B03,120.701568,24.096122,2
2022,4,27,6,6,臺中市,南屯區,0,2,0,8,1,5,50,4,1,1,5,4,5,7,2,1,10,5,5,2,15,25,2,9,1,1,C03,7,9,1,10,2,11,,25,25,1,22,9,C03,120.646754,24.148833,2
2022,4,27,6,10,臺中市,西區,0,0,0,,,,50,,,,,,,,,,,,,,,17,,,,,B03,,,1,,1,,,17,17,1,20,,B03,120.660264,24.152748,3
2022,4,27,6,35,臺中市,大里區,0,1,0,8,1,5,50,3,2,1,5,4,5,7,4,4,5,5,5,1,16,14,2,9,3,4,C03,7,9,1,10,2,11,,14,14,1,22,9,C03,120.668541,24.107527,2
2022,4,27,6,45,臺中市,北屯區,0,0,0,8,,,50,,,,,,,,,,,,,,,6,,,,,B03,,,1,,1,,,6,6,1,21,,B03,120.725371,24.165362,3
2022,4,27,7,0,臺中市,霧峰區,0,2,0,8,1,5,50,14,9,1,5,4,5,7,4,4,9,4,5,1,16,10,2,8,1,1,C03,7,11,1,10,2,13,,10,10,1,12,8,C03,120.651929,24.085944,2
2022,4,27,7,4,臺中市,北區,0,1,0,8,1,5,50,4,1,1,5,4,5,7,1,1,5,5,4,2,16,6,3,10,1,1,B12,7,5,1,8,2,2,,6,6,1,21,8,B12,120.67051,24.155741,2
2022,4,27,7,8,臺中市,太平區,0,0,0,8,,,50,,,,,,,,,,,,,,,42,,,,,B03,,,1,,1,,,42,42,1,21,,B03,120.723011,24.135951,3
2022,4,27,7,10,臺中市,大里區,0,0,0,8,,,30,,,,,,,,,,,,,,,17,,,,,B03,,,1,,2,,,17,17,1,5,,B03,120.678041,24.091208,3
2022,4,27,7,12,臺中市,西屯區,0,1,0,8,1,5,50,3,1,1,5,4,5,7,2,1,10,5,5,2,16,25,3,10,3,4,B03,7,9,6,18,2,1,,25,25,1,22,8,B03,120.662071,24.176255,2
2022,4,27,7,12,臺中市,太平區,0,0,0,8,,,30,,,,,,,,,,,,,,,60,,,,,H01,,,8,,2,,,60,60,1,22,,H01,120.724541,24.142216,3
2022,4,27,7,18,臺中市,霧峰區,0,1,0,8,1,5,40,4,1,1,5,4,5,7,1,1,5,5,5,1,13,42,3,10,3,4,C03,7,14,1,10,2,11,,42,42,1,12,8,C03,120.690251,24.04889,2
2022,4,27,7,21,臺中市,豐原區,0,1,0,8,1,5,50,14,13,1,5,4,5,7,4,4,1,4,4,2,17,44,3,10,3,4,A11,7,8,1,2,2,15,,44,44,1,10,8,A11,120.748973,24.267944,2
2022,4,27,7,22,臺中市,西區,0,1,0,8,1,5,50,5,1,1,5,4,5,7,1,1,10,5,5,2,16,26,3,10,1,1,B03,7,6,1,8,2,2,,26,26,1,21,8,B03,120.669678,24.150839,2
2022,4,27,7,26,臺中市,北屯區,0,2,0,8,1,5,50,14,9,1,5,4,5,7,4,4,10,4,5,2,17,1,2,9,1,1,C03,7,4,1,10,3,12,,1,1,1,4,8,C03,120.717096,24.175461,2
2022,4,27,7,28,臺中市,南屯區,0,0,0,8,,,50,,,,,,,,,,,,,,,19,,,,,B03,,,1,,2,,,19,19,1,22,,B03,120.6515,24.153525,3
2022,4,27,7,29,臺中市,烏日區,0,1,0,8,1,5,50,4,1,1,5,4,5,7,2,1,10,5,5,2,16,25,2,9,1,1,C03,7,9,1,10,1,11,,25,25,1,21,8,C03,120.627608,24.110178,2
2022,4,27,7,30,臺中市,北區,0,0,0,,,,40,,,,,,,,,,,,,,,12,,,,,C03,,,1,,1,,,12,12,1,5,,C03,120.676796,24.170332,3
2022,4,27,7,30,臺中市,大甲區,0,1,0,8,1,5,40,14,12,1,5,4,5,7,4,4,1,4,4,1,17,30,3,10,1,1,C03,7,9,1,10,2,15,,30,30,1,5,8,C03,120.606825,24.322351,2
2022,4,27,7,32,臺中市,大雅區,0,1,0,8,1,5,50,3,1,1,5,4,5,7,4,4,5,4,5,1,16,6,3,10,1,1,B03,7,5,1,8,2,2,,6,6,1,22,9,B03,120.648021,24.227215,2
2022,4,27,7,32,臺中市,梧棲區,0,0,0,8,,,40,,,,,,,,,,,,,,,23,,,,,B03,,,1,,1,,,23,23,1,3,,B03,120.537067,24.251296,3
2022,4,27,7,33,臺中市,大里區,0,1,0,8,1,5,30,4,1,1,5,4,5,7,4,4,10,5,5,2,16,6,3,10,3,4,B03,7,5,1,8,2,1,,6,6,1,3,8,B03,120.689999,24.087454,2
2022,4,27,7,38,臺中市,梧棲區,0,2,0,8,1,5,30,4,1,1,5,4,5,7,4,4,10,5,5,2,15,6,2,9,1,1,C03,7,9,1,10,2,12,,6,6,1,5,1,C03,120.53904,24.231137,2
2022,4,27,7,39,臺中市,烏日區,0,2,0,8,1,5,50,4,1,1,5,4,5,7,4,4,10,5,5,2,3,23,3,10,1,1,C03,7,9,1,10,2,11,,23,23,1,20,8,C03,120.638011,24.111683,2
2022,4,27,7,40,臺中市,西區,0,0,0,,,,30,,,,,,,,,,,,,,,23,,,,,B03,,,1,,1,,,23,23,1,21,,B03,120.675059,24.138888,3