年,月,日,時,分,縣市,區,死,受傷,2-30,天候,光線,道路類別,速限,道路型態,事故位置,路面鋪裝,路面狀態,路面缺陷,障礙物,視距,號誌種類,號誌動作,分向設施,快車道或一般車道間,快慢車道間,路面邊線,事故類型及型態,主要肇因,受傷程度,主要傷處,保護裝備,行動電話,當事者區分,車輛用途,當事者行動狀態,駕駛資格情形,駕駛執照種類,飲酒情形,車輛撞擊部位最初,車輛撞擊部位其他,肇事因素個別,肇事因素主要,肇事逃逸,職業,旅次目的,車種,GPS緯度,GPS經度,事故類別
2022,4,27,15,24,臺中市,豐原區,0,0,0,8,,,50,,,,,,,,,,,,,,,23,,,,,B03,,,1,,2,,,23,23,1,21,,B03,120.710886,24.250553,3
2022,4,27,15,25,臺中市,東區,0,0,0,8,,,50,,,,,,,,,,,,,,,23,,,,,B12,,,1,,2,,,23,23,1,22,,B12,120.696327,24.140089,3
2022,4,27,15,30,臺中市,南區,0,0,0,,,,40,,,,,,,,,,,,,,,12,,,,,B03,,,1,,11,,,12,12,1,21,,B03,120.679677,24.122118,3
2022,4,27,15,30,臺中市,南區,0,1,0,8,1,5,50,4,1,1,5,4,5,7,1,1,9,4,5,2,12,9,3,10,1,1,B03,7,6,1,8,2,5,,9,9,1,5,1,B03,120.65513,24.11518,2
2022,4,27,15,30,臺中市,烏日區,0,0,0,8,,,30,,,,,,,,,,,,,,,23,,,,,B03,,,1,,2,,,23,23,1,21,,B03,120.637515,24.110833,3
2022,4,27,15,36,臺中市,北屯區,0,1,0,8,1,5,50,14,9,1,5,4,5,7,4,4,8,3,5,2,16,19,3,10,1,1,B03,7,1,1,8,2,7,,19,19,1,21,8,B03,120.735498,24.175329,2
2022,4,27,15,40,臺中市,西屯區,0,1,0,8,1,5,35,11,9,1,5,4,5,7,4,4,10,5,5,2,24,23,2,9,1,4,B03,7,9,1,10,2,2,,23,23,1,22,8,B03,120.628561,24.176009,2
2022,4,27,15,41,臺中市,南區,0,1,0,8,1,5,50,3,1,1,5,4,5,7,1,1,10,5,5,2,13,23,2,9,1,1,C03,7,9,1,10,2,11,,23,23,1,22,8,C03,120.679419,24.121994,2
2022,4,27,15,45,臺中市,西區,0,1,0,8,1,5,50,4,1,1,5,4,5,7,4,4,10,5,5,2,15,6,2,9,1,1,C03,7,9,1,10,2,11,,6,6,1,21,8,C03,120.672558,24.145728,2
2022,4,27,15,48,臺中市,大里區,0,0,0,8,,,50,,,,,,,,,,,,,,,23,,,,,B03,,,1,,2,,,23,23,1,21,,B03,120.698137,24.09486,3
2022,4,27,15,52,臺中市,西區,0,0,0,,,,50,,,,,,,,,,,,,,,23,,,,,B03,,,1,,1,,,23,23,1,21,,B03,120.666031,24.131806,3
2022,4,27,15,52,臺中市,東區,0,1,0,8,1,5,50,14,9,1,5,4,5,7,4,4,5,4,5,2,29,23,2,9,1,1,C03,7,9,1,10,2,12,,23,23,1,22,8,C03,120.701369,24.146213,2
2022,4,27,16,10,臺中市,梧棲區,0,1,0,8,1,5,40,4,1,1,5,4,5,7,1,1,10,5,5,2,16,25,2,9,1,1,C03,7,5,1,10,2,14,,25,25,1,19,1,C03,120.535168,24.248536,2
2022,4,27,16,14,臺中市,霧峰區,0,0,0,8,,,50,,,,,,,,,,,,,,,18,,,,,B03,,,1,,2,,,18,18,1,18,,B03,120.688267,24.044372,3
2022,4,27,16,14,臺中市,太平區,0,0,0,8,,,30,,,,,,,,,,,,,,,23,,,,,C03,,,1,,2,,,23,23,1,18,,C03,120.727551,24.14765,3
2022,4,27,16,18,臺中市,南屯區,0,0,0,8,,,50,,,,,,,,,,,,,,,12,,,,,B03,,,1,,1,,,12,12,1,22,,B03,120.632976,24.158368,3
2022,4,27,16,26,臺中市,北屯區,0,2,0,8,1,5,50,3,7,1,5,4,5,7,1,1,1,4,4,2,3,23,2,9,4,5,H03,8,16,8,20,10,16,,51,23,1,20,8,H03,120.668626,24.178555,2
2022,4,27,16,30,臺中市,西區,0,1,0,8,1,5,50,5,1,1,5,4,5,7,4,4,10,5,5,2,17,6,3,10,1,1,B01,7,6,1,4,2,1,,6,6,1,10,9,B01,120.671207,24.146922,2
2022,4,27,16,33,臺中市,南區,0,0,0,8,,,50,,,,,,,,,,,,,,,17,,,,,A12,,,1,,2,,,17,17,1,5,,A12,120.654696,24.121966,3
2022,4,27,16,37,臺中市,南屯區,0,1,0,8,1,5,50,14,7,1,5,4,5,7,4,4,5,5,4,2,16,19,3,10,1,1,A11,7,1,1,3,2,1,,19,19,1,10,8,A11,120.632651,24.121573,2
2022,4,27,16,39,臺中市,西屯區,0,2,0,8,1,5,50,14,8,1,5,4,5,7,4,4,8,3,4,1,3,23,2,9,1,1,C03,7,9,1,10,2,14,,23,23,1,22,8,C03,120.637642,24.17669,2
2022,4,27,16,40,臺中市,南區,0,0,0,8,,,50,,,,,,,,,,,,,,,23,,,,,B03,,,1,,2,,,23,23,1,22,,B03,120.670062,24.113662,3
2022,4,27,16,42,臺中市,梧棲區,0,0,0,8,,,50,,,,,,,,,,,,,,,19,,,,,B03,,,1,,2,,,19,19,1,9,,B03,120.530038,24.2535,3
2022,4,27,16,45,臺中市,烏日區,0,1,0,8,1,5,50,3,1,1,5,4,5,7,1,1,10,5,5,2,16,6,3,10,1,1,B03,7,5,1,8,2,5,,6,6,1,21,7,B03,120.620207,24.111126,2
2022,4,27,16,51,臺中市,大里區,0,1,0,8,1,5,50,4,1,1,5,4,5,7,1,1,10,5,5,2,16,6,3,10,1,1,B03,7,5,1,8,2,1,,6,6,1,21,1,B03,120.686448,24.095481,2
2022,4,27,16,54,臺中市,大里區,0,0,0,8,,,60,,,,,,,,,,,,,,,16,,,,,B03,,,1,,2,,,16,16,1,21,,B03,120.669347,24.103434,3
2022,4,27,17,0,臺中市,太平區,0,0,0,8,,,30,,,,,,,,,,,,,,,12,,,,,B03,,,1,,11,,,12,12,1,19,,B03,120.714529,24.126411,3
2022,4,27,17,0,臺中市,豐原區,0,0,0,8,,,30,,,,,,,,,,,,,,,43,,,,,B03,,,1,,11,,,42,43,1,22,,B03,120.73143,24.239895,3
2022,4,27,17,4,臺中市,北區,0,0,0,8,,,50,,,,,,,,,,,,,,,12,,,,,B03,,,1,,2,,,12,12,1,22,,B03,120.685824,24.14782,3
2022,4,27,17,4,臺中市,大里區,0,0,0,8,,,50,,,,,,,,,,,,,,,6,,,,,B03,,,1,,2,,,6,6,1,21,,B03,120.68467,24.115423,3
2022,4,27,17,5,臺中市,豐原區,0,3,0,8,2,5,50,3,2,1,5,4,5,7,3,1,5,5,4,2,13,23,2,9,3,4,C03,7,9,1,10,2,11,,23,23,1,22,8,C03,120.739022,24.257152,2
2022,4,27,17,6,臺中市,東區,0,0,0,8,,,50,,,,,,,,,,,,,,,23,,,,,B03,,,1,,2,,,23,23,1,22,,B03,120.69239,24.143198,3
2022,4,27,17,10,臺中市,豐原區,0,0,0,,,,30,,,,,,,,,,,,,,,12,,,,,B03,,,1,,2,,,12,12,1,21,,B03,120.725454,24.238009,3
2022,4,27,17,11,臺中市,烏日區,0,0,0,8,,,50,,,,,,,,,,,,,,,8,,,,,C03,,,1,,2,,,8,8,1,21,,C03,120.641759,24.108973,3
2022,4,27,17,12,臺中市,沙鹿區,0,0,0,8,,,60,,,,,,,,,,,,,,,42,,,,,B03,,,1,,9,,,42,42,1,22,,B03,120.561149,24.208625,3
2022,4,27,17,13,臺中市,東勢區,0,3,0,8,1,5,30,4,1,1,5,4,5,7,4,4,10,5,5,2,16,6,2,9,1,4,C03,7,9,1,10,2,11,,6,6,1,22,9,C03,120.828866,24.259431,2
2022,4,27,17,14,臺中市,大肚區,0,2,0,8,1,5,30,4,1,1,5,4,5,7,4,4,10,5,5,2,15,6,2,7,1,1,C03,7,1,1,10,2,11,,6,6,1,4,8,C03,120.54656,24.148415,2
2022,4,27,17,14,臺中市,清水區,0,0,0,8,,,50,,,,,,,,,,,,,,,44,,,,,B03,,,1,,2,,,44,44,1,21,,B03,120.561971,24.285872,3
2022,4,27,17,15,臺中市,南屯區,0,1,0,8,1,5,40,14,8,1,5,4,5,7,1,1,1,4,1,2,13,23,3,10,1,1,C03,7,9,1,10,2,11,,23,23,1,22,8,C03,120.638335,24.118471,2
2022,4,27,17,16,臺中市,南區,0,1,0,8,1,5,50,4,1,1,5,4,5,7,2,1,10,5,5,2,12,7,3,10,1,1,B12,7,8,1,8,2,2,,7,7,1,21,8,B12,120.661925,24.130102,2
2022,4,27,17,17,臺中市,太平區,0,1,0,8,1,5,30,14,9,1,5,4,5,7,4,4,5,5,5,2,20,43,2,9,1,1,C03,7,9,1,10,2,11,,43,43,1,21,8,C03,120.749281,24.161114,2
2022,4,27,17,19,臺中市,神岡區,0,0,0,8,,,50,,,,,,,,,,,,,,,16,,,,,C03,,,1,,1,,,16,16,1,22,,C03,120.692785,24.238143,3
2022,4,27,17,20,臺中市,清水區,0,0,0,8,,,50,,,,,,,,,,,,,,,45,,,,,B03,,,1,,9,,,45,45,2,21,,B03,120.563091,24.263853,3
2022,4,27,17,25,臺中市,南屯區,0,0,0,,,,50,,,,,,,,,,,,,,,12,,,,,B11,,,1,,1,,,12,12,1,12,,B11,120.634951,24.146969,3
2022,4,27,17,26,臺中市,西區,0,1,0,8,2,5,50,4,1,1,5,4,5,7,1,1,10,5,5,2,16,23,2,9,1,1,C03,7,15,1,10,1,11,,23,23,1,21,8,C03,120.661677,24.137964,2
2022,4,27,17,27,臺中市,北區,0,0,0,8,,,50,,,,,,,,,,,,,,,43,,,,,C03,,,1,,2,,,43,43,1,22,,C03,120.668278,24.167117,3
2022,4,27,17,27,臺中市,太平區,0,1,0,8,1,5,40,14,12,1,5,4,5,7,4,4,5,5,4,1,17,23,2,7,1,1,C03,7,9,1,10,2,11,,23,23,1,18,8,C03,120.72963,24.150359,2
2022,4,27,17,29,臺中市,龍井區,0,1,0,8,1,5,50,4,1,1,5,4,5,7,3,1,10,5,5,2,29,43,2,8,1,1,C03,7,9,1,10,2,12,,43,43,1,12,8,C03,120.51394,24.213931,2
2022,4,27,17,32,臺中市,南屯區,0,1,0,8,2,5,50,3,9,1,5,4,5,7,4,4,10,5,5,2,16,26,2,8,1,4,C03,7,7,1,10,2,13,,26,26,1,22,8,C03,120.595448,24.140236,2
2022,4,27,17,35,臺中市,大肚區,0,0,0,8,1,2,50,5,1,1,5,4,5,7,1,1,1,3,4,2,13,16,3,10,1,1,A12,7,1,1,3,2,1,,16,16,1,10,1,A12,120.563138,24.124082,3
2022,4,27,17,40,臺中市,梧棲區,0,0,0,8,,,30,,,,,,,,,,,,,,,18,,,,,B12,,,1,,1,,,18,18,1,22,,B12,120.544032,24.246263,3
2022,4,27,17,41,臺中市,霧峰區,0,1,0,8,2,5,30,14,9,1,5,4,5,7,4,4,10,5,5,2,13,23,3,10,1,1,B03,7,9,1,8,2,5,,23,23,1,22,8,B03,120.69323,24.037865,2
2022,4,27,17,45,臺中市,大肚區,0,3,0,8,1,5,30,4,1,1,5,4,5,7,4,4,10,5,5,2,15,6,2,8,1,1,C03,7,9,1,10,2,12,,6,6,1,11,1,C03,120.56073,24.118104,2
2022,4,27,17,47,臺中市,大甲區,0,0,0,8,,,50,,,,,,,,,,,,,,,18,,,,,C03,,,1,,1,,,18,18,1,21,,C03,120.624751,24.344423,3
2022,4,27,17,56,臺中市,東區,0,0,0,,,,50,,,,,,,,,,,,,,,6,,,,,B03,,,1,,2,,,6,6,1,22,,B03,120.687363,24.130133,3
2022,4,27,17,57,臺中市,北屯區,0,3,0,8,1,5,50,4,1,1,5,4,5,7,1,1,10,5,5,2,15,25,2,9,1,1,B03,7,9,1,8,2,5,,25,25,1,21,8,B03,120.673617,24.200757,2
2022,4,27,18,0,臺中市,大里區,0,0,0,8,,,50,,,,,,,,,,,,,,,23,,,,,B03,,,1,,2,,,23,23,1,22,,B03,120.690853,24.109156,3
2022,4,27,18,4,臺中市,南屯區,0,0,0,8,,,50,,,,,,,,,,,,,,,16,,,,,B03,,,1,,2,,,16,16,1,3,,B03,120.632269,24.145325,3
2022,4,27,18,5,臺中市,神岡區,0,0,0,8,,,50,,,,,,,,,,,,,,,44,,,,,C03,,,1,,1,,,44,44,1,22,,C03,120.655916,24.260096,4
2022,4,27,18,7,臺中市,西屯區,0,1,0,8,2,5,50,3,1,1,5,4,5,7,1,1,1,1,4,2,16,6,3,10,1,1,B03,7,5,1,8,1,1,,6,6,1,22,8,B03,120.640804,24.165075,2
2022,4,27,18,10,臺中市,大里區,0,2,0,8,3,5,50,4,1,1,5,4,5,7,4,4,10,5,5,2,16,6,3,10,1,1,B03,7,5,1,8,2,5,,6,6,1,21,8,B03,120.680193,24.100517,2
2022,4,27,18,14,臺中市,太平區,0,1,0,8,1,5,50,4,1,1,5,4,5,7,1,1,5,5,5,2,13,23,3,10,1,1,C03,7,9,1,10,2,11,,23,23,1,21,8,C03,120.705054,24.148299,2
2022,4,27,18,18,臺中市,西區,0,0,0,,,,50,,,,,,,,,,,,,,,7,,,,,B03,,,1,,2,,,7,7,1,21,,B03,120.663098,24.146656,3
2022,4,27,18,33,臺中市,西屯區,0,0,0,8,,,50,,,,,,,,,,,,,,,23,,,,,B03,,,1,,1,,,23,23,1,22,,B03,120.642693,24.15963,3
2022,4,27,18,40,臺中市,潭子區,0,2,0,8,3,5,50,14,9,1,5,4,5,7,4,4,5,4,5,1,3,51,2,9,4,5,H01,8,16,8,20,10,16,,51,51,1,22,9,H01,120.701798,24.211733,2
2022,4,27,18,40,臺中市,北屯區,0,1,0,8,3,5,50,3,18,1,5,4,5,7,1,1,10,5,5,2,3,15,3,10,1,1,B12,7,5,1,8,2,1,,15,15,1,21,8,B12,120.702878,24.169515,2
2022,4,27,18,43,臺中市,西區,0,0,0,8,,,30,,,,,,,,,,,,,,,23,,,,,B12,,,1,,1,,,23,23,1,5,,B12,120.655136,24.15278,3
2022,4,27,18,53,臺中市,南屯區,0,0,0,8,,,50,,,,,,,,,,,,,,,12,,,,,B03,,,1,8,1,,,12,12,1,12,,B03,120.626551,24.151663,3
2022,4,27,19,10,臺中市,北屯區,0,1,0,8,3,5,50,3,1,1,5,4,5,7,4,4,1,4,5,2,17,6,3,10,1,1,B03,7,6,1,8,2,2,,6,6,1,21,8,B03,120.722176,24.187363,2
2022,4,27,19,19,臺中市,太平區,0,0,0,8,,,50,,,,,,,,,,,,,,,18,,,,,B03,,,1,,9,,,18,18,1,21,,B03,120.70522,24.160341,3
2022,4,27,19,20,臺中市,南屯區,0,1,0,8,3,5,50,14,9,1,5,4,5,7,4,4,1,4,5,2,18,13,2,9,1,1,C03,7,9,1,10,2,12,,13,13,1,22,8,C03,120.64698,24.124688,2
2022,4,27,19,23,臺中市,霧峰區,0,0,0,8,,,50,,,,,,,,,,,,,,,16,,,,,B03,,,1,,2,,,16,16,1,21,,B03,120.691761,24.042797,3
2022,4,27,19,31,臺中市,豐原區,0,0,0,8,,,50,,,,,,,,,,,,,,,23,,,,,B03,,,1,,2,,,23,23,1,22,,B03,120.713675,24.24882,3
2022,4,27,19,35,臺中市,大雅區,0,2,0,8,3,5,30,14,9,1,5,4,5,7,4,4,10,5,5,2,17,23,2,9,1,1,C03,7,9,1,10,2,11,,23,23,1,22,9,C03,120.644834,24.221288,2
2022,4,27,19,58,臺中市,南屯區,0,0,0,8,,,50,,,,,,,,,,,,,,,12,,,,,C03,,,1,,10,,,12,12,1,22,,C03,120.649643,24.145085,3
2022,4,27,19,59,臺中市,外埔區,0,0,0,8,3,5,50,14,7,1,5,4,5,7,4,4,9,5,4,1,13,16,3,10,1,1,B03,7,9,1,8,2,1,,16,16,1,21,8,B03,120.6388,24.341566,3
2022,4,27,20,1,臺中市,大里區,0,1,0,8,3,5,50,14,9,1,5,4,5,7,4,4,5,5,5,2,17,23,2,9,1,1,C03,7,9,1,10,2,12,,23,23,1,22,8,C03,120.699473,24.095623,2
2022,4,27,20,3,臺中市,龍井區,0,1,0,8,3,5,50,4,1,1,5,4,5,7,3,1,10,5,5,1,16,6,2,9,1,1,C03,7,6,1,10,2,11,,6,6,1,21,8,C03,120.523515,24.197021,2
2022,4,27,20,6,臺中市,南屯區,0,0,0,8,,,50,,,,,,,,,,,,,,,1,,,,,F03,,,8,,2,,,1,1,1,16,,F03,120.648623,24.154664,3
2022,4,27,20,12,臺中市,北屯區,0,2,0,8,3,5,50,4,1,1,5,4,5,7,1,1,10,5,5,2,16,25,2,9,1,1,C03,7,9,3,18,1,11,,25,25,1,18,8,C03,120.694256,24.171147,2
2022,4,27,20,14,臺中市,北區,0,1,0,8,3,5,50,14,7,1,5,4,5,7,4,4,1,4,4,2,12,43,3,10,1,1,C03,7,15,1,10,2,14,,43,43,1,5,8,C03,120.685681,24.162864,2
2022,4,27,20,24,臺中市,西屯區,0,1,0,8,3,5,50,15,7,1,5,4,5,7,4,4,5,4,4,2,13,16,2,9,1,4,C03,7,9,1,10,2,11,,16,16,1,22,8,C03,120.64917,24.174854,2
2022,4,27,20,30,臺中市,沙鹿區,0,2,0,8,1,5,15,4,2,1,5,4,5,7,4,4,10,5,5,2,16,6,2,6,1,1,C03,7,5,3,18,2,14,,6,6,1,22,9,C03,120.55473,24.23155,2
2022,4,27,20,31,臺中市,太平區,0,1,0,8,1,5,50,3,1,1,5,4,5,7,4,4,5,5,5,2,16,9,3,10,1,1,B03,7,6,1,8,1,2,,9,9,1,21,8,B03,120.713276,24.159885,2
2022,4,27,20,40,臺中市,南屯區,0,2,0,8,3,5,50,4,2,1,5,4,5,7,1,1,10,5,5,2,13,16,2,8,3,4,C03,7,9,1,10,2,11,,16,16,1,12,8,C03,120.628409,24.145055,2
2022,4,27,20,40,臺中市,大里區,0,1,0,8,3,5,50,14,9,1,5,4,5,7,4,4,5,2,5,2,14,12,3,10,1,1,B03,7,2,1,8,2,7,,12,12,1,6,8,B03,120.683938,24.115501,2
2022,4,27,20,45,臺中市,南區,0,0,0,,,,50,,,,,,,,,,,,,,,23,,,,,B03,,,1,,2,,,23,23,1,22,,B03,120.678696,24.118901,3
2022,4,27,20,46,臺中市,南屯區,0,0,0,8,,,50,,,,,,,,,,,,,,,12,,,,,B03,,,1,,2,,,12,12,1,22,,B03,120.615746,24.151366,3
2022,4,27,20,51,臺中市,西屯區,0,0,0,8,,,40,,,,,,,,,,,,,,,12,,,,,B03,,,1,,1,,,12,12,1,22,,B03,120.634391,24.1615,3
2022,4,27,21,14,臺中市,梧棲區,0,0,0,8,,,50,,,,,,,,,,,,,,,23,,,,,B03,,,1,,2,,,23,23,1,2,,B03,120.544438,24.2455,3
2022,4,27,21,27,臺中市,神岡區,0,1,0,8,3,5,50,14,9,1,5,4,5,7,1,1,5,5,5,1,13,16,3,10,1,1,B12,7,9,1,8,2,1,,16,16,1,22,8,B12,120.67392,24.26123,2
2022,4,27,21,30,臺中市,北屯區,0,0,0,8,,,50,,,,,,,,,,,,,,,16,,,,,B03,,,1,,1,,,16,16,1,21,,B03,120.697928,24.17099,3
2022,4,27,21,32,臺中市,東區,0,2,0,8,3,5,50,4,1,1,5,4,5,7,2,1,10,5,5,2,2,26,2,9,1,1,C03,7,5,1,10,2,14,,26,26,1,21,1,C03,120.690791,24.12646,2
2022,4,27,22,18,臺中市,西屯區,0,0,0,8,,,30,,,,,,,,,,,,,,,23,,,,,C03,,,1,,11,,,23,23,2,21,,C03,120.640151,24.17199,3
2022,4,27,22,25,臺中市,清水區,0,6,0,8,3,5,50,4,1,1,5,4,5,7,4,4,10,5,5,2,15,6,2,1,1,1,B02,7,9,1,8,2,4,1,23,6,1,5,5,B02,120.540924,24.265426,2
2022,4,27,22,26,臺中市,大甲區,0,3,0,8,3,5,50,4,1,1,5,4,5,7,3,1,10,5,5,2,17,6,2,9,1,1,C03,7,9,2,18,2,14,11,6,6,1,15,7,C03,120.646151,24.404363,2
2022,4,27,22,28,臺中市,西屯區,0,0,0,8,,,40,,,,,,,,,,,,,,,23,,,,,B03,,,1,,10,,,23,23,1,22,,B03,120.665831,24.176338,3
2022,4,27,22,30,臺中市,梧棲區,0,1,0,8,3,5,50,14,8,1,5,4,5,7,4,4,5,4,5,1,16,23,2,9,1,1,C03,7,9,1,10,11,11,,23,23,1,11,8,C03,120.527301,24.242686,2
2022,4,27,22,36,臺中市,東區,0,0,0,8,,,30,,,,,,,,,,,,,,,6,,,,,C03,,,1,10,2,,,6,6,1,21,,C03,120.695509,24.149992,3
2022,4,27,22,53,臺中市,西屯區,0,0,0,8,,,50,,,,,,,,,,,,,,,12,,,,,B03,,,1,,2,,,12,12,1,22,,B03,120.643781,24.176144,3
2022,4,27,22,54,臺中市,北區,0,2,0,8,3,5,30,4,1,1,5,4,5,7,4,4,10,5,5,2,15,6,2,9,1,1,C03,7,9,1,10,2,11,,6,6,1,21,8,C03,120.695234,24.156711,2
2022,4,27,23,35,臺中市,大里區,0,1,0,8,3,5,30,14,9,1,5,4,5,7,4,4,10,5,5,1,13,23,3,10,1,1,B03,7,5,1,8,2,5,,23,23,1,22,8,B03,120.698886,24.089725,2
2022,4,27,23,53,臺中市,沙鹿區,0,1,0,8,3,5,50,3,1,1,5,4,5,7,1,1,10,5,5,2,29,14,2,7,2,1,C03,7,9,6,10,9,12,,14,14,1,22,9,C03,120.556749,24.222639,2
2022,4,28,4,2,臺中市,北屯區,0,0,0,8,,,50,,,,,,,,,,,,,,,6,,,,,B01,,,1,,1,,,6,6,1,5,,B01,120.662926,24.197506,3
2022,4,28,5,3,臺中市,沙鹿區,0,1,0,8,1,5,50,4,1,1,5,4,5,7,3,1,10,5,5,2,15,6,2,9,3,4,C03,7,9,1,10,2,11,,6,6,1,21,8,C03,120.565021,24.241838,2
2022,4,28,5,34,臺中市,大肚區,0,1,0,8,2,5,50,14,9,1,5,4,5,7,4,4,5,5,5,1,17,19,3,10,1,4,B03,7,1,1,8,2,4,,19,19,1,22,8,B03,120.579943,24.171163,2
2022,4,28,6,0,臺中市,西屯區,0,0,0,8,,,70,,,,,,,,,,,,,,,43,,,,,A41,,,1,,11,,,43,43,1,21,,A41,120.603256,24.175221,3
2022,4,28,6,27,臺中市,南區,0,0,0,8,,,50,,,,,,,,,,,,,,,42,,,,,B03,,,1,,2,,,42,42,1,22,,B03,120.670451,24.120414,3
2022,4,28,6,49,臺中市,石岡區,0,2,0,8,1,5,50,3,2,1,5,4,5,7,4,4,5,5,5,1,16,26,2,9,1,1,C03,7,5,1,10,2,14,,26,26,1,22,8,C03,120.76537,24.277693,2
2022,4,28,6,53,臺中市,北區,0,2,0,8,1,5,40,4,1,1,5,4,5,7,1,1,10,5,5,2,13,23,2,9,1,1,C03,7,9,4,8,2,11,,23,23,1,22,9,C03,120.694218,24.161292,2
2022,4,28,6,53,臺中市,豐原區,0,1,0,8,1,5,30,14,9,1,5,4,3,7,4,4,10,5,5,2,17,5,3,10,1,1,B03,7,9,1,3,2,8,,5,5,1,22,8,B03,120.73787,24.251595,2
2022,4,28,6,59,臺中市,南區,0,1,0,8,1,5,50,11,8,1,5,4,5,7,4,4,1,5,5,1,16,6,3,10,1,1,B03,7,6,1,8,2,2,,6,6,1,22,8,B03,120.679008,24.118871,2
2022,4,28,7,9,臺中市,南屯區,0,0,0,8,,,40,,,,,,,,,,,,,,,19,,,,,B03,,,1,,2,,,19,19,1,22,,B03,120.623098,24.14534,3
2022,4,28,7,11,臺中市,太平區,0,0,0,8,,,50,,,,,,,,,,,,,,,23,,,,,C03,,,1,,2,,,23,23,1,18,,C03,120.71987,24.129974,3
2022,4,28,7,20,臺中市,北屯區,0,0,0,8,,,80,,,,,,,,,,,,,,,43,,,,,B03,,,1,,1,,,43,43,1,5,,B03,120.722505,24.188816,3
2022,4,28,7,20,臺中市,大里區,0,2,0,8,1,5,50,14,9,1,5,4,5,7,4,4,5,2,5,2,12,23,2,9,1,1,C03,7,9,1,10,2,11,,23,23,1,9,8,C03,120.681075,24.11164,2
2022,4,28,7,20,臺中市,霧峰區,0,2,0,8,1,5,50,3,1,1,5,4,5,7,4,4,10,5,5,2,16,6,2,9,1,1,C03,7,5,1,10,2,11,,6,6,1,9,8,C03,120.698894,24.066033,2
2022,4,28,7,20,臺中市,豐原區,0,3,0,8,1,5,50,4,2,1,5,4,5,7,1,1,3,3,3,1,17,4,2,8,3,4,C03,7,9,1,10,2,11,,4,4,1,22,8,C03,120.723655,24.244844,2
2022,4,28,7,25,臺中市,清水區,0,2,0,8,1,5,50,4,1,1,5,4,5,7,4,4,10,5,5,2,16,19,2,9,3,4,C03,7,1,1,10,2,11,,19,19,1,22,8,C03,120.588297,24.297027,2
2022,4,28,7,26,臺中市,大里區,0,1,0,8,1,5,50,14,9,1,5,4,5,7,4,4,9,4,5,2,13,16,2,8,1,1,F03,7,9,8,20,2,16,,16,16,1,16,8,F03,120.710882,24.090936,2
2022,4,28,7,30,臺中市,東區,0,0,0,,,,50,,,,,,,,,,,,,,,44,,,,,A04,,,1,,2,,,44,44,1,22,,A04,120.699066,24.132897,3
2022,4,28,7,31,臺中市,潭子區,0,1,0,8,1,5,50,14,9,1,5,4,5,7,4,4,9,4,4,2,17,23,3,10,1,1,C03,7,9,1,10,2,11,,23,23,1,22,8,C03,120.693446,24.229911,2
2022,4,28,7,31,臺中市,豐原區,0,1,0,8,1,5,50,3,1,1,5,4,5,7,4,4,10,5,5,2,18,42,2,9,1,1,C03,7,9,1,10,2,15,,42,42,1,22,8,C03,120.716971,24.232973,2
2022,4,28,7,38,臺中市,南區,0,0,0,,,,50,,,,,,,,,,,,,,,23,,,,,B03,,,1,,11,,,23,23,1,21,,B03,120.653543,24.120395,3
2022,4,28,7,39,臺中市,大里區,0,0,0,8,,,40,,,,,,,,,,,,,,,42,,,,,B03,,,1,,1,,,42,42,1,5,,B03,120.700165,24.102586,3
2022,4,28,7,43,臺中市,西屯區,0,1,0,8,1,5,50,4,1,1,5,4,5,7,4,4,10,5,5,2,16,6,3,10,1,1,B03,7,9,1,8,1,5,,6,6,1,4,8,B03,120.663983,24.16562,2
2022,4,28,7,43,臺中市,豐原區,0,2,0,8,1,5,50,4,2,1,5,4,5,7,3,1,4,5,5,2,17,6,2,9,1,1,F02,7,5,8,20,2,16,,6,6,1,20,5,F02,120.720811,24.250566,2
2022,4,28,7,45,臺中市,烏日區,0,2,0,8,1,5,30,4,1,1,5,4,5,7,4,4,10,5,5,2,15,6,2,9,1,1,B03,7,9,1,8,2,5,,6,6,1,21,8,B03,120.612654,24.108726,2
2022,4,28,7,49,臺中市,太平區,0,0,0,8,,,50,,,,,,,,,,,,,,,25,,,,,B03,,,1,,1,,,44,25,1,21,,B03,120.703634,24.111207,3
2022,4,28,7,49,臺中市,大甲區,0,2,0,8,1,5,50,4,1,1,5,4,5,7,1,1,10,5,5,2,15,25,2,9,1,1,C03,7,9,1,10,2,11,,25,25,1,4,1,C03,120.620295,24.350816,2
2022,4,28,7,50,臺中市,大里區,0,1,0,8,1,5,50,14,9,1,5,4,5,7,4,4,9,4,5,1,29,42,2,9,1,1,C03,7,9,1,10,2,14,,42,42,1,12,8,C03,120.695773,24.096526,2
2022,4,28,7,50,臺中市,神岡區,0,0,0,8,,,50,,,,,,,,,,,,,,,16,,,,,B03,,,1,,1,,,16,16,1,12,,B03,120.662334,24.271938,4
2022,4,28,7,51,臺中市,西屯區,0,0,0,8,,,50,,,,,,,,,,,,,,,17,,,,,B12,,,1,,2,,,17,17,1,22,,B12,120.656875,24.19823,3
2022,4,28,7,51,臺中市,豐原區,0,1,0,8,1,5,50,4,1,1,5,4,5,7,1,1,5,2,5,1,13,16,3,10,1,1,C03,7,9,1,10,2,11,,16,16,1,21,1,C03,120.720666,24.267383,2