年,月,日,時,分,縣市,區,死,受傷,2-30,天候,光線,道路類別,速限,道路型態,事故位置,路面鋪裝,路面狀態,路面缺陷,障礙物,視距,號誌種類,號誌動作,分向設施,快車道或一般車道間,快慢車道間,路面邊線,事故類型及型態,主要肇因,受傷程度,主要傷處,保護裝備,行動電話,當事者區分,車輛用途,當事者行動狀態,駕駛資格情形,駕駛執照種類,飲酒情形,車輛撞擊部位最初,車輛撞擊部位其他,肇事因素個別,肇事因素主要,肇事逃逸,職業,旅次目的,車種,GPS緯度,GPS經度,事故類別
2022,4,28,7,55,臺中市,大里區,0,3,0,8,1,5,50,14,9,1,5,4,5,7,4,4,5,5,5,1,3,52,2,9,4,5,H01,8,16,8,20,10,16,,52,52,1,9,8,H01,120.70163,24.088644,2
2022,4,28,7,57,臺中市,南屯區,0,1,0,8,2,5,50,4,1,1,5,4,5,7,4,4,10,5,5,2,15,6,2,9,1,1,C03,7,9,1,10,2,14,,14,14,1,9,1,C03,120.61342,24.146995,2
2022,4,28,8,0,臺中市,南屯區,0,2,0,8,1,5,50,14,9,1,5,4,5,7,4,4,9,5,5,2,17,6,2,9,1,1,C03,7,5,1,10,2,14,,6,6,1,22,8,C03,120.637011,24.140801,2
2022,4,28,8,7,臺中市,南屯區,0,0,0,,,,40,,,,,,,,,,,,,,,23,,,,,B03,,,1,,2,,,23,23,1,22,,B03,120.622728,24.145341,3
2022,4,28,8,7,臺中市,西屯區,0,1,0,8,1,5,30,5,1,1,5,4,5,7,4,4,10,5,5,2,16,6,3,10,1,1,B03,7,5,1,8,2,8,,6,6,1,22,8,B03,120.659691,24.202533,2
2022,4,28,8,10,臺中市,西區,0,1,0,8,1,5,50,4,1,1,5,4,5,7,1,1,10,5,5,2,16,23,2,9,1,1,C03,7,9,1,10,2,11,,23,23,1,21,8,C03,120.652162,24.146736,2
2022,4,28,8,10,臺中市,東區,0,0,0,8,,,50,,,,,,,,,,,,,,,7,,,,,B03,,,1,,2,,,7,7,1,22,,B03,120.683476,24.133873,3
2022,4,28,8,12,臺中市,南屯區,0,0,0,8,,,50,,,,,,,,,,,,,,,42,,,,,B12,,,1,,2,,,42,42,1,9,,B12,120.61467,24.14838,3
2022,4,28,8,12,臺中市,豐原區,0,1,0,8,1,5,50,14,9,1,5,4,5,7,4,4,8,3,5,1,17,23,3,10,3,4,B03,7,9,1,8,2,1,,23,23,1,22,8,B03,120.725127,24.250405,2
2022,4,28,8,14,臺中市,烏日區,0,1,0,8,1,5,50,14,9,1,5,4,5,7,4,4,4,4,5,1,16,11,2,8,1,1,F03,7,11,8,20,2,16,,11,11,1,22,8,F03,120.643515,24.077978,2
2022,4,28,8,15,臺中市,大里區,0,0,0,8,,,50,,,,,,,,,,,,,,,23,,,,,B03,,,1,,2,,,23,23,1,12,,B03,120.687554,24.086311,3
2022,4,28,8,17,臺中市,北屯區,0,2,0,8,1,5,50,4,2,1,5,4,5,7,2,1,1,4,5,2,12,1,2,8,1,1,C03,7,4,1,10,2,14,,1,1,1,18,8,C03,120.669435,24.177219,2
2022,4,28,8,20,臺中市,大里區,0,1,0,8,1,5,50,3,1,1,5,4,5,7,1,1,10,5,5,2,16,44,3,10,1,1,B12,7,5,1,8,2,2,,44,44,1,9,3,B12,120.729757,24.091433,2
2022,4,28,8,27,臺中市,烏日區,0,0,0,8,,,50,,,,,,,,,,,,,,,17,,,,,B03,,,1,,2,,,17,17,1,22,,B03,120.616684,24.113986,3
2022,4,28,8,30,臺中市,東區,0,0,0,,,,50,,,,,,,,,,,,,,,27,,,,,B03,,,1,,2,,,27,27,1,22,,B03,120.694327,24.144291,3
2022,4,28,8,30,臺中市,西屯區,0,1,0,8,1,5,50,14,9,1,5,4,5,7,4,4,5,4,5,2,13,16,2,9,1,1,C03,7,9,1,10,2,11,,16,16,1,21,8,C03,120.654022,24.15608,2
2022,4,28,8,33,臺中市,西區,0,1,0,8,1,5,50,4,1,1,5,4,5,7,4,4,10,5,5,2,15,6,3,10,1,1,B03,7,9,1,8,2,4,,6,6,1,5,1,B03,120.673063,24.134209,2
2022,4,28,8,36,臺中市,潭子區,0,1,0,8,1,5,50,4,1,1,5,4,5,7,1,1,1,4,4,1,13,7,3,10,1,1,B12,7,8,1,8,2,6,,7,7,1,9,8,B12,120.684834,24.21627,2
2022,4,28,8,40,臺中市,北屯區,0,0,0,8,,,50,,,,,,,,,,,,,,,6,,,,,B03,,,1,,1,,,6,6,1,22,,B03,120.669415,24.177239,3
2022,4,28,8,44,臺中市,龍井區,0,1,0,8,1,5,60,4,1,1,5,4,5,7,1,1,10,5,5,2,16,9,3,10,1,1,A12,7,6,1,7,2,2,,9,9,1,10,8,A12,120.52338,24.219353,2
2022,4,28,8,45,臺中市,東區,0,2,0,8,1,5,50,4,2,1,5,4,5,7,1,1,9,4,5,2,3,23,2,9,1,1,C03,7,9,1,10,2,11,12,23,23,1,5,1,C03,120.653045,24.117713,2
2022,4,28,8,51,臺中市,西區,0,0,0,,,,50,,,,,,,,,,,,,,,23,,,,,A41,,,1,,1,,,23,23,1,10,,A41,120.65457,24.148699,3
2022,4,28,8,55,臺中市,北屯區,0,1,0,8,1,5,50,4,1,1,5,4,5,7,4,4,10,5,5,2,16,8,3,10,1,1,B03,7,5,1,8,2,8,,8,8,1,21,8,B03,120.696243,24.177659,2
2022,4,28,8,56,臺中市,豐原區,0,1,0,8,1,5,30,3,1,1,5,4,5,7,4,4,10,4,4,1,16,6,3,10,1,1,C03,7,5,4,8,2,11,,6,6,1,21,8,C03,120.72858,24.263678,2
2022,4,28,9,13,臺中市,西屯區,0,0,0,8,,,50,,,,,,,,,,,,,,,26,,,,,B03,,,1,,1,,,26,26,1,4,,B03,120.651806,24.165934,3
2022,4,28,9,14,臺中市,西屯區,0,1,0,8,1,5,50,4,1,1,5,4,5,7,4,4,10,5,5,2,16,9,3,10,3,4,B03,7,6,1,8,2,6,,9,9,1,22,8,B03,120.644483,24.20297,2
2022,4,28,9,16,臺中市,大甲區,0,2,0,8,1,5,50,14,9,1,5,4,5,7,4,4,9,5,4,2,13,23,2,9,1,1,C03,7,5,1,10,2,13,,23,23,1,4,1,C03,120.625506,24.343613,2
2022,4,28,9,20,臺中市,大里區,0,0,0,8,,,50,,,,,,,,,,,,,,,38,,,,,B01,,,1,,9,,,38,38,1,10,,B01,120.689386,24.108519,3
2022,4,28,9,25,臺中市,大里區,0,0,0,8,,,50,,,,,,,,,,,,,,,42,,,,,B12,,,1,,2,,,42,42,1,10,,B12,120.690288,24.08445,3
2022,4,28,9,30,臺中市,西屯區,0,1,0,8,1,5,40,14,7,1,5,4,5,7,4,4,9,4,4,2,12,10,3,10,1,1,B03,7,11,1,8,7,4,,10,10,1,12,8,B03,120.660486,24.169173,2
2022,4,28,9,30,臺中市,西屯區,0,0,0,8,,,50,,,,,,,,,,,,,,,42,,,,,B03,,,1,,1,,,42,42,1,22,,B03,120.602375,24.183301,3
2022,4,28,9,37,臺中市,龍井區,0,2,0,8,1,5,30,4,1,1,5,4,5,7,4,4,10,5,5,2,15,6,2,9,1,1,C03,7,9,1,10,2,12,,6,6,1,12,8,C03,120.532088,24.191275,2
2022,4,28,9,38,臺中市,東勢區,0,2,0,8,1,5,50,14,9,1,5,4,5,7,4,4,5,5,5,1,13,23,2,9,3,4,C03,7,9,2,18,2,11,,23,23,1,22,8,C03,120.791206,24.285419,2
2022,4,28,9,40,臺中市,烏日區,0,1,0,8,1,5,40,14,7,1,5,4,5,7,4,4,9,4,4,2,16,10,3,10,1,1,B01,7,11,1,3,2,8,,10,10,1,10,8,B01,120.620581,24.111018,2
2022,4,28,9,41,臺中市,后里區,0,0,0,8,1,5,50,4,2,1,5,4,5,7,1,1,5,5,4,2,17,23,3,10,1,1,B03,7,5,1,8,1,8,,23,23,1,21,8,B03,120.713033,24.305182,3
2022,4,28,9,48,臺中市,南區,0,2,0,8,1,5,50,4,3,1,5,4,5,7,1,1,9,4,4,2,12,23,2,9,1,1,C03,7,9,1,10,2,11,12,23,23,1,5,1,C03,120.652766,24.117995,2
2022,4,28,9,53,臺中市,大甲區,0,1,0,8,1,5,50,14,9,1,5,4,5,7,4,4,9,5,4,1,17,4,3,10,1,1,C03,7,9,1,10,2,11,,4,4,1,4,1,C03,120.6283,24.342699,2
2022,4,28,9,59,臺中市,南屯區,0,0,0,8,,,40,,,,,,,,,,,,,,,23,,,,,B03,,,1,,2,,,23,23,1,22,,B03,120.609672,24.137807,3
2022,4,28,10,0,臺中市,北屯區,0,1,0,8,1,5,60,14,7,1,5,4,5,7,4,4,1,2,1,2,13,16,3,10,1,1,A12,7,9,1,7,2,1,,16,16,1,5,8,A12,120.722835,24.162271,2
2022,4,28,10,6,臺中市,大甲區,0,2,0,8,1,5,50,4,1,1,5,4,5,7,3,1,10,5,5,2,15,6,2,9,1,1,B03,7,9,1,8,2,1,,6,6,1,4,1,B03,120.625859,24.349664,2
2022,4,28,10,9,臺中市,豐原區,0,1,0,8,1,5,50,5,9,1,5,4,5,7,1,1,5,5,5,1,16,17,2,9,1,1,C03,7,9,1,10,2,14,,17,17,1,22,8,C03,120.71563,24.251408,2
2022,4,28,10,10,臺中市,北屯區,0,0,0,8,,,50,,,,,,,,,,,,,,,19,,,,,B03,,,1,,1,,,19,19,1,21,,B03,120.713451,24.173149,3
2022,4,28,10,19,臺中市,南屯區,0,2,0,8,1,5,50,14,9,1,5,4,5,7,1,1,5,5,5,2,17,42,2,9,1,1,C03,7,9,1,10,2,11,,42,42,1,22,8,C03,120.654601,24.140186,2
2022,4,28,10,25,臺中市,大里區,0,1,0,8,1,5,40,4,1,1,5,4,5,7,1,1,10,5,5,2,18,23,2,9,1,1,C03,7,9,1,10,2,14,,23,23,1,19,8,C03,120.699104,24.110202,2
2022,4,28,10,27,臺中市,大里區,0,0,0,8,,,50,,,,,,,,,,,,,,,6,,,,,C03,,,4,,2,,,6,6,1,12,,C03,120.698979,24.087791,3
2022,4,28,10,33,臺中市,東區,0,1,0,8,1,5,50,3,2,1,5,4,5,7,2,1,5,4,4,2,13,23,3,10,1,1,C03,7,9,1,10,2,11,,23,23,1,22,8,C03,120.687541,24.140026,2
2022,4,28,10,35,臺中市,北屯區,0,1,0,8,1,5,50,3,1,1,5,4,5,7,4,4,1,5,5,2,16,43,3,10,1,1,B03,7,6,1,8,2,5,,43,43,1,22,8,B03,120.690295,24.171389,2
2022,4,28,10,40,臺中市,清水區,0,0,0,8,,,30,,,,,,,,,,,,,,,6,,,,,B12,,,1,,2,,,6,6,1,22,,B12,120.548934,24.262311,3
2022,4,28,10,45,臺中市,南屯區,0,0,0,8,,,30,,,,,,,,,,,,,,,23,,,,,B02,,,1,,2,,,23,23,1,22,,B02,120.641402,24.126927,3
2022,4,28,10,46,臺中市,豐原區,0,0,0,8,,,50,,,,,,,,,,,,,,,23,,,,,B03,,,1,,2,,,23,23,1,21,,B03,120.744383,24.264665,3
2022,4,28,10,52,臺中市,北屯區,0,0,0,,,,50,,,,,,,,,,,,,,,18,,,,,B03,,,1,,2,,,18,18,1,21,,B03,120.729119,24.173916,3
2022,4,28,10,55,臺中市,霧峰區,0,0,0,8,,,40,,,,,,,,,,,,,,,12,,,,,B03,,,1,,2,,,12,12,1,20,,B03,120.679824,24.065003,3
2022,4,28,10,55,臺中市,大里區,0,1,0,8,1,5,30,11,9,1,5,4,5,3,4,4,10,5,5,1,10,17,3,10,1,1,B03,7,9,1,8,2,4,,17,17,1,9,3,B03,120.712503,24.086719,2
2022,4,28,10,56,臺中市,大里區,0,3,0,8,1,5,50,4,2,1,5,4,5,7,1,1,10,5,5,1,16,26,3,10,1,1,B03,7,6,1,8,2,6,,26,26,1,5,8,B03,120.687946,24.09468,2
2022,4,28,11,0,臺中市,潭子區,0,2,0,8,1,5,60,4,2,1,5,4,5,7,2,1,1,3,4,1,17,23,2,9,1,1,C03,7,9,1,10,2,11,,23,23,1,22,8,C03,120.708055,24.227679,2
2022,4,28,11,0,臺中市,大里區,0,2,0,8,1,5,50,5,1,1,5,4,5,7,1,1,10,5,5,2,11,6,2,9,1,1,C03,7,5,1,10,2,11,,6,6,1,3,8,C03,120.690067,24.113029,2
2022,4,28,11,6,臺中市,西區,0,0,0,8,,,50,,,,,,,,,,,,,,,10,,,,,B02,,,1,,2,,,10,10,1,21,,B02,120.661553,24.147601,3
2022,4,28,11,6,臺中市,西屯區,0,2,0,8,1,5,50,4,1,1,5,4,5,7,1,1,10,5,5,2,16,6,2,9,1,1,C03,7,5,1,10,1,14,,6,6,1,4,8,C03,120.652444,24.15968,2
2022,4,28,11,6,臺中市,豐原區,0,0,0,8,,,50,,,,,,,,,,,,,,,42,,,,,H03,,,8,,10,,,42,42,1,20,,H03,120.706244,24.24988,3
2022,4,28,11,7,臺中市,南區,0,1,0,8,1,5,50,4,2,1,5,4,5,7,1,1,1,4,5,2,13,23,3,10,1,1,B12,7,9,1,10,2,1,,23,23,1,22,8,B12,120.668677,24.129025,2
2022,4,28,11,10,臺中市,中區,0,1,0,8,1,5,50,14,9,1,5,4,5,7,4,4,10,5,5,2,16,19,3,10,1,1,B03,7,1,1,8,2,1,,19,19,1,20,8,B03,120.677142,24.143583,2
2022,4,28,11,10,臺中市,豐原區,0,0,0,,,,50,,,,,,,,,,,,,,,23,,,,,B03,,,1,,2,,,23,23,1,22,,B03,120.714493,24.243801,3
2022,4,28,11,15,臺中市,西區,0,0,0,,,,50,,,,,,,,,,,,,,,23,,,,,B03,,,1,,2,,,23,23,1,21,,B03,120.659374,24.146581,3
2022,4,28,11,16,臺中市,西屯區,0,1,0,8,1,5,30,14,9,1,5,4,5,7,4,4,10,5,5,2,17,12,3,10,3,4,B12,7,2,1,8,2,7,,12,12,1,22,8,B12,120.65206,24.164986,2
2022,4,28,11,17,臺中市,北屯區,0,2,0,8,1,5,30,3,1,1,5,4,5,7,4,4,10,5,5,2,17,23,2,9,1,1,C03,7,9,1,10,2,11,12,23,23,1,5,8,C03,120.695308,24.171788,2
2022,4,28,11,35,臺中市,太平區,0,1,0,8,1,5,40,3,2,1,5,4,5,7,4,4,4,5,4,1,17,26,3,10,1,1,B12,7,11,1,8,2,7,,26,26,1,5,8,B12,120.729681,24.108893,2
2022,4,28,11,38,臺中市,龍井區,0,1,0,8,1,5,70,11,7,1,4,4,5,7,4,4,10,5,5,2,17,23,2,8,1,1,B12,7,9,1,8,2,2,,23,23,1,21,1,B12,120.580888,24.188498,2
2022,4,28,11,43,臺中市,北區,0,1,0,8,1,5,30,3,8,1,5,4,5,7,4,4,5,5,4,2,17,6,2,9,1,1,C04,7,5,1,8,11,12,,6,6,1,22,9,C04,120.664285,24.161608,2
2022,4,28,11,44,臺中市,北區,0,2,0,8,1,5,50,4,1,1,5,4,5,7,1,1,10,5,5,2,16,8,2,9,1,1,C03,7,5,1,10,2,14,13,8,8,1,22,8,C03,120.691825,24.160146,2
2022,4,28,11,48,臺中市,北屯區,0,1,0,8,1,5,50,14,9,1,5,4,5,7,4,4,9,5,5,2,16,19,3,10,1,1,C03,7,1,1,10,2,13,,19,19,1,22,8,C03,120.729825,24.158661,2
2022,4,28,11,48,臺中市,太平區,0,1,0,8,1,5,30,14,9,1,5,4,5,7,4,4,10,5,5,2,10,42,2,9,1,1,C03,7,9,6,10,2,11,,42,42,1,21,8,C03,120.702514,24.14646,2
2022,4,28,11,50,臺中市,大里區,0,0,0,8,,,30,,,,,,,,,,,,,,,12,,,,,A11,,,1,,1,,,12,12,1,10,,A11,120.709578,24.09151,3
2022,4,28,11,50,臺中市,豐原區,0,1,0,8,1,5,30,14,9,1,5,4,5,7,4,4,10,5,5,1,10,3,2,9,1,1,C03,7,9,1,10,2,11,,3,3,1,5,8,C03,120.731145,24.23872,2
2022,4,28,11,52,臺中市,潭子區,0,0,0,8,,,60,,,,,,,,,,,,,,,23,,,,,B03,,,1,,2,,,23,23,1,22,,B03,120.702234,24.192445,3
2022,4,28,12,0,臺中市,清水區,0,1,0,8,1,5,40,14,8,1,5,4,5,7,4,4,3,4,4,1,17,23,2,9,1,1,C03,7,9,1,10,2,11,,23,23,1,5,5,C03,120.591471,24.296324,2
2022,4,28,12,6,臺中市,西屯區,0,1,0,8,1,5,50,14,9,1,5,4,5,7,4,4,5,4,5,2,18,43,2,9,1,1,C03,7,9,1,10,1,12,,43,43,1,22,8,C03,120.620029,24.1831,2
2022,4,28,12,8,臺中市,北區,0,1,0,8,1,5,50,3,1,1,5,4,5,7,4,4,10,3,4,2,17,11,2,9,1,1,C03,7,11,6,18,2,14,,11,11,1,20,8,C03,120.673422,24.149743,2
2022,4,28,12,9,臺中市,北屯區,0,0,0,8,,,40,,,,,,,,,,,,,,,43,,,,,,,,,,,,,43,43,1,,,,120.729583,24.161062,3
2022,4,28,12,14,臺中市,大里區,0,2,0,8,1,5,50,3,9,1,5,4,5,7,4,4,9,5,5,2,16,10,2,9,1,1,F01,7,11,8,20,2,16,,10,10,1,5,8,F01,120.675841,24.092215,2
2022,4,28,12,15,臺中市,西屯區,0,0,0,8,,,50,,,,,,,,,,,,,,,6,,,,,C03,,,1,,2,,,6,6,1,12,,C03,120.643098,24.187328,3
2022,4,28,12,16,臺中市,南屯區,0,0,0,8,1,5,50,12,20,1,5,4,5,7,4,4,1,4,5,2,29,42,3,10,1,1,B03,7,2,1,8,2,10,1,42,42,1,1,3,B03,120.627593,24.148308,3
2022,4,28,12,17,臺中市,西屯區,0,0,0,8,,,40,,,,,,,,,,,,,,,7,,,,,B03,,,1,,11,,,7,7,1,22,,B03,120.639,24.171678,3
2022,4,28,12,18,臺中市,西區,0,0,0,8,,,0,,,,,,,,,,,,,,,12,,,,,B12,,,1,,1,,,12,12,1,21,,B12,120.664342,24.138424,3
2022,4,28,12,20,臺中市,太平區,0,0,0,8,,,30,,,,,,,,,,,,,,,23,,,,,A12,,,1,,2,,,23,23,1,10,,A12,120.716089,24.137775,3
2022,4,28,12,20,臺中市,龍井區,0,0,0,8,,,50,,,,,,,,,,,,,,,16,,,,,C03,,,1,,2,,,16,16,1,21,,C03,120.591276,24.181085,3
2022,4,28,12,30,臺中市,霧峰區,0,3,0,8,1,5,30,4,1,1,5,4,5,7,4,4,10,5,5,2,15,6,2,9,1,1,C03,7,9,1,10,2,11,,6,6,1,18,8,C03,120.713019,24.078356,2
2022,4,28,12,30,臺中市,大里區,0,0,0,8,,,50,,,,,,,,,,,,,,,23,,,,,B03,,,1,,2,,,23,23,1,9,,B03,120.693751,24.0946,3
2022,4,28,12,34,臺中市,北屯區,0,1,0,8,1,5,50,14,9,1,5,4,5,7,4,4,10,5,5,2,16,6,3,10,1,1,B12,7,8,1,4,2,5,,6,6,1,22,8,B12,120.754425,24.18435,2
2022,4,28,12,34,臺中市,西屯區,0,0,0,8,,,50,,,,,,,,,,,,,,,23,,,,,B03,,,1,,1,,,23,23,1,4,,B03,120.605655,24.163767,3
2022,4,28,12,35,臺中市,南區,0,2,0,8,1,5,50,14,7,1,5,4,5,7,4,4,5,4,5,2,17,19,2,9,1,1,C03,7,1,1,10,2,11,,19,19,1,22,8,C03,120.655457,24.120405,2
2022,4,28,12,44,臺中市,西屯區,0,1,0,8,1,5,50,14,9,1,5,4,5,7,4,4,4,5,5,2,14,12,3,10,1,1,B12,7,2,1,8,1,3,,12,12,1,22,8,B12,120.650124,24.159551,2
2022,4,28,12,45,臺中市,西區,0,0,0,,,,50,,,,,,,,,,,,,,,6,,,,,C03,,,1,,1,,,6,6,1,21,,C03,120.653003,24.14497,3
2022,4,28,12,56,臺中市,北區,0,1,0,8,1,5,40,3,1,1,5,4,5,7,4,4,10,5,5,2,12,19,3,10,3,4,B03,7,1,1,8,2,5,,19,19,1,5,8,B03,120.670477,24.173177,2
2022,4,28,12,58,臺中市,北屯區,0,0,0,8,,,30,,,,,,,,,,,,,,,40,,,,,B12,,,8,,2,,,40,40,1,21,,B12,120.668554,24.186204,3
2022,4,28,12,58,臺中市,太平區,0,0,0,8,,,50,,,,,,,,,,,,,,,23,,,,,B03,,,1,,2,,,23,23,1,5,,B03,120.721676,24.133832,3
2022,4,28,13,10,臺中市,西屯區,0,0,0,8,,,50,,,,,,,,,,,,,,,12,,,,,B03,,,1,,1,,,12,12,1,22,,B03,120.641438,24.182887,3
2022,4,28,13,27,臺中市,南屯區,0,0,0,8,1,5,50,3,1,1,5,4,5,7,1,1,10,5,5,2,13,16,3,10,1,1,B03,7,9,1,3,1,1,,16,16,1,22,8,B03,120.632664,24.137522,3
2022,4,28,13,34,臺中市,北屯區,0,0,0,8,,,50,,,,,,,,,,,,,,,43,,,,,,,,,,,,,43,43,1,,,,120.719035,24.161475,3
2022,4,28,13,39,臺中市,烏日區,0,0,0,8,,,60,,,,,,,,,,,,,,,23,,,,,B12,,,1,,2,,,23,23,1,5,,B12,120.64094,24.108676,3
2022,4,28,13,41,臺中市,南屯區,0,0,0,8,,,50,,,,,,,,,,,,,,,23,,,,,B03,,,1,,2,,,23,23,1,22,,B03,120.64183,24.129577,3
2022,4,28,13,44,臺中市,太平區,0,0,0,8,,,30,,,,,,,,,,,,,,,42,,,,,B03,,,1,1,1,,,42,42,1,21,,B03,120.702466,24.146483,3
2022,4,28,13,45,臺中市,南屯區,0,0,0,8,1,5,50,14,7,1,5,4,5,7,1,1,5,4,4,2,13,23,,,,,B03,,,1,,1,,,23,23,1,22,,B03,120.652979,24.142676,3
2022,4,28,13,50,臺中市,北屯區,0,0,0,8,,,50,,,,,,,,,,,,,,,67,,,,,,,,,,,,,67,67,1,,,,120.663581,24.199133,3
2022,4,28,13,54,臺中市,清水區,0,0,0,8,,,70,,,,,,,,,,,,,,,17,,,,,A41,,,1,,2,,,17,17,1,21,,A41,120.540499,24.289562,3
2022,4,28,13,59,臺中市,北屯區,0,1,0,8,1,5,60,4,2,1,5,4,5,7,2,1,3,4,4,2,13,16,3,10,1,1,B11,7,9,1,8,2,1,,16,16,1,22,8,B11,120.715149,24.164191,2
2022,4,28,14,0,臺中市,神岡區,0,2,0,8,1,5,30,4,1,1,5,4,5,7,3,1,10,5,5,1,17,6,2,9,1,1,C03,7,9,1,10,11,11,,6,6,2,12,8,C03,120.671892,24.265637,2
2022,4,28,14,3,臺中市,西屯區,0,1,0,8,1,5,50,3,1,1,5,4,5,7,4,4,10,5,5,2,16,6,2,9,1,1,C03,7,6,1,10,2,14,,6,6,1,4,8,C03,120.633854,24.162333,2
2022,4,28,14,4,臺中市,西屯區,0,0,0,8,,,50,,,,,,,,,,,,,,,40,,,,,B03,,,1,,1,,,40,40,1,22,,B03,120.654663,24.164633,3
2022,4,28,14,6,臺中市,豐原區,0,1,0,8,1,5,50,5,1,1,5,4,5,7,2,1,1,1,5,1,16,16,3,10,1,1,B03,7,9,1,8,2,1,,16,16,1,21,3,B03,120.714468,24.244802,2
2022,4,28,14,6,臺中市,豐原區,0,0,0,8,,,50,,,,,,,,,,,,,,,26,,,,,B03,,,1,,2,,,26,26,1,4,,B03,120.719933,24.252622,3
2022,4,28,14,8,臺中市,北區,0,2,0,8,1,5,40,14,8,1,5,4,5,7,4,4,5,5,4,2,17,40,3,10,1,1,B02,7,13,1,8,2,4,,40,40,1,22,8,B02,120.664785,24.161214,2
2022,4,28,14,10,臺中市,南區,0,1,0,8,1,5,50,14,7,1,5,4,5,7,4,4,1,4,4,2,12,23,3,10,1,1,B02,7,4,1,8,2,5,,23,23,1,22,8,B02,120.665413,24.119327,2
2022,4,28,14,12,臺中市,西屯區,0,0,0,8,,,50,,,,,,,,,,,,,,,16,,,,,B03,,,1,,2,,,16,16,1,22,,B03,120.628708,24.162921,3
2022,4,28,14,20,臺中市,西屯區,0,0,0,8,,,50,,,,,,,,,,,,,,,42,,,,,B03,,,1,,1,,,42,42,1,22,,B03,120.624226,24.194742,3
2022,4,28,14,21,臺中市,豐原區,0,0,0,8,,,50,,,,,,,,,,,,,,,23,,,,,B03,,,1,,2,,,23,23,1,21,,B03,120.701209,24.249299,3
2022,4,28,14,24,臺中市,南屯區,0,0,0,8,,,50,,,,,,,,,,,,,,,42,,,,,B02,,,1,,1,,,42,42,1,22,,B02,120.64475,24.151253,3
2022,4,28,14,30,臺中市,西屯區,0,1,0,8,1,5,30,4,1,1,5,4,5,7,4,4,9,5,5,2,16,6,2,9,1,1,F03,7,9,8,20,2,16,,6,6,1,12,8,F03,120.617443,24.17855,2
2022,4,28,14,40,臺中市,北區,0,2,0,8,1,5,50,14,9,1,5,4,5,7,4,4,8,5,5,2,12,23,2,9,1,1,C03,7,9,1,10,2,11,,23,23,1,18,8,C03,120.684481,24.152452,2
2022,4,28,14,47,臺中市,西區,0,2,0,8,1,5,50,3,1,1,5,4,5,7,4,4,10,5,5,2,16,1,2,8,1,1,C03,7,4,1,10,2,12,,1,1,1,18,9,C03,120.661704,24.153989,2
2022,4,28,14,56,臺中市,清水區,0,0,0,8,,,50,,,,,,,,,,,,,,,6,,,,,B03,,,1,,2,,,6,6,1,21,,B03,120.570237,24.261428,3
2022,4,28,14,58,臺中市,烏日區,0,1,0,8,1,5,60,14,9,1,5,4,5,7,4,4,4,4,5,1,17,26,3,10,1,1,B03,7,11,1,8,2,4,,26,26,1,19,7,B03,120.642876,24.074005,2
2022,4,28,15,0,臺中市,大甲區,0,1,0,8,1,5,50,3,2,1,5,4,5,7,4,4,9,5,5,1,26,22,2,1,1,1,A11,7,9,1,3,2,1,,22,22,1,21,8,A11,120.622824,24.369707,2
2022,4,28,15,1,臺中市,大里區,0,0,0,8,,,50,,,,,,,,,,,,,,,16,,,,,B03,,,1,,2,,,16,16,1,22,,B03,120.695252,24.111222,3
2022,4,28,15,11,臺中市,東區,0,0,0,,,,40,,,,,,,,,,,,,,,23,,,,,B03,,,1,,1,,,23,23,1,22,,B03,120.709694,24.14935,3
2022,4,28,15,12,臺中市,大里區,0,0,0,8,,,50,,,,,,,,,,,,,,,10,,,,,B03,,,1,,2,,,10,10,1,22,,B03,120.697173,24.096956,3
2022,4,28,15,15,臺中市,北屯區,0,1,0,8,1,5,30,3,1,1,5,4,5,7,4,4,10,5,5,1,16,6,3,10,1,1,C03,7,9,1,10,11,12,,14,6,2,20,8,C03,120.701735,24.165766,2
2022,4,28,15,25,臺中市,西區,0,0,0,8,,,50,,,,,,,,,,,,,,,12,,,,,B03,,,1,,2,,,12,12,1,5,,B03,120.66975,24.13326,3
2022,4,28,15,26,臺中市,北屯區,0,1,0,8,1,5,50,14,7,1,5,4,5,7,4,4,1,4,4,2,17,23,3,10,3,4,B03,7,9,1,8,2,1,,23,23,1,21,8,B03,120.66905,24.177994,2
2022,4,28,15,29,臺中市,太平區,0,1,0,8,1,5,50,4,1,1,5,4,5,7,1,1,10,5,5,2,18,43,2,9,1,1,C03,7,9,1,9,2,11,12,43,43,1,21,8,C03,120.713948,24.145001,2
2022,4,28,15,35,臺中市,南屯區,0,0,0,,,,50,,,,,,,,,,,,,,,23,,,,,B03,,,1,,1,,,23,23,1,22,,B03,120.637488,24.143436,3
2022,4,28,15,35,臺中市,北屯區,0,1,0,8,1,5,50,14,9,1,5,4,5,7,4,4,1,4,5,2,16,6,3,10,1,1,B12,7,6,1,8,2,2,,6,6,1,21,8,B12,120.679446,24.20139,2
2022,4,28,15,35,臺中市,龍井區,0,0,0,8,,,60,,,,,,,,,,,,,,,25,,,,,A12,,,1,,2,,,25,25,1,12,,A12,120.51685,24.205065,3
2022,4,28,15,43,臺中市,太平區,0,0,0,8,,,30,,,,,,,,,,,,,,,12,,,,,B12,,,1,,2,,,12,12,1,9,,B12,120.729634,24.101726,3