年,月,日,時,分,縣市,區,死,受傷,2-30,天候,光線,道路類別,速限,道路型態,事故位置,路面鋪裝,路面狀態,路面缺陷,障礙物,視距,號誌種類,號誌動作,分向設施,快車道或一般車道間,快慢車道間,路面邊線,事故類型及型態,主要肇因,受傷程度,主要傷處,保護裝備,行動電話,當事者區分,車輛用途,當事者行動狀態,駕駛資格情形,駕駛執照種類,飲酒情形,車輛撞擊部位最初,車輛撞擊部位其他,肇事因素個別,肇事因素主要,肇事逃逸,職業,旅次目的,車種,GPS緯度,GPS經度,事故類別
2022,4,28,15,45,臺中市,大里區,0,1,0,8,1,5,50,3,1,1,5,4,5,7,2,1,10,5,5,2,12,6,3,10,1,1,B12,7,6,1,8,9,2,,6,6,2,4,5,B12,120.680475,24.085397,2
2022,4,28,15,46,臺中市,西屯區,0,0,0,8,,,50,,,,,,,,,,,,,,,17,,,,,B03,,,,,2,,,17,17,1,22,,B03,120.616589,24.188135,3
2022,4,28,15,50,臺中市,豐原區,0,0,0,,,,30,,,,,,,,,,,,,,,12,,,,,B12,,,1,,2,,,12,12,1,22,,B12,120.741425,24.258147,3
2022,4,28,15,56,臺中市,西屯區,0,0,0,8,,,40,,,,,,,,,,,,,,,42,,,,,B03,,,1,,11,,,42,42,1,22,,B03,120.660968,24.174802,3
2022,4,28,15,58,臺中市,南屯區,0,0,0,8,,,50,,,,,,,,,,,,,,,6,,,,,B03,,,1,8,1,,,6,6,1,12,,B03,120.63213,24.152115,3
2022,4,28,16,3,臺中市,清水區,0,2,0,8,1,5,50,3,2,1,5,4,5,7,4,4,4,5,5,1,16,6,2,9,1,1,C03,7,5,1,10,2,14,,6,6,1,21,8,C03,120.56707,24.281609,2
2022,4,28,16,4,臺中市,北區,0,0,0,,,,50,,,,,,,,,,,,,,,23,,,,,B03,,,1,,2,,,23,23,1,5,,B03,120.675821,24.165017,3
2022,4,28,16,7,臺中市,潭子區,0,1,0,8,1,5,30,14,9,1,5,4,5,7,4,4,10,5,5,2,8,23,3,10,4,1,F01,7,9,8,20,5,16,,23,23,1,22,8,F01,120.708028,24.210967,2
2022,4,28,16,9,臺中市,太平區,0,0,0,8,,,40,,,,,,,,,,,,,,,17,,,,,C03,,,1,,9,,,17,17,1,9,,C03,120.718115,24.116894,3
2022,4,28,16,10,臺中市,大甲區,0,1,0,8,1,5,50,3,1,1,5,4,5,7,1,1,10,5,5,2,17,9,3,10,1,1,B03,7,6,1,8,2,15,,9,9,1,21,8,B03,120.626992,24.351521,2
2022,4,28,16,11,臺中市,南屯區,0,1,0,8,1,5,50,4,1,1,5,4,5,7,1,1,5,4,5,2,12,7,3,10,1,1,B03,7,8,1,8,2,5,,7,7,1,22,8,B03,120.628409,24.145055,2
2022,4,28,16,17,臺中市,北區,0,0,0,8,,,50,,,,,,,,,,,,,,,12,,,,,B03,,,1,,1,,,12,12,1,22,,B03,120.683069,24.157668,3
2022,4,28,16,21,臺中市,北區,0,0,0,8,1,5,50,3,8,1,5,4,5,7,4,4,8,3,4,2,12,23,,,,,B03,,,1,,1,,,23,23,1,22,,B03,120.669426,24.158157,3
2022,4,28,16,23,臺中市,北區,0,1,0,8,1,5,50,4,1,1,5,4,5,7,1,1,10,5,5,2,16,6,3,10,1,1,B03,7,6,1,8,2,6,,6,6,1,22,8,B03,120.669121,24.155335,2
2022,4,28,16,33,臺中市,大里區,0,2,0,8,1,5,50,4,1,1,5,4,1,7,4,4,10,5,5,2,13,16,2,7,1,1,C03,7,9,1,10,2,11,,16,16,1,22,9,C03,120.683627,24.10596,2
2022,4,28,16,35,臺中市,豐原區,0,1,0,8,1,5,50,14,7,1,5,4,5,7,4,4,5,4,4,2,13,16,2,9,1,1,F03,7,9,8,20,2,16,,16,16,1,19,8,F03,120.725391,24.249725,2
2022,4,28,16,37,臺中市,南屯區,0,0,0,8,1,5,50,4,1,1,5,4,5,7,1,1,5,4,4,2,13,23,,,,,C03,,,1,,1,,,23,23,1,22,,C03,120.652957,24.150988,3
2022,4,28,16,46,臺中市,南屯區,0,1,0,8,1,5,50,14,9,1,5,4,5,7,4,4,9,5,5,2,13,16,3,10,3,4,A12,7,9,1,1,2,1,,16,16,1,22,9,A12,120.653082,24.134052,2
2022,4,28,16,49,臺中市,太平區,0,1,0,8,1,5,50,3,9,1,5,4,5,7,4,4,10,5,5,2,18,42,2,9,1,1,C03,7,9,1,10,2,14,,42,42,1,4,5,C03,120.717287,24.13329,2
2022,4,28,16,52,臺中市,南區,0,0,0,8,,,50,,,,,,,,,,,,,,,7,,,,,B12,,,1,,2,,,7,7,1,22,,B12,120.669005,24.12625,3
2022,4,28,17,2,臺中市,南屯區,0,1,0,8,1,5,0,15,20,4,5,4,5,4,4,4,5,5,5,2,9,42,3,10,1,1,C03,7,9,1,10,2,11,,42,42,1,20,8,C03,120.654564,24.12972,2
2022,4,28,17,6,臺中市,大雅區,0,1,0,8,1,5,50,14,7,1,5,4,5,7,4,4,5,4,5,1,17,7,3,10,1,1,B03,7,8,1,8,2,2,,7,7,1,22,8,B03,120.647575,24.226268,2
2022,4,28,17,7,臺中市,西區,0,0,0,8,,,50,,,,,,,,,,,,,,,19,,,,,B03,,,6,,1,,,19,19,1,4,,B03,120.656751,24.150871,3
2022,4,28,17,7,臺中市,北區,0,0,0,,,,50,,,,,,,,,,,,,,,12,,,,,B03,,,1,,2,,,12,12,1,5,,B03,120.685939,24.152701,3
2022,4,28,17,7,臺中市,梧棲區,0,0,0,8,,,50,,,,,,,,,,,,,,,23,,,,,C03,,,1,,4,,,23,23,1,12,,C03,120.538391,24.248138,3
2022,4,28,17,9,臺中市,梧棲區,0,0,0,8,,,40,,,,,,,,,,,,,,,16,,,,,A41,,,1,,2,,,16,16,1,10,,A41,120.525582,24.22468,3
2022,4,28,17,10,臺中市,北區,0,1,0,8,1,5,30,4,1,1,5,4,5,7,4,4,10,5,5,2,13,23,3,10,1,1,B03,7,9,1,8,2,1,,23,23,1,22,8,B03,120.678364,24.162709,2
2022,4,28,17,10,臺中市,北屯區,0,0,0,8,,,50,,,,,,,,,,,,,,,23,,,,,B03,,,1,,1,,,23,23,1,22,,B03,120.685805,24.175597,3
2022,4,28,17,12,臺中市,梧棲區,0,1,0,8,2,5,50,4,1,1,5,4,5,7,1,1,10,5,5,2,16,8,3,10,1,1,C03,7,5,1,10,2,14,,8,8,1,9,1,C03,120.522649,24.231602,2
2022,4,28,17,14,臺中市,西區,0,0,0,8,,,50,,,,,,,,,,,,,,,12,,,,,B12,,,1,,1,,,12,12,1,9,,B12,120.65829,24.145293,3
2022,4,28,17,18,臺中市,大里區,0,1,0,8,1,5,50,3,1,1,5,4,5,7,4,4,10,5,5,2,16,10,3,10,1,1,B03,7,11,1,8,2,1,,10,10,1,22,1,B03,120.678984,24.096916,2
2022,4,28,17,25,臺中市,沙鹿區,0,1,0,8,1,5,50,4,9,1,5,4,5,7,4,4,4,3,5,1,15,23,2,7,1,1,B03,7,9,1,8,2,1,,23,23,1,4,8,B03,120.564383,24.208592,2
2022,4,28,17,30,臺中市,沙鹿區,0,1,0,8,1,5,40,3,9,1,5,4,1,7,4,4,10,5,5,2,28,23,2,7,1,1,C03,7,9,1,10,2,11,,23,23,1,4,1,C03,120.613834,24.244353,2
2022,4,28,17,32,臺中市,大里區,0,2,0,8,1,5,50,3,1,1,5,4,5,7,4,4,10,5,5,2,16,8,2,5,1,1,C03,7,5,1,10,2,14,,8,8,1,21,9,C03,120.69642,24.086524,2
2022,4,28,17,37,臺中市,太平區,0,1,0,8,1,8,80,14,9,1,5,4,5,7,4,4,1,4,5,1,13,16,3,10,1,1,B03,7,9,1,8,2,1,,16,16,1,21,8,B03,120.717095,24.154859,2
2022,4,28,17,41,臺中市,南屯區,0,2,0,8,1,5,50,3,2,1,5,4,5,7,4,4,5,4,4,2,13,26,2,9,1,1,F01,7,9,8,20,2,16,,26,26,1,22,8,F01,120.654918,24.142236,2
2022,4,28,17,43,臺中市,南屯區,0,2,0,8,1,5,50,14,7,1,5,4,5,7,4,4,5,4,4,2,12,17,2,9,1,1,C03,7,9,4,11,2,14,,17,17,1,22,9,C03,120.636683,24.135632,2
2022,4,28,17,47,臺中市,大里區,0,1,0,8,1,5,30,11,9,1,5,4,5,7,4,4,10,5,5,1,16,16,3,10,1,1,B03,7,14,1,9,2,7,,44,16,1,22,1,B03,120.674913,24.087076,2
2022,4,28,17,50,臺中市,霧峰區,0,0,0,8,,,30,,,,,,,,,,,,,,,23,,,,,B03,,,1,,2,,,23,23,1,22,,B03,120.692741,24.038033,3
2022,4,28,17,50,臺中市,烏日區,0,1,0,8,1,5,30,14,9,1,5,4,5,7,4,4,10,5,5,1,9,54,2,9,4,5,H03,8,18,8,20,9,16,,54,54,1,13,8,H03,120.638877,24.105154,2
2022,4,28,17,52,臺中市,北屯區,0,2,0,8,2,5,50,14,9,1,5,4,5,7,4,4,1,4,5,2,12,1,3,10,3,4,B03,7,5,1,8,2,2,,1,1,1,21,8,B03,120.685383,24.169156,2
2022,4,28,17,56,臺中市,大里區,0,1,0,8,2,5,50,3,2,1,5,4,5,7,1,1,5,5,4,2,13,23,3,10,1,1,C03,7,9,1,10,2,11,,23,23,1,21,1,C03,120.695768,24.104428,2
2022,4,28,17,58,臺中市,豐原區,0,1,0,8,1,5,50,3,2,1,5,4,5,7,4,4,4,5,5,2,17,23,2,9,1,1,C03,7,5,1,10,2,11,,23,23,1,4,5,C03,120.719977,24.253169,2
2022,4,28,18,2,臺中市,神岡區,0,0,0,8,,,50,,,,,,,,,,,,,,,40,,,,,B03,,,1,,1,,,40,40,1,12,,B03,120.699929,24.252836,3
2022,4,28,18,5,臺中市,西區,0,1,0,8,1,5,50,4,1,1,5,4,5,7,2,1,10,5,5,2,13,23,2,8,1,1,C03,7,9,1,10,2,11,,23,23,1,20,8,C03,120.667101,24.132158,2
2022,4,28,18,5,臺中市,大里區,0,1,0,8,1,5,60,4,1,1,5,4,5,7,2,1,1,4,4,1,17,26,2,9,1,1,C03,7,5,1,10,2,11,,26,26,1,4,5,C03,120.688849,24.079051,2
2022,4,28,18,6,臺中市,西區,0,0,0,8,,,30,,,,,,,,,,,,,,,19,,,,,B12,,,1,,1,,,19,19,1,22,,B12,120.665866,24.131559,3
2022,4,28,18,13,臺中市,南屯區,0,1,0,8,2,5,50,14,8,1,5,4,5,7,4,4,10,5,4,2,16,10,3,10,1,4,B03,7,11,1,8,2,2,,10,10,1,22,8,B03,120.636087,24.133582,2
2022,4,28,18,17,臺中市,中區,0,0,0,8,,,50,,,,,,,,,,,,,,,19,,,,,B03,,,1,,1,,,19,19,1,4,,B03,120.680796,24.140363,3
2022,4,28,18,17,臺中市,大里區,0,0,0,8,,,60,,,,,,,,,,,,,,,12,,,,,B11,,,1,,2,,,12,12,1,21,,B11,120.678551,24.103991,3
2022,4,28,18,30,臺中市,烏日區,0,2,0,8,2,5,60,4,1,1,5,4,5,7,2,1,10,5,5,2,17,9,3,10,1,1,C03,7,6,1,10,2,12,,9,9,1,21,8,C03,120.627069,24.104008,2
2022,4,28,18,31,臺中市,西屯區,0,0,0,8,,,60,,,,,,,,,,,,,,,23,,,,,B03,,,1,,11,,,23,23,1,22,,B03,120.654951,24.168903,3
2022,4,28,18,32,臺中市,北區,0,1,0,8,3,5,50,14,9,1,5,4,5,7,4,4,5,4,5,2,16,23,3,10,1,1,B03,7,9,1,8,2,5,,23,23,1,22,9,B03,120.672668,24.166795,2
2022,4,28,18,34,臺中市,神岡區,0,0,0,8,,,50,,,,,,,,,,,,,,,16,,,,,B03,,,1,,1,,,16,16,1,22,,B03,120.695385,24.236896,3
2022,4,28,18,40,臺中市,大里區,0,0,0,8,,,50,,,,,,,,,,,,,,,23,,,,,B03,,,1,,2,,,23,23,1,21,,B03,120.689183,24.120153,3
2022,4,28,18,41,臺中市,霧峰區,0,0,0,8,,,40,,,,,,,,,,,,,,,16,,,,,C03,,,1,,2,,,16,16,1,22,,C03,120.715528,24.076461,3
2022,4,28,18,43,臺中市,東區,0,1,0,8,3,5,50,14,9,1,5,4,5,7,4,4,7,4,5,2,17,21,2,7,1,1,C03,7,15,6,18,7,14,,21,21,1,22,8,C03,120.698801,24.133099,2
2022,4,28,18,46,臺中市,南屯區,0,0,0,8,,,40,,,,,,,,,,,,,,,40,,,,,B03,,,1,,1,,,40,40,1,22,,B03,120.636363,24.156213,3
2022,4,28,18,48,臺中市,北屯區,0,1,0,8,3,5,80,14,9,1,5,4,5,7,4,4,10,4,5,1,13,23,3,10,1,1,B03,7,15,1,8,2,1,,23,23,1,22,8,B03,120.718755,24.161948,2
2022,4,28,18,52,臺中市,霧峰區,0,1,0,8,3,5,50,3,1,1,5,4,5,7,4,4,10,5,5,2,3,23,3,10,1,1,B03,7,5,1,8,2,1,,23,23,1,21,9,B03,120.697175,24.06452,2
2022,4,28,18,55,臺中市,新社區,0,2,0,8,3,5,50,14,9,1,5,4,5,7,4,4,5,5,5,1,17,6,3,10,1,1,A11,7,6,1,1,2,15,,6,6,1,10,4,A11,120.80779,24.25699,2
2022,4,28,18,58,臺中市,后里區,0,2,0,8,3,5,50,4,2,1,5,4,5,7,1,1,4,3,4,1,15,26,2,9,1,1,C03,7,11,1,10,2,14,,26,26,1,22,8,C03,120.689202,24.314444,2
2022,4,28,19,4,臺中市,東區,0,1,0,8,3,5,40,4,1,1,5,4,5,7,1,1,10,5,5,2,18,23,2,9,1,1,C03,7,9,1,10,2,14,,23,23,1,5,8,C03,120.698063,24.142776,2
2022,4,28,19,9,臺中市,北區,0,1,0,8,3,5,50,14,8,1,5,4,5,7,4,4,5,5,4,2,17,43,3,10,1,1,B03,7,9,1,8,2,2,,43,43,1,22,8,B03,120.68117,24.149855,2
2022,4,28,19,11,臺中市,北屯區,0,1,0,8,3,5,30,4,9,1,5,4,5,7,1,1,10,5,5,2,9,23,3,10,1,1,C03,7,9,1,10,2,11,,23,23,1,21,8,C03,120.718932,24.175133,2
2022,4,28,19,16,臺中市,北區,0,1,0,8,3,5,50,14,7,1,5,4,5,7,4,4,9,5,4,2,16,6,3,10,1,1,B12,7,5,1,8,2,8,,6,6,1,21,8,B12,120.673756,24.170186,2
2022,4,28,19,20,臺中市,北屯區,0,0,0,8,,,30,,,,,,,,,,,,,,,13,,,,,B12,,,1,,11,,,13,13,1,21,,B12,120.680422,24.191372,3
2022,4,28,19,23,臺中市,西區,0,0,0,8,,,50,,,,,,,,,,,,,,,23,,,,,B03,,,1,,1,,,23,23,1,2,,B03,120.674307,24.148571,3
2022,4,28,19,24,臺中市,潭子區,0,0,0,8,,,40,,,,,,,,,,,,,,,12,,,,,B12,,,1,,2,,,12,12,1,22,,B12,120.71273,24.229692,3
2022,4,28,19,26,臺中市,大里區,0,0,0,8,,,50,,,,,,,,,,,,,,,23,,,,,C03,,,1,,2,,,23,23,1,22,,C03,120.687028,24.095363,3
2022,4,28,19,30,臺中市,北屯區,0,0,0,8,,,50,,,,,,,,,,,,,,,12,,,,,B03,,,1,,1,,,12,12,1,21,,B03,120.675905,24.173548,3
2022,4,28,19,34,臺中市,北區,0,0,0,8,,,50,,,,,,,,,,,,,,,17,,,,,B03,,,1,,1,,,17,17,1,22,,B03,120.68734,24.161446,3
2022,4,28,19,37,臺中市,大甲區,0,2,0,8,3,5,50,4,1,1,5,4,5,7,1,1,10,4,4,1,12,23,2,7,1,1,C03,7,9,1,10,2,11,,23,23,1,22,1,C03,120.617532,24.351617,2
2022,4,28,19,38,臺中市,大雅區,1,0,0,8,3,5,50,5,1,1,5,4,5,7,1,1,9,4,5,1,17,6,3,10,1,1,B03,7,5,1,8,2,5,,6,6,1,22,9,B03,120.676286,24.201206,1
2022,4,28,19,43,臺中市,西屯區,0,1,0,8,3,5,50,4,1,1,5,4,5,7,4,4,10,5,5,2,16,23,2,7,3,4,C03,7,9,1,10,2,14,,6,23,1,22,8,C03,120.651005,24.158861,2
2022,4,28,19,43,臺中市,大甲區,0,0,0,,,,50,,,,,,,,,,,,,,,23,,,,,B12,,,1,,1,,,23,23,1,22,,B12,120.627652,24.351193,3
2022,4,28,19,46,臺中市,大里區,0,2,0,8,3,5,50,3,1,1,5,4,5,7,1,1,10,5,5,2,16,6,2,9,1,1,F03,7,5,8,20,2,16,,6,6,1,22,5,F03,120.674811,24.110128,2
2022,4,28,19,48,臺中市,神岡區,0,1,0,8,3,5,30,14,9,1,5,4,5,7,4,4,10,5,5,2,26,21,2,9,1,1,C03,7,9,6,10,8,12,,21,21,1,21,8,C03,120.678113,24.24609,2
2022,4,28,19,52,臺中市,東區,0,2,0,8,2,5,40,4,1,1,5,4,5,7,2,1,10,5,5,2,15,25,2,7,1,1,F01,7,9,8,20,2,16,,25,25,1,21,8,F01,120.692481,24.147967,2
2022,4,28,19,57,臺中市,神岡區,0,2,0,8,3,5,50,15,9,1,5,4,5,7,1,1,5,2,5,2,17,23,3,10,1,1,C03,7,9,1,10,2,14,,23,23,1,22,8,C03,120.66425,24.25827,2
2022,4,28,20,15,臺中市,北屯區,0,0,0,8,,,40,,,,,,,,,,,,,,,43,,,,,C03,,,1,,2,,,43,43,1,22,,C03,120.694393,24.173151,3
2022,4,28,20,15,臺中市,龍井區,0,1,0,8,3,5,50,3,2,1,5,4,5,7,4,4,5,5,5,2,17,4,3,10,3,4,C03,7,11,1,10,2,13,,4,4,1,22,9,C03,120.585613,24.181765,2
2022,4,28,20,16,臺中市,豐原區,0,0,0,8,,,50,,,,,,,,,,,,,,,23,,,,,C03,,,1,,2,,,23,23,1,22,,C03,120.725643,24.2556,4
2022,4,28,20,30,臺中市,大肚區,0,1,0,8,3,5,40,4,1,1,5,4,5,7,4,4,10,5,5,2,17,6,3,10,3,4,B03,7,5,1,8,2,7,,6,6,1,22,9,B03,120.579772,24.170632,2
2022,4,28,20,35,臺中市,霧峰區,0,1,0,8,3,5,40,14,9,1,5,4,5,7,4,4,10,5,5,1,6,44,3,10,1,1,C03,7,9,1,10,2,11,,44,44,1,18,5,C03,120.684967,24.05719,2
2022,4,28,20,48,臺中市,大里區,0,0,0,8,,,25,,,,,,,,,,,,,,,19,,,,,B03,,,1,,2,,,19,19,1,22,,B03,120.69706,24.111264,3
2022,4,28,20,57,臺中市,清水區,0,0,0,8,,,,,,,,,,,,,,,,,,66,,,,,,,,,,,,,66,66,1,,,,120.554395,24.274877,3
2022,4,28,21,8,臺中市,西屯區,0,0,0,8,,,50,,,,,,,,,,,,,,,23,,,,,B03,,,1,,1,,,23,23,1,22,,B03,120.649796,24.162755,3
2022,4,28,21,11,臺中市,霧峰區,0,1,0,8,4,5,40,14,12,1,5,4,5,7,4,4,10,5,4,1,27,44,2,9,1,1,C03,7,9,1,10,2,11,,44,44,1,21,9,C03,120.664184,24.076257,2
2022,4,28,21,12,臺中市,北區,0,3,0,8,3,5,50,3,1,1,5,4,5,7,1,1,10,5,5,2,16,6,2,9,1,1,C03,7,5,1,10,2,12,,6,6,1,22,8,C03,120.669247,24.166837,2
2022,4,28,21,15,臺中市,龍井區,0,0,0,8,,,50,,,,,,,,,,,,,,,12,,,,,B03,,,1,,2,,,12,12,1,22,,B03,120.583447,24.180244,3
2022,4,28,21,17,臺中市,西區,0,1,0,8,3,5,50,4,1,1,5,4,5,7,2,1,10,5,5,2,18,43,2,9,1,1,C03,7,9,1,10,2,14,,43,43,1,5,1,C03,120.657256,24.150888,2
2022,4,28,21,28,臺中市,太平區,0,0,0,8,,,50,,,,,,,,,,,,,,,16,,,,,B03,,,1,,1,,,16,16,1,21,,B03,120.717134,24.148698,3
2022,4,28,21,40,臺中市,北區,0,2,0,8,3,5,30,4,1,1,5,4,5,7,3,1,5,5,5,2,15,6,2,9,1,1,C03,7,9,1,10,2,12,,6,6,1,21,8,C03,120.691936,24.157558,2
2022,4,28,21,43,臺中市,北區,0,1,0,8,3,5,50,4,4,1,5,4,5,7,1,1,1,5,5,2,17,23,3,10,1,1,B03,7,9,1,8,2,5,,23,23,1,22,9,B03,120.68962,24.157503,2
2022,4,28,21,48,臺中市,西屯區,0,0,0,8,,,50,,,,,,,,,,,,,,,12,,,,,B03,,,1,,2,,,12,12,1,22,,B03,120.651581,24.16377,3
2022,4,28,22,7,臺中市,大里區,0,1,0,8,3,5,40,4,1,1,5,4,5,7,1,1,10,5,5,2,15,25,3,10,1,1,B03,7,9,1,8,2,1,,25,25,1,22,1,B03,120.671541,24.102265,2
2022,4,28,22,11,臺中市,北屯區,0,1,0,8,3,5,50,4,1,1,5,4,5,7,4,4,10,5,5,2,17,6,3,10,1,1,B03,7,5,1,8,2,1,,6,6,1,21,8,B03,120.714649,24.180124,2
2022,4,28,22,22,臺中市,南屯區,0,2,0,8,3,5,40,14,7,1,5,4,5,7,1,1,1,4,4,2,3,51,2,9,4,5,H01,8,16,8,20,10,16,,51,51,1,22,9,H01,120.648976,24.15093,2
2022,4,28,22,23,臺中市,大里區,0,1,0,8,3,5,50,4,1,1,5,4,5,7,4,4,10,5,5,2,16,6,3,10,1,1,B03,7,5,3,18,2,6,,6,6,1,22,5,B03,120.684963,24.110363,2
2022,4,28,22,32,臺中市,西屯區,0,1,0,8,3,5,50,4,1,1,5,4,5,7,2,1,10,5,5,2,16,6,3,10,1,1,B03,7,5,1,8,2,8,,6,6,1,22,8,B03,120.644251,24.194815,2
2022,4,28,22,37,臺中市,中區,0,0,0,,,,50,,,,,,,,,,,,,,,23,,,,,B03,,,1,,1,,,23,23,1,5,,B03,120.680864,24.145425,3
2022,4,28,22,58,臺中市,北區,0,0,0,,,,30,,,,,,,,,,,,,,,8,,,,,C03,,,1,,2,,,8,8,1,22,,C03,120.686167,24.151985,3
2022,4,28,23,15,臺中市,南屯區,0,1,0,8,3,5,50,4,1,1,5,4,5,7,1,1,10,5,5,2,16,19,3,10,1,1,B12,7,1,1,8,4,8,,19,19,1,5,8,B12,120.64077,24.14144,2
2022,4,28,23,28,臺中市,東區,0,3,0,8,3,5,50,4,1,1,5,4,1,6,1,1,10,5,5,2,15,25,2,9,1,1,C03,7,9,1,10,2,11,,25,25,1,22,8,C03,120.68874,24.1324,2
2022,4,28,23,48,臺中市,外埔區,0,1,0,8,3,5,50,14,7,1,5,4,5,7,4,4,9,5,4,1,13,16,2,9,1,1,B03,7,9,1,8,6,1,,16,16,1,22,8,B03,120.655319,24.329894,2
2022,4,29,4,30,臺中市,西屯區,0,3,0,8,3,5,40,4,1,1,5,4,5,7,1,1,1,4,5,2,16,23,3,10,1,1,B12,7,9,1,7,2,8,,23,23,1,22,8,B12,120.647072,24.164658,2
2022,4,29,5,16,臺中市,西屯區,0,1,0,8,1,5,50,3,1,1,5,4,5,7,1,1,5,5,5,2,17,4,3,10,1,1,B03,7,5,1,8,7,1,,4,4,1,21,8,B03,120.613216,24.171574,2
2022,4,29,6,28,臺中市,烏日區,0,1,0,8,1,5,30,3,1,1,5,4,5,7,4,4,10,5,5,1,16,6,2,9,1,1,C03,7,5,4,11,2,11,12,6,6,1,22,8,C03,120.611282,24.117495,2
2022,4,29,6,33,臺中市,西屯區,0,2,0,8,1,5,40,14,8,1,5,4,5,7,4,4,1,5,5,2,13,16,2,9,1,1,C03,7,9,1,10,2,11,,16,16,1,22,8,C03,120.62078,24.18056,2
2022,4,29,6,48,臺中市,西屯區,0,0,0,8,,,80,,,,,,,,,,,,,,,43,,,,,,,,,,,,,43,43,1,,,,120.625969,24.157861,3
2022,4,29,7,0,臺中市,烏日區,0,2,0,8,1,5,50,14,9,1,5,4,5,7,4,4,5,4,5,1,13,23,2,9,1,1,C03,7,9,1,10,2,12,,23,23,1,21,8,C03,120.643289,24.080165,2
2022,4,29,7,3,臺中市,南屯區,0,1,0,8,1,5,50,3,1,1,5,4,5,7,1,1,4,3,4,2,16,6,2,9,1,1,C03,7,5,1,10,2,14,12,6,6,1,22,8,C03,120.609929,24.140473,2
2022,4,29,7,5,臺中市,大雅區,0,1,0,8,1,5,50,3,1,1,5,4,5,7,1,1,9,4,4,1,17,6,3,10,1,1,B03,7,6,1,8,2,5,,6,6,1,22,9,B03,120.612319,24.210056,2
2022,4,29,7,6,臺中市,西屯區,0,2,0,8,1,5,40,14,8,1,5,4,5,7,4,4,1,3,1,2,13,16,2,8,1,1,C03,7,9,6,18,2,11,,16,16,1,22,8,C03,120.606215,24.183855,2
2022,4,29,7,7,臺中市,南區,0,0,0,8,1,5,50,14,9,1,5,4,5,7,2,1,3,4,4,2,13,16,3,10,1,1,B01,7,7,1,4,2,8,,16,16,1,10,8,B01,120.658096,24.117356,3
2022,4,29,7,14,臺中市,北屯區,0,1,0,8,1,5,50,14,9,1,5,4,5,7,4,4,9,5,5,2,18,42,2,9,1,1,C03,7,9,1,10,2,12,,42,42,1,5,8,C03,120.693221,24.178508,2
2022,4,29,7,14,臺中市,大里區,0,1,0,8,1,5,50,4,1,1,5,4,5,7,1,1,10,5,5,1,16,19,3,10,1,1,B03,7,1,1,8,2,1,,19,19,1,5,8,B03,120.694875,24.111391,2
2022,4,29,7,20,臺中市,大里區,0,0,0,8,,,80,,,,,,,,,,,,,,,16,,,,,B03,,,1,,2,,,44,16,1,9,,B03,120.692915,24.10291,3
2022,4,29,7,22,臺中市,大里區,0,0,0,8,,,80,,,,,,,,,,,,,,,16,,,,,B02,,,1,,2,,,16,16,1,5,,B02,120.694978,24.108511,3
2022,4,29,7,22,臺中市,龍井區,0,0,0,8,,,50,,,,,,,,,,,,,,,9,,,,,A04,,,1,,2,,,9,9,1,10,,A04,120.523412,24.203934,3
2022,4,29,7,25,臺中市,北屯區,0,0,0,8,,,50,,,,,,,,,,,,,,,42,,,,,B03,,,1,,1,,,42,42,1,5,,B03,120.704269,24.165083,3
2022,4,29,7,25,臺中市,西屯區,0,2,0,8,1,5,50,4,1,1,5,4,5,7,4,4,5,4,5,2,15,6,2,9,3,4,C03,7,9,1,10,2,11,,6,6,1,22,8,C03,120.658685,24.162201,2
2022,4,29,7,27,臺中市,南屯區,0,1,0,8,2,5,40,11,13,1,5,4,5,7,4,4,1,4,5,2,18,43,2,9,1,1,C03,7,9,1,10,2,12,,43,43,1,22,1,C03,120.588069,24.149379,2
2022,4,29,7,32,臺中市,梧棲區,0,0,0,8,,,30,,,,,,,,,,,,,,,19,,,,,B03,,,1,,2,,,19,19,1,12,,B03,120.530476,24.250342,3
2022,4,29,7,34,臺中市,太平區,0,1,0,8,1,5,50,3,2,1,5,4,5,7,1,1,5,5,5,1,16,23,2,9,1,1,C03,7,9,1,10,2,11,,23,23,1,5,8,C03,120.733667,24.157012,2
2022,4,29,7,35,臺中市,西屯區,0,2,0,8,1,5,40,14,8,1,5,4,5,7,4,4,1,5,3,2,17,42,2,9,1,1,C03,7,9,1,10,2,11,,42,42,1,4,8,C03,120.59981,24.181935,2
2022,4,29,7,37,臺中市,豐原區,0,1,0,8,1,5,30,3,2,1,5,4,5,7,4,4,10,5,5,1,27,23,2,9,3,4,C03,7,9,1,10,2,11,,23,23,1,22,8,C03,120.695502,24.234255,2
2022,4,29,7,38,臺中市,后里區,0,1,0,8,1,5,50,14,9,1,5,4,5,7,4,4,10,5,5,1,14,12,3,10,1,4,B03,7,2,1,8,2,6,,12,12,1,22,8,B03,120.684813,24.291536,2
2022,4,29,7,39,臺中市,東區,0,1,0,8,1,5,50,4,1,1,5,4,5,6,1,1,5,5,5,2,16,6,3,10,1,1,C03,7,5,1,10,2,12,,6,6,1,22,8,C03,120.709138,24.143905,2