年,月,日,時,分,縣市,區,死,受傷,2-30,天候,光線,道路類別,速限,道路型態,事故位置,路面鋪裝,路面狀態,路面缺陷,障礙物,視距,號誌種類,號誌動作,分向設施,快車道或一般車道間,快慢車道間,路面邊線,事故類型及型態,主要肇因,受傷程度,主要傷處,保護裝備,行動電話,當事者區分,車輛用途,當事者行動狀態,駕駛資格情形,駕駛執照種類,飲酒情形,車輛撞擊部位最初,車輛撞擊部位其他,肇事因素個別,肇事因素主要,肇事逃逸,職業,旅次目的,車種,GPS緯度,GPS經度,事故類別
2022,4,29,7,41,臺中市,西屯區,0,0,0,8,,,50,,,,,,,,,,,,,,,6,,,,,B03,,,1,,1,,,6,6,1,22,,B03,120.609671,24.166816,3
2022,4,29,7,44,臺中市,豐原區,0,0,0,8,,,50,,,,,,,,,,,,,,,42,,,,,C03,,,1,,2,,,42,42,1,22,,C03,120.694011,24.2483,3
2022,4,29,7,45,臺中市,大里區,0,0,0,8,,,40,,,,,,,,,,,,,,,23,,,,,B03,,,1,,2,,,23,23,1,5,,B03,120.671554,24.1019,3
2022,4,29,7,46,臺中市,北區,0,0,0,8,,,50,,,,,,,,,,,,,,,23,,,,,A12,,,1,,2,,,23,23,1,22,,A12,120.682233,24.159907,3
2022,4,29,7,47,臺中市,南屯區,0,1,0,8,1,5,50,4,1,1,5,4,5,7,1,1,10,5,5,2,16,6,3,10,1,1,B03,7,5,1,8,2,8,,6,6,1,22,8,B03,120.643792,24.127905,2
2022,4,29,7,49,臺中市,南屯區,0,0,0,8,,,50,,,,,,,,,,,,,,,26,,,,,B03,,,1,,1,,,26,26,1,22,,B03,120.628648,24.147818,3
2022,4,29,7,50,臺中市,后里區,0,0,0,7,1,5,40,14,9,1,5,4,5,7,4,4,9,5,5,1,16,6,,,,,B03,,,1,,1,,,6,6,1,19,,B03,120.732405,24.325078,3
2022,4,29,7,52,臺中市,清水區,0,0,0,8,1,5,40,14,16,1,5,4,5,7,1,1,10,4,5,1,12,17,3,10,1,1,C03,7,9,1,10,2,14,,17,17,1,5,1,C03,120.567932,24.270117,3
2022,4,29,7,59,臺中市,清水區,0,0,0,8,,,70,,,,,,,,,,,,,,,25,,,,,B03,,,1,,2,,,25,25,1,21,,B03,120.590316,24.303956,3
2022,4,29,8,2,臺中市,南屯區,0,0,0,8,1,5,50,14,7,1,5,4,5,7,4,4,5,5,4,2,16,26,3,10,1,1,B03,7,11,1,8,2,7,,26,26,1,22,8,B03,120.637522,24.148914,3
2022,4,29,8,10,臺中市,南屯區,0,0,0,8,1,5,30,13,9,1,5,4,5,7,4,4,10,5,5,2,14,12,3,10,1,1,A11,7,2,1,3,1,7,,12,12,1,10,4,A11,120.617964,24.145682,3
2022,4,29,8,11,臺中市,太平區,0,0,0,8,,,40,,,,,,,,,,,,,,,16,,,,,C03,,,1,,2,,,16,16,1,9,,C03,120.717757,24.148739,3
2022,4,29,8,15,臺中市,烏日區,0,1,0,8,1,5,40,4,2,1,5,4,5,7,2,1,5,4,5,1,13,23,3,10,1,1,B12,7,9,1,8,2,1,,23,23,1,5,8,B12,120.58988,24.113323,2
2022,4,29,8,16,臺中市,西屯區,0,0,0,8,,,80,,,,,,,,,,,,,,,16,,,,,B03,,,1,,2,,,16,16,1,22,,B03,120.637114,24.185639,3
2022,4,29,8,17,臺中市,南屯區,0,1,0,8,1,5,50,14,9,1,5,4,5,7,4,4,5,4,5,2,13,16,2,9,1,1,C03,7,9,1,10,2,11,,16,16,1,18,8,C03,120.64538,24.14686,2
2022,4,29,8,17,臺中市,大里區,0,0,0,8,,,50,,,,,,,,,,,,,,,23,,,,,B12,,,1,,2,,,23,23,1,22,,B12,120.69717,24.082703,3
2022,4,29,8,19,臺中市,東區,0,0,0,,,,30,,,,,,,,,,,,,,,43,,,,,C03,,,1,,2,,,43,43,1,22,,C03,120.689413,24.142269,3
2022,4,29,8,21,臺中市,西屯區,0,0,0,8,,,50,,,,,,,,,,,,,,,23,,,,,B12,,,1,,2,,,23,23,1,12,,B12,120.659197,24.201181,3
2022,4,29,8,25,臺中市,北屯區,0,1,0,8,1,5,30,3,1,1,5,4,5,7,4,4,10,5,5,2,16,6,3,10,1,1,C03,7,5,1,10,2,14,,6,6,1,4,8,C03,120.704018,24.169575,2
2022,4,29,8,28,臺中市,大里區,0,1,0,8,1,5,40,14,8,1,5,4,5,7,4,4,5,5,4,2,17,40,3,10,1,1,B03,7,13,1,8,2,4,,40,40,1,5,8,B03,120.67971,24.11513,2
2022,4,29,8,30,臺中市,北屯區,0,1,0,8,1,5,50,14,9,1,5,4,5,7,4,4,1,4,5,2,12,7,3,10,1,1,B12,7,7,1,8,2,8,,7,7,1,21,8,B12,120.711451,24.182276,2
2022,4,29,8,30,臺中市,東勢區,0,0,0,8,,,50,,,,,,,,,,,,,,,12,,,,,B03,,,1,,2,,,12,12,1,22,,B03,120.830643,24.252852,3
2022,4,29,8,37,臺中市,太平區,0,1,0,8,1,5,30,4,1,1,5,4,5,7,4,4,5,5,5,2,15,6,2,9,1,1,C03,7,9,1,10,2,13,,6,6,1,21,8,C03,120.724438,24.14398,2
2022,4,29,8,37,臺中市,后里區,0,1,0,8,1,5,30,3,9,1,5,4,5,7,4,4,10,5,5,2,16,6,3,10,1,1,B03,7,5,1,8,2,8,,6,6,1,5,8,B03,120.696033,24.29932,2
2022,4,29,8,40,臺中市,西區,0,0,0,,,,40,,,,,,,,,,,,,,,23,,,,,C03,,,1,,1,,,23,23,1,21,,C03,120.65777,24.15806,3
2022,4,29,8,40,臺中市,西屯區,0,1,0,8,1,5,50,14,9,1,5,4,5,7,4,4,4,3,5,1,16,6,3,10,1,1,B12,7,6,1,8,1,2,,6,6,1,22,8,B12,120.606482,24.16265,2
2022,4,29,8,40,臺中市,豐原區,0,1,0,8,1,5,50,5,2,1,5,4,5,7,1,1,8,3,4,1,17,6,3,10,3,4,B12,7,5,1,8,2,3,,6,6,1,22,8,B12,120.728858,24.250911,2
2022,4,29,8,45,臺中市,南屯區,0,1,0,8,1,5,50,14,9,1,5,4,5,7,4,4,8,4,5,2,16,6,3,10,1,1,B03,7,5,1,8,2,2,6,6,6,1,22,8,B03,120.610453,24.145854,2
2022,4,29,8,45,臺中市,大里區,0,1,0,8,1,5,50,4,1,1,5,4,5,7,1,1,10,5,5,2,17,25,2,9,1,1,C03,7,9,1,10,2,14,,25,25,1,21,8,C03,120.68387,24.115191,2
2022,4,29,8,47,臺中市,南屯區,0,0,0,8,1,5,50,14,9,1,5,4,5,7,4,4,5,5,5,2,16,26,3,10,1,1,B03,7,11,1,8,1,4,,26,26,1,22,8,B03,120.641562,24.129438,3
2022,4,29,8,55,臺中市,西區,0,0,0,8,,,30,,,,,,,,,,,,,,,42,,,,,B12,,,1,,1,,,42,42,1,5,,B12,120.663693,24.144999,3
2022,4,29,8,58,臺中市,南屯區,0,0,0,8,,,40,,,,,,,,,,,,,,,23,,,,,B12,,,1,,1,,,23,23,1,22,,B12,120.622788,24.142662,3
2022,4,29,9,5,臺中市,北屯區,0,1,0,8,1,5,50,14,8,1,5,4,5,7,4,4,1,4,4,2,17,16,3,10,1,1,C03,7,15,1,10,2,12,,16,16,1,6,8,C03,120.689249,24.163073,2
2022,4,29,9,13,臺中市,后里區,0,0,0,,,,50,,,,,,,,,,,,,,,16,,,,,A05,,,1,,2,,,16,16,1,22,,A05,120.718409,24.309433,3
2022,4,29,9,25,臺中市,北屯區,0,2,0,8,1,5,50,4,1,1,5,4,5,7,1,1,10,5,5,2,15,25,2,9,1,1,B03,7,9,1,8,2,4,1,25,25,1,5,8,B03,120.681751,24.16993,2
2022,4,29,9,27,臺中市,中區,0,0,0,8,,,50,,,,,,,,,,,,,,,23,,,,,B01,,,1,,1,,,23,23,1,10,,B01,120.680798,24.138773,3
2022,4,29,9,27,臺中市,南屯區,0,0,0,8,1,5,50,14,9,1,5,4,5,7,4,4,1,2,5,2,16,7,3,10,1,1,B03,7,6,1,8,2,2,,7,7,1,22,,B03,120.646301,24.143702,3
2022,4,29,9,39,臺中市,西區,0,0,0,8,,,50,,,,,,,,,,,,,,,43,,,,,,,,,,,,,43,43,1,,,,120.670916,24.151501,3
2022,4,29,9,40,臺中市,大里區,0,1,0,8,1,5,50,3,1,1,5,4,5,7,1,1,10,5,5,1,15,25,2,9,1,1,F03,7,9,8,20,2,16,,25,25,1,5,8,F03,120.689328,24.118451,2
2022,4,29,9,44,臺中市,大雅區,0,1,0,8,1,5,30,4,1,5,5,4,5,7,4,4,10,5,5,2,16,6,3,10,1,1,B03,7,5,1,8,2,8,,6,6,1,22,9,B03,120.632576,24.226885,2
2022,4,29,9,47,臺中市,西區,0,2,0,8,1,5,50,14,9,1,5,4,5,7,4,4,5,5,5,2,12,42,2,9,1,1,C04,7,15,1,11,2,13,,42,42,1,5,8,C04,120.651772,24.146967,2
2022,4,29,9,50,臺中市,潭子區,0,1,0,8,1,5,50,3,2,1,5,4,5,7,4,4,8,5,5,1,17,6,3,10,1,1,B03,7,5,1,8,2,2,,6,6,1,22,8,B03,120.709469,24.229728,2
2022,4,29,9,55,臺中市,西屯區,0,1,0,8,1,5,30,4,1,1,5,4,5,7,1,1,5,4,5,2,16,6,3,10,1,1,B03,7,6,1,8,2,2,,6,6,1,22,8,B03,120.655344,24.178096,2
2022,4,29,9,57,臺中市,大里區,0,2,0,8,1,5,50,14,9,1,5,4,5,7,4,4,9,4,5,1,13,16,2,9,1,1,C03,7,9,1,10,2,11,,16,16,1,12,8,C03,120.705519,24.087907,2
2022,4,29,10,0,臺中市,豐原區,0,0,0,8,,,30,,,,,,,,,,,,,,,12,,,,,B12,,,1,,2,,,12,12,1,10,,B12,120.748903,24.254096,3
2022,4,29,10,7,臺中市,南屯區,0,0,0,8,1,5,50,3,2,1,5,4,5,7,4,4,4,4,4,2,14,12,3,10,1,1,B03,7,2,1,8,1,3,,12,12,1,2,7,B03,120.613405,24.138739,3
2022,4,29,10,11,臺中市,北區,0,0,0,8,,,30,,,,,,,,,,,,,,,23,,,,,B03,,,1,,11,,,23,23,1,22,,B03,120.678111,24.161359,3
2022,4,29,10,15,臺中市,大里區,0,2,0,8,1,5,80,14,9,1,5,4,5,7,4,4,2,3,5,1,16,7,2,9,1,1,B03,7,7,1,10,2,4,,7,7,1,22,9,B03,120.683486,24.089444,2
2022,4,29,10,16,臺中市,龍井區,0,3,0,8,1,5,30,3,1,1,5,4,5,7,4,4,10,5,5,2,17,42,2,7,1,1,C03,7,5,1,10,2,11,,42,42,1,18,8,C03,120.58827,24.17836,2
2022,4,29,10,18,臺中市,南屯區,0,0,0,8,,,50,,,,,,,,,,,,,,,17,,,,,B03,,,1,,2,,,17,17,1,22,,B03,120.65222,24.138101,3
2022,4,29,10,23,臺中市,南屯區,0,1,0,8,1,5,50,3,1,1,5,4,5,7,4,4,9,5,5,2,16,6,3,10,1,1,C03,7,5,1,10,2,11,,6,6,1,22,8,C03,120.637438,24.146564,2
2022,4,29,10,25,臺中市,霧峰區,0,0,0,8,,,50,,,,,,,,,,,,,,,42,,,,,B12,,,1,,2,,,42,42,1,10,,B12,120.697157,24.056235,3
2022,4,29,10,25,臺中市,烏日區,0,1,0,8,1,5,30,13,9,1,5,4,5,7,4,4,10,5,5,2,16,10,3,10,1,1,B03,7,11,1,8,2,8,,10,10,1,19,8,B03,120.660165,24.058402,2
2022,4,29,10,26,臺中市,西屯區,0,1,0,8,1,5,50,14,9,1,5,4,5,7,4,4,4,5,5,2,12,17,3,10,1,1,B03,7,9,1,8,1,2,,17,17,1,22,8,B03,120.644615,24.173577,2
2022,4,29,10,30,臺中市,太平區,0,0,0,8,,,50,,,,,,,,,,,,,,,23,,,,,A41,,,1,,2,,,23,23,1,5,,A41,120.728975,24.101372,3
2022,4,29,10,35,臺中市,大里區,0,0,0,8,,,80,,,,,,,,,,,,,,,23,,,,,B03,,,1,,2,,,23,23,1,12,,B03,120.690704,24.098029,3
2022,4,29,10,40,臺中市,大里區,0,1,0,8,1,5,30,3,1,1,5,4,5,7,4,4,10,5,5,2,16,6,3,10,1,1,B12,7,5,1,8,2,5,,6,6,1,10,8,B12,120.675506,24.087249,2
2022,4,29,10,42,臺中市,東勢區,0,0,0,8,,,30,,,,,,,,,,,,,,,23,,,,,B02,,,1,,2,,,23,23,1,22,,B02,120.786907,24.311451,3
2022,4,29,10,43,臺中市,西區,0,1,0,8,1,5,40,14,7,1,5,4,5,7,1,1,5,5,4,2,16,19,3,10,1,1,B01,7,1,1,4,2,8,,19,19,1,10,8,B01,120.668824,24.135311,2
2022,4,29,10,43,臺中市,后里區,0,0,0,8,,,50,,,,,,,,,,,,,,,23,,,,,B03,,,1,,2,,,23,23,1,22,,B03,120.72165,24.306145,3
2022,4,29,10,45,臺中市,霧峰區,0,0,0,8,,,30,,,,,,,,,,,,,,,23,,,,,B03,,,1,,11,,,23,23,1,4,,B03,120.687518,24.044356,3
2022,4,29,10,47,臺中市,北區,0,2,0,8,1,5,50,14,9,1,5,4,5,7,4,4,9,5,5,2,17,43,2,9,1,1,C03,7,4,1,10,2,12,,43,43,1,22,8,C03,120.680047,24.153807,2
2022,4,29,10,47,臺中市,西屯區,0,0,0,8,,,60,,,,,,,,,,,,,,,23,,,,,B03,,,1,,2,,,23,23,1,22,,B03,120.652513,24.16124,3
2022,4,29,10,52,臺中市,豐原區,0,2,0,8,1,5,50,14,9,1,5,4,5,7,4,4,1,4,5,1,17,7,3,10,1,1,B03,7,8,1,8,2,2,,7,7,1,22,8,B03,120.735371,24.260455,2
2022,4,29,10,53,臺中市,豐原區,0,1,0,8,1,5,60,14,7,1,5,4,5,7,4,4,1,3,4,2,13,16,2,9,1,1,B12,7,9,1,3,2,1,,16,16,1,4,3,B12,120.703111,24.242522,2
2022,4,29,11,2,臺中市,西屯區,0,1,0,8,1,5,50,3,1,1,5,4,5,7,1,1,10,5,5,2,17,26,2,9,1,1,C03,7,7,1,10,2,14,,26,26,1,4,8,C03,120.645167,24.16273,2
2022,4,29,11,3,臺中市,西區,0,2,0,8,1,5,50,4,1,1,5,4,5,7,4,4,10,5,5,2,15,6,2,9,1,1,C03,7,9,1,10,1,12,,6,6,1,5,4,C03,120.659504,24.149627,2
2022,4,29,11,10,臺中市,大里區,0,1,0,8,1,5,50,14,8,1,5,4,5,7,4,4,5,2,4,2,13,16,3,10,1,1,C03,7,9,1,10,2,11,,16,16,1,5,8,C03,120.694566,24.111665,2
2022,4,29,11,10,臺中市,豐原區,0,1,0,8,1,5,50,14,9,1,5,4,5,7,4,4,5,5,5,1,13,16,2,7,1,1,C03,7,9,1,10,2,11,,16,16,1,22,8,C03,120.720191,24.24937,2
2022,4,29,11,12,臺中市,大里區,0,0,0,8,,,50,,,,,,,,,,,,,,,42,,,,,B12,,,1,,2,,,42,42,1,5,,B12,120.684645,24.109678,3
2022,4,29,11,17,臺中市,南區,0,1,0,8,1,5,50,4,1,1,5,4,5,7,2,1,5,4,4,2,15,25,3,10,1,1,B03,7,9,1,8,2,4,,25,25,1,22,8,B03,120.676715,24.131961,2
2022,4,29,11,24,臺中市,后里區,0,1,0,8,1,5,50,3,1,1,5,4,5,7,1,1,4,3,4,1,16,6,3,10,1,1,B03,7,6,1,8,2,6,,6,6,1,22,8,B03,120.710416,24.31079,2
2022,4,29,11,25,臺中市,西區,0,1,0,8,1,5,40,14,8,1,5,4,5,7,4,4,1,4,4,2,18,43,2,9,1,1,C03,7,9,1,10,1,14,,43,43,1,21,8,C03,120.660426,24.158418,2
2022,4,29,11,25,臺中市,清水區,0,0,0,8,,,50,,,,,,,,,,,,,,,23,,,,,B03,,,1,,9,,,23,23,2,21,,B03,120.575993,24.273046,3
2022,4,29,11,29,臺中市,東勢區,0,1,0,8,1,5,30,4,1,1,5,4,5,7,3,1,5,5,5,1,16,5,3,10,1,1,B12,7,6,1,7,2,4,,5,5,1,22,8,B12,120.851571,24.239615,2
2022,4,29,11,32,臺中市,西屯區,0,0,0,8,,,50,,,,,,,,,,,,,,,23,,,,,B03,,,1,,1,,,23,23,1,22,,B03,120.598433,24.173486,3
2022,4,29,11,36,臺中市,南屯區,0,0,0,8,,,40,,,,,,,,,,,,,,,12,,,,,B11,,,1,,11,,,12,12,1,10,,B11,120.593501,24.151183,3
2022,4,29,11,41,臺中市,大雅區,0,1,0,8,1,5,50,4,1,1,5,4,5,7,1,1,5,4,5,1,17,18,3,10,1,1,B03,7,3,1,8,2,15,,18,18,1,22,8,B03,120.64535,24.225605,2
2022,4,29,11,45,臺中市,東勢區,1,0,0,8,1,5,30,11,9,1,5,4,5,7,4,4,10,5,5,2,10,23,3,10,1,1,B12,7,9,1,8,2,8,,23,23,1,22,9,B12,120.859825,24.227543,1
2022,4,29,11,48,臺中市,北屯區,0,0,0,8,,,50,,,,,,,,,,,,,,,43,,,,,C03,,,7,,11,,,43,43,1,22,,C03,120.67605,24.201159,3
2022,4,29,11,49,臺中市,南屯區,0,1,0,8,1,5,30,4,1,1,5,4,5,5,4,4,5,5,4,2,15,6,3,10,1,1,B03,7,9,1,8,2,4,,6,6,1,21,8,B03,120.648621,24.148647,2
2022,4,29,11,55,臺中市,北屯區,0,0,0,8,,,40,,,,,,,,,,,,,,,12,,,,,B03,,,1,,1,,,12,12,1,21,,B03,120.691359,24.164956,3
2022,4,29,11,57,臺中市,西屯區,0,2,0,8,1,5,50,3,1,1,5,4,5,7,1,1,9,4,3,2,11,6,2,9,1,1,C03,7,5,1,10,2,11,,6,6,1,12,8,C03,120.623245,24.18255,2
2022,4,29,12,0,臺中市,大里區,0,2,0,8,1,5,50,4,2,2,5,4,5,7,1,1,9,5,5,1,16,19,2,8,1,1,C03,7,1,1,10,2,11,,19,19,1,22,8,C03,120.709685,24.088926,2
2022,4,29,12,3,臺中市,北區,0,0,0,,,,50,,,,,,,,,,,,,,,12,,,,,B03,,,1,,2,,,12,12,1,5,,B03,120.690305,24.160121,3
2022,4,29,12,7,臺中市,西區,0,0,0,8,,,30,,,,,,,,,,,,,,,23,,,,,C03,,,8,,10,,,44,23,1,4,,C03,120.658209,24.148556,3
2022,4,29,12,10,臺中市,西屯區,0,0,0,8,,,50,,,,,,,,,,,,,,,19,,,,,B03,,,1,,1,,,19,19,1,22,,B03,120.65211,24.190321,3
2022,4,29,12,17,臺中市,南屯區,0,0,0,8,1,5,50,14,9,1,5,4,5,7,4,4,9,5,5,2,13,16,3,10,1,1,B03,7,9,1,8,1,1,,16,16,1,5,7,B03,120.648332,24.132846,3
2022,4,29,12,18,臺中市,西區,0,0,0,8,,,50,,,,,,,,,,,,,,,16,,,,,B12,,,1,8,1,,,16,16,1,5,,B12,120.666909,24.129799,3
2022,4,29,12,19,臺中市,東區,0,0,0,8,1,5,30,13,9,1,5,4,5,7,4,4,10,5,5,2,17,23,3,10,1,1,B03,7,6,1,8,2,2,,23,23,1,21,8,B03,120.699417,24.139332,3
2022,4,29,12,25,臺中市,大雅區,0,0,0,8,,,50,,,,,,,,,,,,,,,19,,,,,B12,,,1,,2,,,19,19,1,22,,B12,120.658925,24.230984,3
2022,4,29,12,26,臺中市,北區,0,0,0,8,,,50,,,,,,,,,,,,,,,23,,,,,B03,,,1,,1,,,23,23,1,22,,B03,120.676764,24.163126,3
2022,4,29,12,27,臺中市,后里區,0,2,0,8,1,5,60,14,8,1,5,4,5,7,1,1,10,5,5,2,12,17,2,7,1,1,F03,7,1,8,20,2,16,,17,17,1,22,8,F03,120.725626,24.316068,2
2022,4,29,12,28,臺中市,西屯區,0,1,0,8,1,5,50,4,1,1,5,4,5,7,1,1,4,1,5,2,16,6,3,10,1,1,B03,7,6,1,8,2,6,,6,6,1,22,8,B03,120.607131,24.160176,2
2022,4,29,12,28,臺中市,西屯區,0,0,0,8,,,50,,,,,,,,,,,,,,,23,,,,,B03,,,1,,2,,,23,23,1,22,,B03,120.642855,24.17737,3
2022,4,29,12,29,臺中市,南屯區,0,0,0,8,,,50,,,,,,,,,,,,,,,25,,,,,B03,,,1,,2,,,25,25,1,22,,B03,120.646103,24.1322,3
2022,4,29,12,38,臺中市,南屯區,0,0,0,8,,,50,,,,,,,,,,,,,,,42,,,,,B12,,,1,,11,,,42,42,1,4,,B12,120.64203,24.138543,3
2022,4,29,13,0,臺中市,太平區,0,1,0,8,1,5,50,3,1,1,5,4,5,7,4,4,10,5,5,2,16,23,3,10,1,1,B12,7,5,1,1,2,8,,23,23,1,7,5,B12,120.716669,24.141888,2
2022,4,29,13,10,臺中市,東區,0,0,0,,,,40,,,,,,,,,,,,,,,19,,,,,B03,,,1,,2,,,19,19,1,22,,B03,120.705008,24.130922,3
2022,4,29,13,15,臺中市,霧峰區,0,0,0,8,,,50,,,,,,,,,,,,,,,23,,,,,C03,,,1,,2,,,23,23,1,18,,C03,120.714034,24.075371,3
2022,4,29,13,21,臺中市,北區,0,1,0,8,1,5,50,4,1,1,5,4,5,7,1,1,10,5,5,2,17,6,3,10,1,1,B03,7,5,1,8,2,4,,6,6,1,22,8,B03,120.687746,24.16504,2
2022,4,29,13,23,臺中市,西區,0,2,0,8,1,5,50,14,9,1,5,4,5,7,4,4,5,4,5,2,17,19,3,10,1,1,B03,7,1,1,8,2,8,,19,19,1,4,8,B03,120.661365,24.150356,2
2022,4,29,13,26,臺中市,西區,0,1,0,8,1,5,40,14,8,1,5,4,5,7,4,4,5,5,4,2,9,43,,,,,,,,,,,,,43,43,2,,,,120.663576,24.15665,2
2022,4,29,13,28,臺中市,豐原區,0,0,0,8,,,30,,,,,,,,,,,,,,,17,,,,,B12,,,1,,2,,,17,17,1,22,,B12,120.722747,24.277838,3
2022,4,29,13,33,臺中市,大里區,0,1,0,8,1,5,50,4,7,1,5,4,5,7,1,1,5,2,4,1,12,7,2,9,1,1,C03,7,7,1,10,2,14,,7,7,1,5,8,C03,120.674671,24.103251,2
2022,4,29,13,34,臺中市,西屯區,0,0,0,8,,,50,,,,,,,,,,,,,,,23,,,,,C03,,,1,,2,,,23,23,1,22,,C03,120.647846,24.158951,3
2022,4,29,13,35,臺中市,烏日區,0,2,0,8,1,5,30,4,1,1,5,4,5,7,4,4,10,5,5,2,15,6,2,9,1,1,B03,7,9,1,8,2,1,,6,6,1,21,8,B03,120.636924,24.070789,2
2022,4,29,13,39,臺中市,南屯區,0,1,0,8,1,5,50,4,1,1,5,4,5,7,2,1,5,2,4,2,16,6,3,10,1,1,B12,7,6,1,8,2,2,,6,6,1,4,4,B12,120.625818,24.140633,2
2022,4,29,13,39,臺中市,北屯區,0,0,0,8,,,50,,,,,,,,,,,,,,,7,,,,,B03,,,1,,2,,,44,44,1,21,,B03,120.686641,24.181683,3
2022,4,29,13,39,臺中市,豐原區,0,0,0,,,,30,,,,,,,,,,,,,,,6,,,,,B02,,,1,,2,,,6,6,1,22,,B02,120.720458,24.273516,3
2022,4,29,13,40,臺中市,霧峰區,0,0,0,8,,,30,,,,,,,,,,,,,,,23,,,,,C03,,,1,,2,,,23,23,1,22,,C03,120.670791,24.042558,3
2022,4,29,13,44,臺中市,烏日區,0,0,0,8,,,50,,,,,,,,,,,,,,,6,,,,,B12,,,1,,2,,,6,6,1,5,,B12,120.637881,24.064205,3
2022,4,29,13,45,臺中市,南屯區,0,1,0,8,1,5,50,4,1,1,5,4,5,7,1,1,10,5,5,2,16,25,3,10,1,4,C03,7,5,1,10,2,12,,25,25,1,22,8,C03,120.640426,24.153581,2
2022,4,29,13,48,臺中市,西屯區,0,1,0,8,1,5,40,3,1,1,5,4,5,7,1,1,1,5,1,2,16,6,3,10,1,1,B03,7,6,1,8,2,2,,6,6,1,22,8,B03,120.615237,24.183334,2
2022,4,29,13,55,臺中市,太平區,0,1,0,8,1,5,40,3,2,1,5,4,5,7,1,1,5,5,5,1,12,23,3,10,1,1,C03,7,9,1,10,2,14,,23,23,1,5,8,C03,120.726221,24.119554,2
2022,4,29,14,5,臺中市,霧峰區,0,2,0,8,1,5,50,4,2,1,5,4,5,7,1,1,10,5,5,2,3,51,2,9,1,1,H01,8,18,8,20,2,16,,51,51,1,20,8,H01,120.698686,24.064478,2
2022,4,29,14,8,臺中市,北區,0,0,0,,,,50,,,,,,,,,,,,,,,23,,,,,B03,,,1,,1,,,23,23,1,5,,B03,120.680896,24.149205,3
2022,4,29,14,10,臺中市,外埔區,0,0,0,6,,,30,,,,,,,,,,,,,,,4,,,,,B12,,,1,,2,,,4,4,1,22,,B12,120.715507,24.339782,3
2022,4,29,14,13,臺中市,大雅區,0,0,0,8,,,30,,,,,,,,,,,,,,,23,,,,,B03,,,1,,9,,,23,23,1,22,,B03,120.636741,24.235598,3
2022,4,29,14,14,臺中市,西區,0,1,0,8,1,5,50,4,1,1,5,4,5,7,4,4,10,5,5,2,15,6,3,10,1,1,C03,7,9,1,10,9,11,,6,6,1,22,8,C03,120.659508,24.15143,2
2022,4,29,14,17,臺中市,西屯區,0,0,0,8,,,50,,,,,,,,,,,,,,,17,,,,,B03,,,1,,2,,,17,17,1,22,,B03,120.655406,24.199543,3
2022,4,29,14,18,臺中市,西屯區,0,0,0,8,,,50,,,,,,,,,,,,,,,23,,,,,B02,,,1,,1,,,23,23,1,4,,B02,120.644521,24.169033,3
2022,4,29,14,23,臺中市,潭子區,0,1,0,8,1,5,60,14,8,1,5,4,5,7,4,4,1,4,4,1,12,7,3,10,1,1,B03,7,8,1,8,2,6,,7,7,1,22,8,B03,120.686412,24.206643,2
2022,4,29,14,25,臺中市,西屯區,0,0,0,8,,,50,,,,,,,,,,,,,,,23,,,,,B03,,,1,,1,,,23,23,1,22,,B03,120.651322,24.190577,3
2022,4,29,14,26,臺中市,南屯區,0,2,0,8,1,5,40,14,8,1,5,4,5,7,4,4,9,5,4,2,16,19,2,9,1,1,C03,7,1,1,10,2,14,,19,19,1,4,8,C03,120.645831,24.153588,2
2022,4,29,14,28,臺中市,北區,0,0,0,8,,,50,,,,,,,,,,,,,,,23,,,,,B03,,,1,,2,,,23,23,1,22,,B03,120.683622,24.154468,3
2022,4,29,14,30,臺中市,梧棲區,0,1,0,8,1,5,70,4,2,1,5,4,5,7,2,1,10,5,5,2,13,23,3,10,1,1,B03,7,9,1,7,2,5,,23,23,1,20,8,B03,120.545215,24.227039,2
2022,4,29,14,39,臺中市,南屯區,0,2,0,8,1,5,50,4,1,1,5,4,5,7,4,4,4,3,5,2,16,6,2,9,1,1,C04,7,6,1,11,2,11,14,6,6,1,22,8,C04,120.650063,24.137442,2
2022,4,29,14,40,臺中市,大里區,0,0,0,8,,,50,,,,,,,,,,,,,,,42,,,,,B12,,,1,,2,,,42,42,1,22,,B12,120.70403,24.096096,3
2022,4,29,14,42,臺中市,東區,0,2,0,8,1,5,50,4,1,1,5,4,5,7,1,1,1,2,4,2,17,14,2,9,1,1,C03,7,9,1,10,2,12,,14,14,1,21,8,C03,120.693592,24.126616,2
2022,4,29,14,43,臺中市,烏日區,0,1,0,8,1,5,40,14,9,1,5,4,5,7,4,4,7,4,5,2,16,10,3,10,1,1,B03,7,11,1,8,2,4,,10,10,1,19,8,B03,120.596896,24.111045,2
2022,4,29,14,47,臺中市,北屯區,0,2,0,8,1,5,50,4,1,1,5,4,5,7,1,1,10,5,5,2,16,19,2,7,1,1,C03,7,1,1,10,2,14,,19,19,1,18,8,C03,120.722545,24.175998,2
2022,4,29,14,53,臺中市,中區,0,0,0,8,,,50,,,,,,,,,,,,,,,23,,,,,B03,,,1,,1,,,23,23,1,4,,B03,120.677263,24.140206,3
2022,4,29,14,57,臺中市,西屯區,0,1,0,8,1,5,50,4,2,1,5,4,5,7,1,1,5,4,5,2,13,23,3,10,1,1,B03,7,1,1,8,1,1,,23,23,1,22,8,B03,120.632709,24.170055,2