年,月,日,時,分,縣市,區,死,受傷,2-30,天候,光線,道路類別,速限,道路型態,事故位置,路面鋪裝,路面狀態,路面缺陷,障礙物,視距,號誌種類,號誌動作,分向設施,快車道或一般車道間,快慢車道間,路面邊線,事故類型及型態,主要肇因,受傷程度,主要傷處,保護裝備,行動電話,當事者區分,車輛用途,當事者行動狀態,駕駛資格情形,駕駛執照種類,飲酒情形,車輛撞擊部位最初,車輛撞擊部位其他,肇事因素個別,肇事因素主要,肇事逃逸,職業,旅次目的,車種,GPS緯度,GPS經度,事故類別
2022,4,30,12,58,臺中市,大肚區,0,0,0,,,,70,,,,,,,,,,,,,,,23,,,,,B03,,,1,,2,,,44,23,1,22,,B03,120.582549,24.171681,3
2022,4,30,13,0,臺中市,南屯區,0,0,0,8,,,50,,,,,,,,,,,,,,,6,,,,,B03,,,1,,2,,,6,6,1,22,,B03,120.634308,24.151897,3
2022,4,30,13,0,臺中市,大里區,0,0,0,8,,,50,,,,,,,,,,,,,,,18,,,,,B03,,,1,,2,,,18,18,1,5,,B03,120.6899,24.110232,3
2022,4,30,13,3,臺中市,豐原區,0,0,0,,,,50,,,,,,,,,,,,,,,23,,,,,B03,,,1,,2,,,23,23,1,22,,B03,120.733099,24.246705,3
2022,4,30,13,7,臺中市,西屯區,0,1,0,8,1,5,40,14,8,1,5,4,5,7,4,4,1,3,1,2,13,16,2,9,1,1,C03,7,9,1,10,2,11,,16,16,1,22,8,C03,120.64548,24.16467,2
2022,4,30,13,10,臺中市,大肚區,0,1,0,8,1,5,50,14,9,1,5,4,5,7,4,4,5,4,5,1,12,7,3,10,1,1,B03,7,8,1,8,2,2,,7,7,1,11,8,B03,120.546954,24.145313,2
2022,4,30,13,16,臺中市,西屯區,0,2,0,8,1,5,40,3,1,1,5,4,5,7,1,1,1,3,1,2,12,7,3,10,3,4,C03,7,8,1,10,2,13,,7,7,1,22,8,C03,120.603164,24.183171,2
2022,4,30,13,40,臺中市,梧棲區,0,1,0,8,1,5,70,4,1,1,5,4,5,7,1,1,1,4,3,1,16,26,3,10,1,1,B03,7,6,1,8,2,2,,26,26,1,9,6,B03,120.524771,24.254249,2
2022,4,30,13,42,臺中市,北屯區,0,1,0,8,1,5,50,14,9,1,5,4,5,7,4,4,8,3,5,2,14,12,3,10,1,1,B03,7,2,1,8,2,6,,12,12,1,21,8,B03,120.695519,24.174993,2
2022,4,30,13,43,臺中市,神岡區,0,0,0,8,,,30,,,,,,,,,,,,,,,23,,,,,B03,,,1,,2,,,23,23,1,22,,B03,120.67072,24.272018,3
2022,4,30,13,44,臺中市,龍井區,0,0,0,8,,,30,,,,,,,,,,,,,,,8,,,,,C03,,,1,,2,,,8,8,1,22,,C03,120.591428,24.179658,3
2022,4,30,13,48,臺中市,烏日區,0,1,0,7,1,5,50,4,1,1,5,4,5,7,2,1,10,5,5,2,16,9,3,10,1,1,B03,7,6,1,8,2,5,,9,9,1,21,8,B03,120.618112,24.105697,2
2022,4,30,13,49,臺中市,南屯區,0,0,0,8,,,40,,,,,,,,,,,,,,,26,,,,,B03,,,1,,2,,,26,26,1,22,,B03,120.624108,24.152316,3
2022,4,30,13,50,臺中市,北屯區,0,0,0,8,,,40,,,,,,,,,,,,,,,6,,,,,B03,,,1,,1,,,6,6,1,21,,B03,120.680211,24.178052,3
2022,4,30,13,50,臺中市,大肚區,0,1,0,8,1,5,50,11,9,1,5,4,5,7,4,4,4,5,5,1,18,13,2,8,1,1,C03,7,9,1,10,2,12,,13,13,1,5,4,C03,120.549769,24.157635,2
2022,4,30,13,52,臺中市,西屯區,0,0,0,8,,,50,,,,,,,,,,,,,,,9,,,,,B01,,,1,,1,,,9,9,1,4,,B01,120.643418,24.163721,3
2022,4,30,13,54,臺中市,豐原區,0,0,0,8,,,50,,,,,,,,,,,,,,,23,,,,,B03,,,1,,2,,,23,23,1,22,,B03,120.724264,24.24536,3
2022,4,30,13,55,臺中市,梧棲區,0,0,0,8,,,50,,,,,,,,,,,,,,,23,,,,,B12,,,1,,2,,,23,23,1,9,,B12,120.550573,24.241437,3
2022,4,30,13,55,臺中市,大甲區,0,2,0,8,1,5,50,14,9,1,5,4,5,7,4,4,5,4,5,1,16,10,2,9,1,1,C03,7,11,1,10,2,12,,10,10,1,19,8,C03,120.623858,24.34723,2
2022,4,30,14,0,臺中市,北區,0,2,0,8,1,5,50,4,1,1,5,4,5,7,1,1,10,5,5,2,16,6,3,10,1,1,C03,7,5,4,11,2,13,,6,6,1,22,9,C03,120.666318,24.159226,2
2022,4,30,14,3,臺中市,北屯區,0,1,0,8,1,5,50,5,1,1,5,4,5,7,2,1,10,5,5,2,16,26,3,10,1,1,B03,7,6,1,8,2,6,,26,26,1,5,8,B03,120.686705,24.187973,2
2022,4,30,14,6,臺中市,霧峰區,0,1,0,8,1,5,50,4,1,1,5,4,5,7,3,1,9,5,5,2,16,8,3,10,1,1,B12,7,5,1,8,2,8,,8,8,1,22,8,B12,120.695566,24.061121,2
2022,4,30,14,10,臺中市,西屯區,0,0,0,8,,,40,,,,,,,,,,,,,,,19,,,,,B03,,,1,,1,,,19,19,1,12,,B03,120.634178,24.204291,3
2022,4,30,14,10,臺中市,清水區,0,0,0,8,,,50,,,,,,,,,,,,,,,12,,,,,B03,,,1,,2,,,12,12,1,21,,B03,120.574948,24.272106,3
2022,4,30,14,12,臺中市,西區,0,1,0,8,1,5,50,3,1,1,5,4,5,7,4,4,10,5,5,2,12,6,3,10,1,1,B03,7,6,1,8,2,2,,6,6,1,22,9,B03,120.656257,24.140026,2
2022,4,30,14,14,臺中市,大里區,0,0,0,8,,,40,,,,,,,,,,,,,,,12,,,,,B02,,,1,,1,,,12,12,1,5,,B02,120.677798,24.10443,3
2022,4,30,14,25,臺中市,北屯區,0,1,0,8,1,5,30,4,1,1,5,4,5,7,4,4,10,5,5,2,15,6,3,10,1,1,B11,7,9,1,8,2,5,,6,6,1,22,8,B11,120.680536,24.180633,2
2022,4,30,14,26,臺中市,豐原區,0,0,0,,,,50,,,,,,,,,,,,,,,23,,,,,B03,,,1,,2,,,23,23,1,22,,B03,120.728516,24.256708,3
2022,4,30,14,40,臺中市,北屯區,0,0,0,8,,,50,,,,,,,,,,,,,,,26,,,,,C03,,,1,,1,,,26,26,1,22,,C03,120.690382,24.176897,3
2022,4,30,14,41,臺中市,西區,0,1,0,8,1,5,40,3,8,1,5,4,5,7,4,4,10,5,5,2,18,23,2,9,1,1,C03,7,15,1,10,2,15,,23,23,1,22,8,C03,120.661587,24.155869,2
2022,4,30,14,45,臺中市,大里區,0,1,0,8,1,5,50,4,1,1,5,4,5,7,1,1,9,5,4,1,16,9,3,10,1,1,B02,7,6,1,8,2,5,,9,9,1,22,8,B02,120.706513,24.095395,2
2022,4,30,14,58,臺中市,龍井區,0,2,0,8,1,5,50,14,9,1,5,4,5,7,4,4,9,5,5,1,3,23,2,9,1,1,C03,7,9,1,10,2,15,14,23,23,1,22,8,C03,120.59168,24.17981,2
2022,4,30,15,10,臺中市,西區,0,0,0,8,,,50,,,,,,,,,,,,,,,23,,,,,B01,,,1,2,1,,,23,23,1,10,,B01,120.655489,24.151027,3
2022,4,30,15,10,臺中市,西屯區,0,0,0,8,,,50,,,,,,,,,,,,,,,23,,,,,B03,,,6,,2,,,23,23,1,22,,B03,120.649546,24.163036,3
2022,4,30,15,12,臺中市,東區,0,0,0,8,,,50,,,,,,,,,,,,,,,14,,,,,B03,,,1,,2,,,14,14,1,22,,B03,120.687383,24.140186,3
2022,4,30,15,14,臺中市,西屯區,0,0,0,8,,,50,,,,,,,,,,,,,,,23,,,,,B03,,,1,,2,,,23,23,1,22,,B03,120.63949,24.179885,3
2022,4,30,15,15,臺中市,南屯區,0,1,0,8,1,5,50,4,1,1,5,4,5,7,2,1,10,5,5,2,16,7,2,8,1,4,C03,7,7,1,10,2,14,,7,7,1,19,8,C03,120.646293,24.129517,2
2022,4,30,15,18,臺中市,豐原區,0,0,0,8,,,50,,,,,,,,,,,,,,,23,,,,,B12,,,1,,2,,,23,23,1,22,,B12,120.71882,24.251677,3
2022,4,30,15,21,臺中市,烏日區,0,1,0,8,1,5,50,14,9,1,5,4,5,7,4,4,5,4,5,2,17,6,3,10,1,1,C03,7,5,1,10,2,15,,6,6,1,21,8,C03,120.624669,24.105461,2
2022,4,30,15,27,臺中市,西區,0,0,0,8,1,5,50,4,2,1,5,4,5,7,1,1,5,4,4,2,13,23,,,,,B03,,,1,,1,,,23,23,1,22,,B03,120.672715,24.131593,3
2022,4,30,15,30,臺中市,西屯區,0,0,0,8,,,50,,,,,,,,,,,,,,,23,,,,,B03,,,1,,2,,,23,23,1,22,,B03,120.61559,24.18432,3
2022,4,30,15,39,臺中市,新社區,0,0,0,8,1,5,50,14,9,1,5,4,5,7,4,1,5,5,5,1,13,42,3,10,3,4,B03,7,9,1,8,2,1,,42,42,1,22,8,B03,120.81171,24.190132,3
2022,4,30,15,40,臺中市,梧棲區,0,1,0,8,1,5,40,3,2,1,5,4,5,7,4,4,1,4,3,2,16,6,3,10,1,1,B03,7,6,1,8,2,5,,6,6,1,9,8,B03,120.512457,24.226243,2
2022,4,30,15,41,臺中市,西屯區,0,1,0,8,1,5,40,14,8,1,5,4,5,7,4,4,1,4,1,1,13,16,2,1,1,4,C03,7,9,1,10,11,11,,16,16,1,4,8,C03,120.650295,24.162607,2
2022,4,30,15,45,臺中市,大里區,0,1,0,8,1,5,50,3,2,1,5,4,5,7,4,4,1,4,4,1,17,7,3,10,3,4,B03,7,8,1,8,2,2,,7,7,1,22,8,B03,120.697068,24.084797,2
2022,4,30,15,45,臺中市,神岡區,0,1,0,8,1,5,50,14,7,1,5,4,5,7,4,4,5,5,4,2,16,26,3,10,1,1,B03,7,9,1,8,2,8,,26,26,1,22,9,B03,120.656711,24.251348,2
2022,4,30,15,52,臺中市,霧峰區,0,1,0,8,1,5,30,4,1,1,5,4,5,7,4,4,10,5,5,2,16,9,3,10,1,1,B03,7,6,1,8,2,8,,9,9,1,22,8,B03,120.68564,24.055883,2
2022,4,30,15,55,臺中市,北屯區,0,0,0,8,,,30,,,,,,,,,,,,,,,12,,,,,B03,,,1,,1,,,12,12,1,5,,B03,120.672208,24.176424,3
2022,4,30,16,2,臺中市,南屯區,0,0,0,8,,,30,,,,,,,,,,,,,,,6,,,,,B12,,,1,,2,,,6,6,1,22,,B12,120.635955,24.137469,3
2022,4,30,16,5,臺中市,梧棲區,0,0,0,8,,,50,,,,,,,,,,,,,,,12,,,,,B12,,,1,,2,,,12,12,1,9,,B12,120.532969,24.247873,3
2022,4,30,16,9,臺中市,南屯區,0,0,0,8,,,50,,,,,,,,,,,,,,,16,,,,,B03,,,1,,1,,,16,16,1,9,,B03,120.63954,24.14186,3
2022,4,30,16,13,臺中市,龍井區,0,0,0,8,,,90,,,,,,,,,,,,,,,42,,,,,A11,,,1,,1,,,42,42,1,12,,A11,120.503908,24.191636,3
2022,4,30,16,14,臺中市,東區,0,1,0,8,1,5,50,4,1,1,5,4,5,7,1,1,10,5,5,2,9,23,2,9,1,1,C03,7,9,1,10,2,11,,23,23,1,5,8,C03,120.697315,24.147998,2
2022,4,30,16,15,臺中市,中區,0,1,0,8,1,5,50,14,9,1,5,4,5,7,4,4,5,4,5,2,13,23,2,9,3,4,C03,7,9,1,10,2,11,,23,23,1,22,5,C03,120.679005,24.142882,2
2022,4,30,16,16,臺中市,龍井區,0,1,0,8,1,5,30,3,1,1,5,4,5,7,4,4,10,5,5,2,4,23,2,9,2,1,C03,7,9,1,10,2,12,,23,23,1,22,8,C03,120.57786,24.181031,2
2022,4,30,16,16,臺中市,梧棲區,0,1,0,8,1,5,50,3,1,1,5,4,5,7,4,4,5,5,5,1,16,6,3,10,1,1,B03,7,6,1,8,2,6,,6,6,1,9,8,B03,120.53858,24.247585,2
2022,4,30,16,29,臺中市,北屯區,0,1,0,8,1,8,50,14,8,1,5,4,5,7,4,4,5,5,4,2,17,23,2,9,1,1,C03,7,9,1,10,2,11,,23,23,1,21,8,C03,120.672275,24.17712,2
2022,4,30,16,30,臺中市,太平區,0,0,0,8,,,50,,,,,,,,,,,,,,,23,,,,,A02,,,1,,2,,,23,23,1,21,,A02,120.718297,24.116608,3
2022,4,30,16,32,臺中市,神岡區,0,4,0,8,1,5,60,14,9,1,5,4,5,7,4,4,1,4,4,1,17,7,2,2,1,1,B03,7,7,1,8,2,3,,7,7,1,22,8,B03,120.69744,24.234335,2
2022,4,30,16,35,臺中市,北區,0,0,0,,,,50,,,,,,,,,,,,,,,23,,,,,B03,,,1,,1,,,23,23,1,5,,B03,120.675064,24.163239,3
2022,4,30,16,42,臺中市,西屯區,0,0,0,8,,,50,,,,,,,,,,,,,,,23,,,,,C03,,,1,,1,,,23,23,1,22,,C03,120.644633,24.194326,3
2022,4,30,16,45,臺中市,清水區,0,1,0,8,1,5,60,3,2,1,5,4,5,7,4,4,1,4,5,1,16,17,3,10,3,4,B03,7,6,1,8,2,2,,17,17,1,22,8,B03,120.550047,24.286483,2
2022,4,30,16,49,臺中市,南屯區,0,1,0,8,1,5,50,3,7,1,5,4,5,7,3,1,10,5,4,2,17,43,2,9,1,4,C03,7,9,1,10,2,14,,43,43,1,22,8,C03,120.65315,24.156017,2
2022,4,30,16,52,臺中市,大里區,0,1,0,8,1,5,50,3,1,1,5,4,5,7,3,1,5,5,5,1,12,26,3,10,1,1,B03,7,4,1,8,2,2,,26,26,1,5,8,B03,120.700306,24.109636,2
2022,4,30,16,53,臺中市,西屯區,0,0,0,8,,,50,,,,,,,,,,,,,,,42,,,,,B03,,,1,,11,,,42,42,1,22,,B03,120.612961,24.191174,3
2022,4,30,16,56,臺中市,南屯區,0,3,0,8,1,5,50,3,1,4,5,4,5,7,4,4,10,5,5,2,16,6,2,8,1,4,C03,7,5,1,10,2,11,,6,6,1,19,8,C03,120.640897,24.138323,2
2022,4,30,16,57,臺中市,霧峰區,0,0,0,8,,,60,,,,,,,,,,,,,,,23,,,,,F03,,,8,,2,,,23,23,1,22,,F03,120.696206,24.05536,3
2022,4,30,17,0,臺中市,大里區,0,1,0,8,1,5,50,14,9,1,5,4,5,7,4,4,10,5,5,2,16,6,2,9,1,1,C03,7,9,1,10,2,11,,6,6,1,22,8,C03,120.700008,24.108925,2
2022,4,30,17,0,臺中市,大甲區,0,1,0,8,1,5,50,4,1,1,5,4,5,7,4,4,10,5,5,2,15,6,3,10,1,1,B03,7,9,3,18,2,1,,6,6,1,4,1,B03,120.644508,24.385391,2
2022,4,30,17,0,臺中市,大甲區,0,1,0,8,1,5,50,14,9,1,5,4,5,7,4,4,9,5,4,2,12,9,3,10,1,1,B03,7,6,1,8,2,2,,9,9,1,4,1,B03,120.625121,24.34308,2
2022,4,30,17,0,臺中市,神岡區,0,0,0,8,,,30,,,,,,,,,,,,,,,19,,,,,B12,,,1,,1,,,19,19,1,22,,B12,120.698585,24.249506,3
2022,4,30,17,12,臺中市,大里區,0,0,0,8,,,25,,,,,,,,,,,,,,,42,,,,,C03,,,1,,2,,,42,42,1,10,,C03,120.698833,24.110438,3
2022,4,30,17,13,臺中市,梧棲區,0,1,0,8,1,5,50,4,1,1,5,4,5,7,1,1,8,3,4,1,13,23,3,10,1,1,C03,7,9,1,10,2,11,,23,23,1,21,8,C03,120.545364,24.255341,2
2022,4,30,17,17,臺中市,南屯區,0,0,0,8,,,50,,,,,,,,,,,,,,,18,,,,,B03,,,1,,1,,,18,18,1,22,,B03,120.633501,24.137241,3
2022,4,30,17,18,臺中市,北區,0,0,0,8,,,50,,,,,,,,,,,,,,,19,,,,,B03,,,1,,1,,,19,19,1,5,,B03,120.684034,24.153148,3
2022,4,30,17,24,臺中市,豐原區,0,3,0,8,1,5,40,4,7,1,5,4,5,7,4,4,10,4,5,1,17,16,2,9,1,1,C03,7,9,1,10,2,11,,16,16,1,18,8,C03,120.724084,24.222605,2
2022,4,30,17,28,臺中市,大里區,0,1,0,8,1,5,30,3,1,1,5,4,5,7,4,4,10,5,5,1,16,23,3,10,1,1,B03,7,5,1,8,2,1,,23,23,1,22,8,B03,120.705256,24.087685,2
2022,4,30,17,31,臺中市,中區,0,0,0,8,,,50,,,,,,,,,,,,,,,12,,,,,B12,,,6,,9,,,12,12,2,22,,B12,120.683145,24.138271,3
2022,4,30,17,44,臺中市,北屯區,0,1,0,8,2,5,30,4,1,1,5,4,5,7,4,4,10,5,5,2,16,6,2,9,3,4,C03,7,9,1,10,2,12,,6,6,1,21,8,C03,120.668406,24.17971,2
2022,4,30,17,47,臺中市,北區,0,1,0,8,1,5,50,3,1,1,5,4,5,7,1,1,10,5,5,2,12,7,2,8,1,1,C03,7,7,1,10,2,14,,7,7,1,5,5,C03,120.694609,24.153762,2
2022,4,30,17,50,臺中市,西屯區,0,0,0,,,,30,,,,,,,,,,,,,,,12,,,,,B03,,,6,,1,,,12,12,1,22,,B03,120.644755,24.194191,3
2022,4,30,17,52,臺中市,龍井區,0,0,0,8,,,30,,,,,,,,,,,,,,,12,,,,,B03,,,1,,2,,,12,12,1,22,,B03,120.58877,24.18773,3
2022,4,30,17,52,臺中市,清水區,0,1,0,8,1,5,50,4,1,1,5,4,5,7,1,1,10,5,5,1,3,15,3,10,3,4,B03,7,5,1,8,2,1,,15,15,1,22,8,B03,120.575974,24.270123,2
2022,4,30,17,56,臺中市,西屯區,0,0,0,8,,,40,,,,,,,,,,,,,,,43,,,,,B03,,,1,,2,,,43,43,1,22,,B03,120.646454,24.164454,3
2022,4,30,17,57,臺中市,北屯區,0,2,0,8,3,5,50,4,1,1,5,4,5,7,4,4,10,5,5,2,16,10,3,10,1,1,B01,7,11,1,8,2,8,,10,10,1,22,4,B01,120.66865,24.175812,2
2022,4,30,17,59,臺中市,太平區,0,1,0,8,1,5,50,3,2,1,5,4,5,7,4,4,5,5,5,1,18,23,2,9,1,1,C03,7,9,1,10,2,14,,23,23,1,18,5,C03,120.731522,24.139827,2
2022,4,30,18,11,臺中市,西區,0,0,0,,,,50,,,,,,,,,,,,,,,26,,,,,B03,,,1,,9,,,26,26,1,5,,B03,120.666736,24.141067,3
2022,4,30,18,11,臺中市,東區,0,0,0,8,,,30,,,,,,,,,,,,,,,12,,,,,B03,,,1,8,2,,,12,12,1,21,,B03,120.696016,24.137484,3
2022,4,30,18,12,臺中市,西區,0,2,0,8,1,5,50,5,1,1,5,4,5,7,4,4,10,5,5,2,15,6,2,7,1,1,C03,7,9,1,10,2,11,,6,6,1,4,8,C03,120.671227,24.146894,2
2022,4,30,18,17,臺中市,豐原區,0,2,0,8,1,5,60,4,2,1,5,4,5,7,1,1,3,3,3,1,17,25,2,8,3,4,F03,7,9,8,20,2,15,,25,25,1,22,8,F03,120.712866,24.262199,2
2022,4,30,18,20,臺中市,西屯區,0,0,0,8,,,40,,,,,,,,,,,,,,,12,,,,,B12,,,1,,2,,,12,12,1,4,,B12,120.656141,24.172088,3
2022,4,30,18,28,臺中市,大雅區,0,1,0,8,1,5,30,4,1,1,5,4,5,7,3,1,10,5,5,1,15,6,3,10,1,1,B03,7,9,1,8,2,4,,6,6,1,22,9,B03,120.667265,24.239446,2
2022,4,30,18,35,臺中市,太平區,0,0,0,8,,,50,,,,,,,,,,,,,,,3,,,,,C03,,,1,,1,,,3,3,1,15,,C03,120.708407,24.12819,3
2022,4,30,18,39,臺中市,豐原區,0,1,0,8,3,5,50,4,1,1,5,4,5,7,1,1,10,5,5,2,16,6,3,10,1,1,B03,7,5,1,8,2,1,,6,6,1,22,8,B03,120.72234,24.246243,2
2022,4,30,18,45,臺中市,南屯區,0,3,0,8,2,5,50,4,1,1,5,4,5,7,1,1,1,4,4,2,13,7,2,9,1,1,C03,7,7,1,10,2,13,,7,7,1,22,9,C03,120.622851,24.145083,2
2022,4,30,18,48,臺中市,西區,0,0,0,8,3,5,50,4,2,1,5,4,5,7,1,1,3,4,4,2,13,23,,,,,B03,,,1,,2,,,23,23,1,22,,B03,120.660199,24.157945,3
2022,4,30,18,48,臺中市,豐原區,0,0,0,8,,,50,,,,,,,,,,,,,,,23,,,,,B03,,,1,,2,,,23,23,1,21,,B03,120.710535,24.236872,3
2022,4,30,18,52,臺中市,西區,0,0,0,8,,,50,,,,,,,,,,,,,,,23,,,,,B03,,,1,,9,,,23,23,2,22,,B03,120.660403,24.150969,3
2022,4,30,18,52,臺中市,西區,0,0,0,8,,,40,,,,,,,,,,,,,,,23,,,,,B03,,,1,,1,,,23,23,1,22,,B03,120.667307,24.148735,3
2022,4,30,18,56,臺中市,大里區,0,0,0,8,,,50,,,,,,,,,,,,,,,18,,,,,C03,,,1,,2,,,18,18,1,5,,C03,120.68982,24.114861,3
2022,4,30,19,0,臺中市,霧峰區,0,0,0,8,,,40,,,,,,,,,,,,,,,26,,,,,B03,,,1,,2,,,26,26,1,22,,B03,120.662801,24.062048,3
2022,4,30,19,1,臺中市,大肚區,0,1,0,8,3,5,30,3,1,1,5,4,5,7,4,4,10,5,5,2,16,6,2,9,1,1,C03,7,5,1,10,2,11,,6,6,1,12,8,C03,120.545506,24.150173,2
2022,4,30,19,3,臺中市,西屯區,0,0,0,8,,,50,,,,,,,,,,,,,,,42,,,,,B02,,,1,,2,,,42,42,1,22,,B02,120.612808,24.190161,3
2022,4,30,19,3,臺中市,后里區,0,2,0,8,3,5,50,4,1,1,5,4,5,7,1,1,10,5,5,2,16,6,2,1,1,1,B12,7,6,1,8,2,2,,6,6,1,18,8,B12,120.725157,24.321148,2
2022,4,30,19,11,臺中市,西區,0,1,0,8,3,5,50,14,8,1,5,4,5,7,4,4,1,4,4,2,16,42,2,9,3,1,F01,7,9,8,20,1,16,,42,42,1,5,5,F01,120.669371,24.143974,2
2022,4,30,19,15,臺中市,大里區,0,2,0,8,3,5,50,14,12,1,5,4,5,7,1,1,5,5,4,1,17,26,2,9,1,1,C03,7,5,3,18,2,12,,26,26,1,21,8,C03,120.706601,24.09529,2
2022,4,30,19,23,臺中市,北區,0,1,0,8,3,5,50,3,1,1,5,4,5,7,4,4,10,5,5,2,11,4,2,7,1,1,C03,7,9,2,18,5,11,,4,4,1,16,8,C03,120.675338,24.148214,2
2022,4,30,19,25,臺中市,西區,0,3,0,8,3,5,50,4,1,1,5,4,5,7,1,1,10,5,5,2,16,9,2,7,1,1,C03,7,6,1,10,2,12,,9,9,1,4,8,C03,120.653005,24.14776,2
2022,4,30,19,28,臺中市,太平區,0,1,0,8,1,5,30,5,1,1,5,4,5,7,4,4,5,5,5,2,15,6,2,9,1,1,C03,7,9,1,10,2,12,,6,6,1,18,8,C03,120.735265,24.14594,2
2022,4,30,19,31,臺中市,清水區,0,0,0,8,3,5,70,14,7,1,5,4,5,7,1,1,1,4,4,1,13,23,3,10,1,1,B03,7,9,1,8,2,1,,23,23,1,4,8,B03,120.587529,24.291149,3
2022,4,30,19,34,臺中市,西區,0,1,0,8,3,5,50,14,8,1,5,4,5,7,4,4,5,4,4,2,17,13,2,9,1,1,C03,7,9,1,10,2,15,,13,13,1,22,9,C03,120.66854,24.135535,2
2022,4,30,19,36,臺中市,龍井區,0,0,0,8,,,30,,,,,,,,,,,,,,,12,,,,,B03,,,1,,2,,,12,12,1,22,,B03,120.5824,24.180226,3
2022,4,30,19,38,臺中市,太平區,0,0,0,8,,,40,,,,,,,,,,,,,,,16,,,,,C03,,,1,,2,,,16,16,1,4,,C03,120.714551,24.145816,3
2022,4,30,19,40,臺中市,龍井區,0,0,0,8,,,30,,,,,,,,,,,,,,,19,,,,,A12,,,1,,2,,,19,19,1,10,,A12,120.510439,24.205,3
2022,4,30,19,54,臺中市,龍井區,0,0,0,8,,,50,,,,,,,,,,,,,,,8,,,,,C03,,,1,,1,,,8,8,1,22,,C03,120.596616,24.188766,3
2022,4,30,20,0,臺中市,大甲區,0,0,0,8,,,50,,,,,,,,,,,,,,,42,,,,,B12,,,1,,2,,,42,42,1,4,,B12,120.628271,24.345426,3
2022,4,30,20,3,臺中市,大雅區,0,1,0,8,4,5,30,3,1,1,5,4,5,7,4,4,10,5,5,2,16,6,3,10,4,1,F01,7,5,8,20,2,16,,6,6,1,22,9,F01,120.644766,24.22751,2
2022,4,30,20,30,臺中市,大里區,0,0,0,8,,,40,,,,,,,,,,,,,,,17,,,,,B03,,,1,,2,,,17,17,1,22,,B03,120.709523,24.099718,3
2022,4,30,20,40,臺中市,南區,0,0,0,8,3,5,30,14,9,1,5,4,5,7,4,4,10,5,5,2,17,23,3,10,1,1,B03,7,9,1,8,2,7,,23,23,1,5,8,B03,120.682019,24.121754,3
2022,4,30,20,52,臺中市,北屯區,0,1,0,8,1,5,50,3,1,1,5,4,5,7,1,1,10,5,5,2,17,25,3,10,1,1,B03,7,5,1,8,2,15,,25,25,1,21,8,B03,120.698305,24.173143,2
2022,4,30,20,55,臺中市,沙鹿區,0,1,0,8,3,5,40,14,8,1,5,4,5,7,4,4,1,4,4,2,13,23,2,9,1,1,C03,7,9,1,10,2,11,,23,23,1,4,5,C03,120.570635,24.216171,2
2022,4,30,21,2,臺中市,南屯區,0,1,0,8,3,5,30,3,1,1,5,4,5,7,4,4,5,5,5,2,16,6,3,10,1,1,B03,7,6,1,8,2,8,,6,6,1,22,8,B03,120.630296,24.114454,2
2022,4,30,21,28,臺中市,東區,0,1,0,8,3,5,30,3,1,1,5,4,5,7,4,4,10,5,5,2,16,6,3,10,1,1,B03,7,6,1,8,2,8,,6,6,1,21,8,B03,120.686398,24.135849,2
2022,4,30,21,41,臺中市,豐原區,0,1,0,8,3,5,50,3,2,1,5,4,5,7,3,1,5,5,5,2,16,6,3,10,3,4,B03,7,5,1,8,2,1,,6,6,1,22,9,B03,120.722548,24.255756,2
2022,4,30,21,45,臺中市,西屯區,0,0,0,8,,,50,,,,,,,,,,,,,,,16,,,,,B03,,,1,,1,,,16,16,1,22,,B03,120.646625,24.164731,3
2022,4,30,21,50,臺中市,西區,0,0,0,8,1,5,50,4,2,1,5,4,5,7,1,1,5,4,5,2,12,23,,,,,B01,,,1,,1,,,23,23,1,22,,B01,120.661673,24.150865,3
2022,4,30,21,52,臺中市,烏日區,0,0,0,8,,,40,,,,,,,,,,,,,,,23,,,,,B01,,,1,,2,,,23,23,1,10,,B01,120.618724,24.115942,3
2022,4,30,21,55,臺中市,南屯區,0,1,0,8,3,5,30,4,1,1,5,4,5,7,4,4,5,5,5,2,15,6,3,10,1,1,B03,7,9,1,8,2,2,,6,6,1,22,8,B03,120.642615,24.145497,2
2022,4,30,22,22,臺中市,南屯區,0,0,0,8,,,40,,,,,,,,,,,,,,,8,,,,,C03,,,1,,1,,,8,8,1,22,,C03,120.612721,24.138539,3
2022,4,30,22,27,臺中市,南屯區,0,1,0,8,3,5,50,4,1,1,5,4,5,7,1,1,5,4,4,2,16,6,3,10,1,1,B03,7,6,1,8,2,2,,6,6,1,22,8,B03,120.647748,24.150788,2
2022,4,30,22,46,臺中市,南屯區,0,1,0,8,3,5,40,4,2,1,5,4,5,7,1,1,5,4,4,2,16,26,3,10,1,1,B03,7,11,1,8,2,4,,26,26,1,22,8,B03,120.627494,24.11778,2
2022,4,30,23,5,臺中市,后里區,0,0,0,,,,50,,,,,,,,,,,,,,,23,,,,,B03,,,1,,1,,,23,23,1,20,,B03,120.71912,24.302826,3
2022,4,30,23,56,臺中市,北屯區,0,0,0,8,,,50,,,,,,,,,,,,,,,23,,,,,B03,,,6,,2,,,23,23,1,21,,B03,120.671101,24.174193,3
2022,4,30,23,57,臺中市,南屯區,0,3,0,8,3,5,40,4,2,1,5,4,5,7,1,1,5,4,4,2,17,7,3,10,1,1,B03,7,7,1,8,2,15,,7,7,1,22,8,B03,120.650589,24.153606,2